channel_id,replies,comments,comment_frac
3170632952,3012,2195,0.7287516600265604
1750877002,377,345,0.9151193633952255
1491338335,112,5,0.044642857142857144
1496673092,195103,28271,0.1449029486988924
1187673834,1528,1409,0.9221204188481675
1208302831,921,880,0.9554831704668838
1780130972,80,30,0.375
1587501566,8979,1206,0.13431339792849983
1728809167,3547,3431,0.9672963067380885
1137048887,1447,339,0.23427781617138907
2125861283,811,806,0.9938347718865598
1454483401,3483,774,0.2222222222222222
1315803692,9649,8610,0.8923204477147891
1270567127,66410,60596,0.91245294383376
2039937664,4663,3841,0.8237186360711988
1265119898,69663,56134,0.8057936063620573
1052132469,38140,164,0.004299947561615103
1227465926,8039,7613,0.9470083343699465
1791773172,2995,1743,0.5819699499165275
2193818003,192,189,0.984375
1330070238,3520,3093,0.8786931818181818
1459779157,8435,6609,0.7835210432720806
1419613545,415236,41448,0.09981793486113921
1328549080,226,127,0.5619469026548672
1591251859,236,186,0.788135593220339
2422990069,50795,16118,0.3173146963283788
1434592378,94454,80800,0.8554428610752324
1164727407,8414,8018,0.9529355835512241
3672740586,875,840,0.96
1479844287,2275,1732,0.7613186813186813
1416838245,4556,1366,0.29982440737489024
1447994585,24095,23803,0.9878813031749326
1462170484,54,51,0.9444444444444444
2645117410,139,108,0.7769784172661871
1932873424,2896,2814,0.9716850828729282
1029947385,272952,41149,0.1507554441806618
1153645547,8827,8251,0.9347456667044296
2541200597,31369,3578,0.11406165322452103
2107497113,663,467,0.7043740573152338
1737308822,17035,16307,0.9572644555327268
1246976312,185480,150673,0.8123409532025017
1376797974,18988,10925,0.5753633874025701
1359326316,3474,3037,0.8742084052964882
1500107755,3138,2770,0.882727852135118
1291217182,26,26,1.0
1632833281,146,102,0.6986301369863014
1246558072,889,814,0.9156355455568054
1161991032,13905,5118,0.3680690399137001
1719527644,955,619,0.6481675392670158
1337387305,577406,490035,0.8486835952518679
1254501844,227,117,0.5154185022026432
1522898798,146735,28583,0.19479333492350154
1620181677,14974,9479,0.6330305863496728
1474737096,334976,305055,0.91067718284295
1420750908,6709,6251,0.9317334923237443
1394417579,203717,191562,0.9403338945694272
1210792848,86373,70896,0.8208120593240943
2091225916,26,11,0.4230769230769231
1206439552,5281,814,0.15413747396326452
1378885186,7785,5665,0.7276814386640976
1386877597,164,36,0.21951219512195122
1580481822,3699,2687,0.7264125439307921
1345911870,8581,664,0.07738025871110593
1481333132,164824,80299,0.48718026500995
1654179762,8547,0,0.0
1418357658,939,859,0.9148029818956337
1380005547,531147,152125,0.28640847072467696
1120678653,132434,3202,0.02417808115740671
1440326059,13270,12283,0.925621703089676
1431589291,1045,995,0.9521531100478469
1428518902,321343,201196,0.6261097954522115
1780368180,381,380,0.9973753280839895
1546253105,26564,25028,0.9421773829242583
1195628970,11905,1558,0.13086938261234776
1762210143,9466,9138,0.9653496725121488
1132153762,1457,1348,0.9251887439945092
1735622766,280,193,0.6892857142857143
1213211457,16423,8628,0.525360774523534
1756371936,602,508,0.8438538205980066
1737106640,2043,793,0.38815467449828683
3067805642,267,261,0.9775280898876404
1509631534,6461,6367,0.9854511685497601
1604733538,411274,58923,0.1432694505366252
2713778987,70,70,1.0
1580953435,48387,22045,0.45559757786182237
1434518323,151871,44175,0.290871858353471
1300563218,20,16,0.8
1886701949,47,40,0.851063829787234
1219256352,10231,2425,0.23702472876551656
2830377129,728,674,0.9258241758241759
1294936467,33879,24623,0.7267924082765135
1391532340,77994,74945,0.9609072492755854
1915605342,16,16,1.0
1213858882,71362,36211,0.5074269218912026
1354645685,24780,201,0.00811138014527845
1457746557,5313,3784,0.7122153209109731
1391535873,58402,27232,0.4662854011848909
1716786227,240,214,0.8916666666666667
1420634070,191571,9541,0.04980398912152675
2924949720,2606,2399,0.9205679201841903
1236543496,26463,24853,0.9391603370744058
2373859083,135,127,0.9407407407407408
1440787829,5912,4890,0.8271312584573748
1323728914,15149,14760,0.9743217374084098
1373511996,28529,2206,0.07732482736864243
1432165164,40765,39146,0.960284557831473
1473319840,243992,12248,0.050198367159579003
1575526519,50,47,0.94
1158791440,26320,7934,0.30144376899696046
1487119454,285395,255086,0.8937998213003031
1636064535,757,550,0.726552179656539
1706731917,5363,3606,0.6723848592205854
2855493317,163,57,0.3496932515337423
1376130711,4622,4591,0.9932929467762873
1673337913,121,100,0.8264462809917356
1573409605,6439,4313,0.669824506911011
1436406288,62240,39510,0.6348007712082262
1569267902,1943,895,0.46062789500772
1525607654,3631,2731,0.7521343982374001
1555517376,25945,13981,0.5388706879938331
2021669147,49,37,0.7551020408163265
1435428568,38427,6361,0.16553465011580398
1493038125,338420,11493,0.033960758820400685
1652238944,20290,18243,0.8991128634795466
1436738547,6461,6374,0.986534592168395
1538713651,329,272,0.8267477203647416
1532546338,15983,546,0.034161296377400986
3175039980,247,230,0.9311740890688259
1355464271,2083,1153,0.5535285645703313
1455772873,7354,6779,0.9218112591786782
1327426782,8536,8519,0.998008434864105
1423110174,13402,6453,0.48149529920907325
1228882357,3280,3225,0.9832317073170732
1411847004,366,358,0.9781420765027322
1488251885,8923,7668,0.8593522357951362
1580902277,35886,31584,0.880120381207156
1398207210,357,125,0.35014005602240894
1464608267,238,142,0.5966386554621849
1980784923,2315,2245,0.9697624190064795
1637426111,32530,29183,0.8971103596679988
2351660354,12873,7923,0.6154742484269401
1312743497,245,184,0.7510204081632653
1799536547,339,294,0.8672566371681416
1473554923,7971,679,0.08518379124325681
1358171044,4967,2056,0.41393195087578016
1239587328,356941,88949,0.2491980467360152
3987371772,51,37,0.7254901960784313
1436489260,20239,12201,0.6028459904145461
1277357837,53341,48837,0.9155621379426707
1205462751,197,181,0.9187817258883249
1329819782,1013,746,0.736426456071076
1397174314,229,220,0.9606986899563319
1258094170,625,343,0.5488
3661809125,5056,1258,0.2488132911392405
1607896681,623,510,0.8186195826645265
1155104137,2036,348,0.17092337917485265
1484519707,8487,8250,0.9720749381406858
2229119390,1516,1484,0.978891820580475
1404989356,13612,2666,0.19585659712018808
3180971923,12525,10970,0.8758483033932136
2304921008,1581,1532,0.9690069576217584
1240760851,108922,45252,0.415453260131103
1833080048,17695,17639,0.9968352641989262
2634838189,142,131,0.9225352112676056
1729023669,13350,11274,0.844494382022472
1490625570,13106,13081,0.9980924767282161
1596829221,3182,2712,0.852294154619736
2104080366,15,11,0.7333333333333333
1215449896,698,64,0.09169054441260745
1536225243,12,11,0.9166666666666666
1550732887,16267,9267,0.5696809491608779
1464644635,2860,1260,0.4405594405594406
1699537085,131,99,0.7557251908396947
1429770534,68247,15309,0.2243175524198866
1187085703,13723,10762,0.7842308533119581
1195406200,412,322,0.7815533980582524
1215971776,1683,957,0.5686274509803921
1404247296,20,9,0.45
2140275044,1421,997,0.7016185784658691
1193097749,193,3,0.015544041450777202
1808616979,46242,18767,0.40584317287314564
1207118407,13841,11317,0.8176432338703851
1387784029,6029,988,0.16387460607065849
1188664358,4242,2093,0.4933993399339934
1304237683,431,331,0.7679814385150812
2215343733,4565,2593,0.5680175246440307
1210759269,48101,44428,0.9236398411675433
1446622048,8457,5319,0.628946434905995
1394926411,3283,2252,0.6859579652756626
1319669272,172135,1490,0.008655996746739478
1538116765,57863,57135,0.9874185576274994
1126608623,289160,145019,0.5015181906211095
1377048241,1438,1372,0.9541029207232267
1792340922,6685,5730,0.8571428571428571
2063468088,244,227,0.930327868852459
1572565564,7293,4480,0.6142876731112025
1121774585,369,323,0.8753387533875339
1612743882,16127,14491,0.8985552179574626
1368749532,3817,3162,0.8283992664396123
1530459521,592,342,0.5777027027027027
1458404931,16436,6814,0.41457775614504744
1491666359,136188,44412,0.326108027138955
1265974136,7588,7396,0.9746968898260411
1171380989,105776,94131,0.8899088640145213
1214975150,143,67,0.46853146853146854
1388495761,1294,517,0.3995363214837713
1544840999,42932,38401,0.8944610081058418
1778456575,2206,1892,0.85766092475068
1298615298,72,64,0.8888888888888888
1380943507,346,288,0.8323699421965318
2177324814,1300,1273,0.9792307692307692
1831137870,25,25,1.0
1770041098,20652,16,0.0007747433662599264
1503942059,396590,279343,0.7043621876497138
1458685701,44117,18303,0.41487408481991067
2373964861,74,70,0.9459459459459459
1404744083,1997,1562,0.7821732598898348
1770301287,636,609,0.9575471698113207
1475331100,863858,444470,0.5145174322631729
1975468947,4994,4853,0.9717661193432119
1273265391,7961,7392,0.9285265670141942
1744158959,16956,15027,0.8862349610757254
1472661045,161,152,0.9440993788819876
1598488562,16483,15943,0.9672389734878359
1323018834,5332,719,0.13484621155288823
1425819900,20071,17170,0.855463105973793
1896343307,3046,2995,0.9832567301378857
1904441781,228,203,0.8903508771929824
1282461508,4282,2811,0.6564689397477814
1166860726,9813,9389,0.9567920105981861
1506178347,3587,2413,0.6727069974909395
1324927429,25576,25322,0.9900688145136065
1848452561,923544,370112,0.4007518862122433
1518879572,4716,4085,0.8662001696352841
1418774475,1020,931,0.9127450980392157
1837700809,11389,11284,0.990780577750461
1573401838,385408,302480,0.7848306210561276
1327157798,2088,1246,0.5967432950191571
1309739459,1998,1962,0.9819819819819819
1506362195,1093,978,0.8947849954254345
3413565737,2711,2282,0.8417558096643305
1329123448,958,937,0.9780793319415448
1295321047,18742,12873,0.6868530573044499
1484099657,3514,1764,0.50199203187251
3544694251,27,22,0.8148148148148148
1424254898,687,661,0.9621542940320232
1277958728,29,9,0.3103448275862069
1721133908,683,372,0.5446559297218155
1263557777,12981,9,0.0006933210076265311
1461599064,321,286,0.8909657320872274
1627526047,431432,16737,0.03879406256374122
1449931439,16900,9286,0.5494674556213017
1473728611,6802,4526,0.6653925316083504
1525039360,158490,153615,0.9692409615748627
1369362061,9575,9473,0.9893472584856396
1393054255,2268,1678,0.7398589065255732
1306471778,80069,78363,0.9786933769623699
1158110969,266461,43706,0.16402400351270918
1324343921,3419,3396,0.9932728868090085
1736042205,9774,2813,0.2878043789646
1462870817,309146,32527,0.10521565862084581
1383426251,41,7,0.17073170731707318
1416047775,9621,9095,0.945327928489762
1558379306,2304,2000,0.8680555555555556
1442811579,28464,23017,0.8086354693648117
2967326858,3104,1974,0.6359536082474226
2627230796,459640,395941,0.8614154555739274
2314537613,780,766,0.982051282051282
1646615931,70264,38900,0.5536263235796425
1410376219,1390,1045,0.7517985611510791
1522175848,1571,1230,0.7829408020369192
1946868850,5612,4526,0.8064861012116893
1291433380,800,639,0.79875
3627561866,3,3,1.0
1381078975,131316,65733,0.5005711413689117
2125320912,3,3,1.0
1587361479,1414,1229,0.8691654879773691
1395563401,5873,5133,0.8739996594585391
1575920983,1126,1044,0.9271758436944938
3524767747,30,11,0.36666666666666664
1778299502,4219,3965,0.9397961602275421
1903307067,6825,6791,0.9950183150183151
1220407027,3387,1302,0.38441098317094774
1484770217,21488,12477,0.5806496649292628
1256812502,382246,367385,0.9611218953239536
1312045162,32505,30229,0.9299800030764498
1930014004,5444,5326,0.9783247612049963
1696111827,6337,1889,0.29809057913839354
1173212854,1237,924,0.7469684721099434
1321174668,22504,11064,0.49164592961251335
1182077282,2531,2265,0.8949032003160806
1205780522,10519,2871,0.27293468960927847
1557486801,2402,2100,0.8742714404662781
1416204830,1396,1259,0.9018624641833811
2111462522,5138,3061,0.5957571039314908
2492580020,46,46,1.0
1679205140,423769,388515,0.9168084498866128
1203210577,36,13,0.3611111111111111
1630482302,13578,12276,0.9041095890410958
1331062418,2532,1584,0.6255924170616114
1638837257,4219,1351,0.32021806115193174
1314889566,2014,1597,0.7929493545183715
1219275368,1309,201,0.15355233002291827
1134707392,11112,4713,0.4241360691144708
1481059285,14451,14022,0.9703134731160473
1536726357,24109,23120,0.9589779750300718
1278325134,3102,883,0.2846550612508059
1354116127,17052,377,0.022108843537414966
2559498432,628,525,0.8359872611464968
1872577702,176,175,0.9943181818181818
2778114617,3187,233,0.07310950737370568
2215878065,5974,5403,0.9044191496484767
1430158745,214,201,0.9392523364485982
1462993748,777,702,0.9034749034749034
1867718599,113,95,0.8407079646017699
1795394768,52298,52213,0.9983746988412558
1544229928,9323,7402,0.7939504451356859
1845759054,795,670,0.8427672955974843
1570586866,5800,4801,0.8277586206896552
1070220376,332226,2864,0.008620637758634182
1688990674,14652,10297,0.7027709527709528
1372089058,146061,115906,0.7935451626375282
1306949028,6715,6522,0.9712583767684289
1510624468,4440,4281,0.9641891891891892
1699623959,136840,101047,0.7384317451037709
1236795175,6411,34,0.005303384807362346
1347842745,275654,60703,0.220214471765329
1426592730,169315,7054,0.04166199096358858
1415356560,442,424,0.9592760180995475
1717362268,197,33,0.16751269035532995
1855488921,22,21,0.9545454545454546
1486487035,9615,8648,0.8994279771190847
1329344462,633,518,0.8183254344391785
1421747835,550400,90186,0.16385537790697674
1459581829,2132,1808,0.8480300187617261
1297222678,39828,39624,0.9948779752937632
1160168779,22713,4476,0.19706775855237088
1786318867,8517,8254,0.9691205823646823
1403618012,13,10,0.7692307692307693
2123529366,1748,1721,0.9845537757437071
1040907232,51869,1792,0.03454857429293027
1698242406,190584,138784,0.7282038366284683
1721601429,9,9,1.0
1302466665,29667,15350,0.5174099167425085
1572672965,187,169,0.9037433155080213
1686988806,1294,735,0.5680061823802164
2764548487,653,487,0.7457886676875957
1575055435,7826,58,0.007411193457705086
1283500454,360,331,0.9194444444444444
1537944463,510,263,0.515686274509804
1354557871,222332,95352,0.4288721371642409
1450200479,83713,1365,0.016305711179864537
1136271146,31246,8575,0.27443512769634515
1735665601,584,560,0.958904109589041
1827646266,170,23,0.13529411764705881
1350510746,5429,5317,0.9793700497329159
1581484029,4192,4020,0.958969465648855
1414194856,681,668,0.9809104258443465
1208773054,2951,1313,0.44493392070484583
1196269189,39270,6135,0.1562261268143621
1756580402,6358,3625,0.5701478452343505
1886904263,34,34,1.0
1755404979,6878,6021,0.8753998255306775
1441371337,11298,7833,0.6933085501858736
1456969173,3219,655,0.20347934141037588
1254034783,2395,520,0.21711899791231734
1321155116,961,676,0.7034339229968782
1327891757,374787,10724,0.02861358585009619
1155081948,2484,2133,0.8586956521739131
1438564189,901513,528801,0.5865705763533082
1473042288,119,55,0.46218487394957986
1264671242,57929,10315,0.17806280101503566
1474433775,777,241,0.31016731016731014
1434492874,1010427,1003296,0.9929425876386914
1312300356,151,151,1.0
1843849263,18722,17042,0.910265997222519
1497990159,5450,5295,0.9715596330275229
1928150708,8642,7601,0.8795417727377922
2439225657,756433,423592,0.55998614550132
1065084619,3656,231,0.06318380743982495
1512246917,478,445,0.9309623430962343
2722697812,102,101,0.9901960784313726
2169720203,548,408,0.7445255474452555
2067309778,64726,63446,0.9802243302536847
1842555032,593,385,0.6492411467116358
2099310700,1495,1495,1.0
1273969312,2135,2050,0.9601873536299765
1162804686,30727,13097,0.4262375109838253
1709482138,118157,86659,0.733422480259316
1193447612,93,93,1.0
1171448252,69735,20528,0.29437154943715493
1762846909,3424,3354,0.9795560747663551
1335338958,47652,28667,0.6015906992361286
1254355386,4732,3898,0.8237531699070161
1449957371,6169,2273,0.3684551791214135
1446513647,1111,1076,0.9684968496849685
1286873153,2527,1097,0.4341115947764147
1957158521,1777,1073,0.6038266741699494
1479516457,3450,3157,0.9150724637681159
1164052904,560,500,0.8928571428571429
1491483114,33746,30578,0.9061222070763942
1192414216,1262,1242,0.9841521394611727
1221088464,78,12,0.15384615384615385
1386097644,15356,14713,0.958127116436572
2086848550,1579,746,0.47245091830272323
1659515804,599,462,0.7712854757929883
1150468336,491,31,0.06313645621181263
1413435000,4846,4763,0.9828724721419727
1773457270,595302,232833,0.3911174496306077
1221442096,1601,318,0.19862585883822612
1764583844,13,8,0.6153846153846154
1110429082,352655,9079,0.025744708000737266
1398168057,63054,16541,0.2623307006692676
1198147989,1409,1242,0.8814762242725337
2036850729,394,266,0.6751269035532995
1185082395,43,13,0.3023255813953488
1473411989,798,782,0.9799498746867168
1733262700,246,232,0.943089430894309
3828897582,149,141,0.9463087248322147
1379292223,60263,7683,0.12749116373230673
1244750790,100,40,0.4
2037999594,2105,2086,0.9909738717339668
1696356741,30,27,0.9
1313050656,15820,8493,0.5368520859671302
1560501355,1033,748,0.7241045498547919
1446291098,178281,34988,0.19625198422714704
1276392422,574849,318805,0.5545891181858192
1388585852,648,578,0.8919753086419753
1339746547,573254,116669,0.2035206034323354
1299207625,168613,151722,0.8998238569979776
1197767279,29144,22641,0.7768665934669229
1384627960,1034,71,0.06866537717601548
1953904413,279,259,0.9283154121863799
1295178402,183,0,0.0
1217447299,923,605,0.6554712892741061
3780649168,28,24,0.8571428571428571
1330522363,29084,27991,0.9624191995598955
1461785777,319722,308580,0.9651509749094526
1788209955,24,12,0.5
1601052674,34790,25916,0.7449267030755964
1203135850,364220,312262,0.8573444621382681
1771676411,91,88,0.967032967032967
1156912787,2310,2087,0.9034632034632034
1371071380,68694,66156,0.9630535417940431
1326046133,34467,25430,0.7378071778802913
1191148126,3143,2685,0.8542793509385938
3508054286,21919,20832,0.9504083215475159
1771086608,657,540,0.821917808219178
1360248143,12473,7703,0.6175739597530666
1353967508,124,99,0.7983870967741935
1296046517,13198,12518,0.948477041976057
1682361100,2433,2250,0.9247842170160296
1561162751,935,894,0.9561497326203209
1408277232,1170,512,0.4376068376068376
3892656176,112066,91720,0.81844627273214
2544746566,40,40,1.0
1141030357,2315,99,0.042764578833693306
1187209493,67459,23274,0.3450095613631984
1288762328,4467,828,0.18535930154466085
2613544552,5684,5679,0.9991203377902885
1402477339,88924,62698,0.7050739957716702
1610475487,223,202,0.905829596412556
1128054541,509,456,0.8958742632612967
1171606643,2813,2699,0.9594738713117668
1417016960,293949,242518,0.8250342746530861
1106713156,3217,2912,0.905191171899285
1743744013,8908,8755,0.982824427480916
1145366654,10592,4,0.00037764350453172205
1425269465,11,9,0.8181818181818182
2757979770,903,897,0.9933554817275747
1755115404,118,16,0.13559322033898305
1555059681,1006,966,0.9602385685884692
1057745158,3060,1395,0.45588235294117646
1331295699,7591,6593,0.8685285206165195
1152170610,4377,3688,0.8425862462874115
1722443278,44,41,0.9318181818181818
1156258832,1773,1198,0.6756909193457417
1237584883,4,4,1.0
1464249602,193,169,0.8756476683937824
1498930716,1968,1826,0.9278455284552846
1773262822,64641,51757,0.8006837765504865
1303780907,8441,7108,0.8420803222367018
1522995585,5221,2770,0.5305497031220073
1585733530,49621,49158,0.9906692730900224
1309315834,281,232,0.8256227758007118
1272981084,1011,948,0.9376854599406528
1384725043,4043,3449,0.8530793964877567
1543593560,13832,11553,0.8352371312897628
1775988146,7817,7718,0.9873352948701548
1309858110,54212,30715,0.566571976684129
1443826441,396,370,0.9343434343434344
2313799213,102,100,0.9803921568627451
1221685829,54858,5510,0.10044113894053738
1362718229,29035,11827,0.40733597382469433
1823919271,22266,15225,0.6837779574238749
1158366539,78,72,0.9230769230769231
1525876372,538,428,0.7955390334572491
1363544757,63180,20830,0.3296929408040519
1599001899,2813,1859,0.6608602915037327
2825371231,416,390,0.9375
1440345491,4689,4099,0.8741735977820431
2485334718,4650,3737,0.8036559139784947
1419232360,3270,2530,0.7737003058103975
1402268673,16638,16,0.0009616540449573266
2388029540,4962,4260,0.8585247883917775
1198713279,80,9,0.1125
1630927206,16597,12900,0.7772489004036874
1891948297,6124,6074,0.9918354016982365
1472528274,2438,1634,0.6702214930270713
1554418482,61279,58123,0.9484978540772532
1489214146,466,415,0.8905579399141631
1332606517,1395,965,0.6917562724014337
1521526259,24,18,0.75
1330611070,39,28,0.717948717948718
1460373555,581965,31298,0.053779866486816215
2100521395,556,541,0.9730215827338129
1229087520,24915,9112,0.36572345976319487
1270585325,84181,64080,0.7612169016761502
1290087916,11,11,1.0
1626553821,543759,447504,0.8229822402939537
1847948480,326,295,0.9049079754601227
1956024396,298,284,0.9530201342281879
1685523853,5860,5574,0.9511945392491468
1433578009,2291,1862,0.8127455259711917
2744199150,14302,14295,0.9995105579639211
1473050110,812250,390012,0.48016251154201295
1583991750,213,213,1.0
2259465640,73460,72254,0.9835829022597332
1987450658,1073,665,0.6197576887232059
1239871904,7528,100,0.013283740701381509
1490073015,1509,508,0.3366467859509609
1410518417,511607,467150,0.9131032218089276
1582127458,8872,2941,0.3314923354373309
1278534694,58,57,0.9827586206896551
1304175137,2727,2511,0.9207920792079208
2056699114,587,554,0.9437819420783645
1263772738,108658,56139,0.5166577702516152
1147342687,704563,687409,0.9756529934157768
1739132367,494,489,0.9898785425101214
1203962338,28,9,0.32142857142857145
1152770921,119517,61759,0.516738204606876
1645986690,4282,3979,0.9292386735170481
1470969406,104,33,0.3173076923076923
1919382639,1976,1939,0.9812753036437247
2620661865,468,460,0.9829059829059829
2006689028,46277,29159,0.6300970244397865
1186752021,12883,12878,0.999611891640146
1741356219,2989,2768,0.9260622281699565
1347149784,632,264,0.4177215189873418
1699968709,72188,68206,0.9448384773092481
2436257484,46,46,1.0
1276375324,4,0,0.0
1176597690,973,886,0.9105858170606372
2131637287,228,124,0.543859649122807
3429720080,970,939,0.9680412371134021
1471600767,6857,384,0.05600116669097273
1460483784,75972,58532,0.7704417416943085
1337977948,4509,4384,0.9722776668884453
1760112116,4125,2948,0.7146666666666667
1373019810,131132,9266,0.07066162340237318
1654583108,126013,95876,0.7608421353352431
3582351392,84,81,0.9642857142857143
1191494704,186697,50759,0.2718790339426986
3671590987,55,55,1.0
2414611745,461,457,0.9913232104121475
1311477679,46438,43847,0.9442051767948663
1361037046,3370,1365,0.4050445103857567
1954503543,914,546,0.5973741794310722
1222491676,9053,2427,0.2680879266541478
1335249106,6554,657,0.10024412572474825
1395562457,413,286,0.6924939467312349
1150779057,312,101,0.32371794871794873
1185121215,2309,919,0.39800779558250327
1789141356,7096,7086,0.9985907553551296
1290492071,133664,125423,0.9383454033995691
1279530653,56193,26896,0.4786361290552204
1157959164,1803,1159,0.6428175263449806
1579528988,74284,25865,0.3481907274783264
1823270391,4120,2882,0.6995145631067962
1779655480,13966,13712,0.9818129743663182
1588819924,94,93,0.9893617021276596
1214760976,4333,4317,0.996307408262174
1534669015,18,18,1.0
1799674549,2161,2057,0.951874132346136
1531025804,218658,61777,0.2825279660474348
1494507283,47799,38220,0.7995983179564427
1757740663,5000,4745,0.949
1442234154,1261,1150,0.9119746233148295
1493837892,1811,1791,0.9889563776918829
1401869856,67702,55127,0.8142595492009098
1729029800,20981,9218,0.43934988799389924
1232454025,10680,8653,0.8102059925093633
1446621664,400,367,0.9175
1205935659,13671,5587,0.4086752980762197
2125791788,1,0,0.0
1346989925,3761,3685,0.9797926083488434
2003196448,23455,21902,0.9337881048816883
1404526053,3392,1301,0.38354952830188677
1392955732,24187,13029,0.5386778021251085
1507985560,24812,21822,0.8794937933258101
1341256078,8947,3653,0.4082932826645803
1461294236,5700,3524,0.6182456140350877
1361238393,16833,12068,0.7169250876254976
2344369318,90,90,1.0
1343550663,134,122,0.9104477611940298
1770766942,1460,371,0.2541095890410959
1184343684,540,292,0.5407407407407407
1395693109,6143,3608,0.5873351782516686
1439661646,28548,3849,0.1348255569567045
1535555494,2843,2606,0.9166373549067885
1202757326,2905,2828,0.9734939759036144
1343976545,23618,13765,0.5828181895164705
1435999805,2215,2187,0.9873589164785553
1355074840,7392,4294,0.5808982683982684
1463867324,2583,2513,0.9728997289972899
1738860041,507175,794,0.0015655345787943017
2127274702,21574,21570,0.9998145916380828
1287303854,101555,95368,0.9390773472502585
1427223064,183,56,0.30601092896174864
1242626234,34262,17506,0.5109450703403188
1723464871,2613,2415,0.9242250287026407
1505008141,220544,124558,0.5647761897852582
2860941077,32524,32361,0.9949883163202559
3368203091,126248,5063,0.0401036056016729
1703917964,7563,6891,0.9111463704879016
1445388012,54180,39839,0.7353082318198597
1313053947,17259,3051,0.17677733356509648
1216823335,359,197,0.5487465181058496
1445996978,2247,2114,0.940809968847352
1452315898,201715,146049,0.7240363879731304
1303354717,10060,4861,0.48320079522862824
1994783778,30656,234,0.007633089770354906
1794008627,18574,18570,0.9997846452029719
1763793816,12886,890,0.06906720471829893
1474093362,165744,131969,0.7962218843517714
1501195408,2667,2653,0.994750656167979
2635362661,34,32,0.9411764705882353
2059451376,169,128,0.757396449704142
1461004089,1638,1608,0.9816849816849816
1445459171,4834,3120,0.645428216797683
1164311503,3323,2110,0.6349684020463436
1167729103,23309,1562,0.06701274185936762
1427169817,8546,23,0.002691317575473906
1260581434,171511,15894,0.09267044096297031
1433813305,211,209,0.990521327014218
1733149902,399,317,0.7944862155388471
2605456580,735,507,0.689795918367347
1357788817,68429,4267,0.06235660319455202
1377627613,732505,83737,0.11431594323588234
1235060918,644,514,0.7981366459627329
1196758781,15552,13413,0.8624614197530864
1466721201,337,176,0.5222551928783383
1535990111,926,766,0.8272138228941684
1208928281,5841,2026,0.3468584146550248
1463302713,5,5,1.0
2621128488,13038,12997,0.9968553459119497
1495557610,70,6,0.08571428571428572
1657139534,37056,31974,0.8628562176165803
1184960870,6388,5137,0.804164057608015
1350571029,34014,5484,0.1612277297583348
1228490363,1250,1149,0.9192
1305878574,5,0,0.0
1848484693,1084,985,0.9086715867158671
1520275709,5,1,0.2
1878275138,4330,1436,0.3316397228637413
1061374357,124695,12025,0.09643530213721481
1166585145,1884,476,0.2526539278131635
2715638942,4707,2560,0.543870830677714
1409237316,97,90,0.9278350515463918
1153349402,10028,5895,0.5878540087754288
1238496027,63735,37935,0.5951988703224288
1360592494,29793,1486,0.04987748800053704
1469348487,123960,111492,0.8994191674733785
1368214069,25048,14119,0.5636777387416161
2529172938,5307,4990,0.9402675711324665
1245568047,1248,1169,0.936698717948718
1411910772,40,15,0.375
1234859250,269,258,0.9591078066914498
1313594084,32,22,0.6875
1370496393,1183,851,0.7193575655114116
1172085241,94,0,0.0
1157467882,235,207,0.8808510638297873
2893089948,227011,200163,0.8817326032659211
1302660042,16487,4166,0.25268393279553586
2434026809,34,31,0.9117647058823529
1364279908,26717,26333,0.9856271287944006
1974571215,2189,2137,0.9762448606669712
1282623037,600,76,0.12666666666666668
1421277545,86633,24681,0.28489143859730126
1621358733,10703,7265,0.6787816500046716
1592348096,3085,2445,0.7925445705024311
1490832990,4572,4039,0.8834208223972003
1712890814,23764,23376,0.9836727823598721
1127424904,345965,302302,0.8737935918373246
1286033554,402,390,0.9701492537313433
1408203103,8593,7479,0.8703595950192017
1137963014,350,301,0.86
1293403177,349,252,0.7220630372492837
1434317647,7271,6392,0.87910878833723
1460346746,9756,8800,0.9020090200902009
1613374207,1328,1219,0.9179216867469879
1159971087,1041,628,0.6032660902977905
1201776421,5488,4450,0.8108600583090378
1452083659,288824,210718,0.7295723347090269
1158122936,579689,417625,0.7204294026624621
1729435722,413,388,0.9394673123486683
2054444415,3106,2607,0.839343206696716
1212043817,21756,5623,0.2584574370288656
1349557870,36218,26452,0.7303550720636148
1300968780,1374,1195,0.8697234352256187
1755956387,268343,86456,0.3221846666393385
1740353877,30889,6050,0.19586260481077405
2045112936,248749,194068,0.7801760007075406
1489706186,132,35,0.26515151515151514
1362031039,259,220,0.8494208494208494
1204494688,3394,2772,0.8167354154390101
2643027519,17,17,1.0
1517757186,6025,5986,0.9935269709543568
1777594107,369069,343073,0.9295633065903666
1569185642,4289,3284,0.7656796456050361
1180362328,88693,77835,0.8775777118825612
1764433657,47666,34162,0.7166953383963413
1264872924,12255,2676,0.21835985312117503
1417588558,31850,28026,0.8799372056514914
1755110348,31984,31536,0.9859929964982491
3026084724,47674,20666,0.43348575743591894
1388345503,23933,1602,0.06693686541595287
1491346995,623,290,0.4654895666131621
1520249318,5468,4112,0.7520117044623262
1338938566,614352,555654,0.9044554262051723
1118387412,798,717,0.8984962406015038
1216889758,47209,29366,0.6220424071681248
1525109441,44103,34781,0.7886311588780809
1487662889,14241,0,0.0
1647506056,1321,1302,0.9856169568508706
1329879154,153441,141046,0.9192197652517906
1339518659,26349,19789,0.7510341948461042
1379659068,101278,391,0.0038606607555441456
1211049290,29,29,1.0
1928677640,2036,1844,0.9056974459724951
1881797646,55761,51632,0.9259518301321712
1710790536,67,56,0.835820895522388
1493643681,116866,67512,0.5776872657573632
1865410311,550,521,0.9472727272727273
1207933159,82,81,0.9878048780487805
1720714680,6005,5902,0.9828476269775187
2055253357,1953,1478,0.756784434203789
1430438822,15372,13263,0.8628024980483997
2838193429,822,822,1.0
1356491588,693326,585165,0.8439969076596002
1360988942,2038,1447,0.7100098135426889
1442855945,41,41,1.0
2197898348,15,15,1.0
1191954457,11590,11463,0.9890422778257119
1185375500,344,332,0.9651162790697675
1319012193,513729,435860,0.8484239745079605
1235755891,18095,16548,0.9145067698259187
1430197361,2942,2894,0.9836845683208701
1305461092,55721,22954,0.41194522711365555
2352983981,1415,978,0.6911660777385159
1483457344,11114,1164,0.10473276947993522
1392860537,908,131,0.14427312775330398
1370465053,6986,2857,0.40896077870025765
1555941431,3085,3036,0.9841166936790924
1229879218,186529,24565,0.1316953395986683
1364734405,86589,84632,0.9773989767753409
2473558720,1028,92,0.08949416342412451
2772060993,33,26,0.7878787878787878
1880599049,249051,31577,0.12678929215301285
1240487369,234,99,0.4230769230769231
1520703483,1721,1319,0.7664148750726322
2335204946,7210,913,0.12662968099861305
1647494049,1094,1079,0.9862888482632541
1589850367,1043,702,0.673058485139022
1159945721,3550,539,0.15183098591549296
1634530188,7387,6298,0.852578854744822
2030744741,6196,4304,0.6946417043253712
3744982451,361,361,1.0
1404365569,5345,4485,0.8391019644527596
1568173905,14801,14244,0.9623674076075941
1818804117,5646,1269,0.22476089266737515
3522122250,2047,2040,0.9965803615046409
1671675357,10257,9299,0.9066003704786975
1416246093,459334,15625,0.034016641485280864
1698459296,1236,1162,0.9401294498381877
1444695561,469871,7820,0.016642865807849388
1577432621,352,352,1.0
1216026918,34751,33900,0.9755114960720555
1162404507,16122,8177,0.5071951370797668
1363229701,19820,18798,0.9484359233097881
1327277112,6805,3137,0.4609845701689934
1080608023,18664,1037,0.05556150878696957
1920103140,509,435,0.8546168958742633
1272058432,1659,1592,0.9596142254370102
1158746348,47,3,0.06382978723404255
1651553426,8731,8662,0.9920971251861185
1242378770,913,856,0.9375684556407448
1538034327,297731,29735,0.09987203213639158
1600145570,47517,35943,0.756424016667719
1332546070,624486,463495,0.7422023872432688
1555410399,561,478,0.8520499108734403
1167024916,775081,475027,0.6128740092970928
2263918764,959,594,0.6193952033368092
1436287011,1407,1334,0.9481165600568585
1486862761,231577,227338,0.981695073344935
1592741491,123,120,0.975609756097561
2184453402,149,94,0.6308724832214765
1322538036,7172,5238,0.730340211935304
1109312969,2968,2348,0.7911051212938005
1684632358,39923,25226,0.6318663427097162
1351220915,135,127,0.9407407407407408
1448516843,8744,8458,0.967291857273559
1203881712,144213,132344,0.9176981270759225
1533888831,4221,4211,0.9976308931532812
1502723227,178,178,1.0
1203151539,2708,1515,0.5594534711964549
1392488649,4418,3583,0.8110004526935265
1573163006,52289,4708,0.0900380577176844
1226895872,1786,388,0.21724524076147816
1582429678,5901,4686,0.7941026944585663
1168193618,27706,24854,0.8970620082292644
1586916815,643,607,0.9440124416796267
1625351886,26873,23748,0.8837122762624195
1290345533,7862,7394,0.9404731620452811
1328610663,8451,1966,0.23263519110164477
1499917487,476824,396722,0.8320092948341526
1337990822,3472,3412,0.9827188940092166
1225361972,39406,1320,0.03349743693853728
1480472275,1591,133,0.08359522313010685
1634260602,7344,4404,0.5996732026143791
1217188877,1160,705,0.6077586206896551
1351691068,95976,901,0.009387763607568558
1317596564,36847,36721,0.9965804543110701
2650880799,469,466,0.9936034115138592
1388231635,10143,7186,0.7084688948042985
1932749676,7752,7622,0.9832301341589267
1389396317,389,197,0.506426735218509
1414430173,22508,22161,0.9845832592855873
1304967886,818,634,0.7750611246943765
1297413767,3094,2015,0.6512605042016807
1357974350,11455,3643,0.31802706241815804
1493230437,22689,11879,0.523557671118163
3888133064,140,140,1.0
2211049143,280,267,0.9535714285714286
1439496585,1662,269,0.1618531889290012
1309230363,11103,9312,0.8386922453390976
1291904495,405,377,0.9308641975308642
2554149811,177,132,0.7457627118644068
1400428445,577776,45890,0.07942524438536734
2117051739,1282,816,0.6365054602184087
1422118295,695,626,0.9007194244604316
1298761762,1199,1083,0.9032527105921602
1970147186,7229,1006,0.13916170978005257
1411641141,531614,496588,0.9341138495223978
2989680315,159,156,0.9811320754716981
1644008853,772544,623672,0.8072964128903984
1297023082,12585,10562,0.8392530790623759
1408710922,340937,38669,0.11341978136723208
2085120098,450,398,0.8844444444444445
2140173091,374,356,0.9518716577540107
1117926482,140123,104628,0.7466868394196527
2080727225,7605,7349,0.9663379355687048
1368429945,1592,939,0.589824120603015
1475241543,1705,1703,0.9988269794721407
1331656236,6000,3267,0.5445
2347897742,2868,2834,0.9881450488145049
1223070271,93256,41600,0.44608389808698634
1431741041,45569,10356,0.22725975992451009
1267446147,3262,3082,0.9448191293684856
1962269043,90,89,0.9888888888888889
1182413310,7535,2948,0.39124087591240875
1217333398,1941,1304,0.6718186501803194
2117181168,1221,49,0.04013104013104013
1410996630,55424,31945,0.5763748556581986
1794625741,38978,35037,0.8988916824875571
1608800266,95745,43993,0.45948091284140163
1468480505,4892,4785,0.9781275551921504
1419960222,8082,7848,0.9710467706013363
1254376898,13805,12692,0.9193770373053242
1912301380,228152,47191,0.20684017672428906
2095181922,95412,3221,0.033758856328344446
2139985811,106,106,1.0
1767171285,398952,391207,0.9805866369889109
1692543019,4167,3435,0.8243340532757379
1090223350,186055,63264,0.3400284862003171
2942698509,92,88,0.9565217391304348
1442449910,3489,3157,0.9048437947836057
1490721219,518192,346701,0.6690589588415105
1398071872,16,1,0.0625
1473174778,29,13,0.4482758620689655
2074115120,344,249,0.7238372093023255
1350800191,6434,6133,0.9532172831830898
1400042023,744,281,0.37768817204301075
1236977215,10142,6201,0.6114178662985604
1457561688,3296,1915,0.5810072815533981
1463897742,3191,1228,0.38483234095894703
1354856299,578,122,0.21107266435986158
1820683654,5180,5012,0.9675675675675676
2496753090,19,19,1.0
1350133530,635,94,0.14803149606299212
2049737097,7973,7956,0.997867803837953
1475087075,631,98,0.15530903328050713
1644271794,15716,14847,0.9447060320692288
2093785095,1722,1694,0.983739837398374
1706945420,418555,407481,0.9735423062679934
1253733721,5297,2932,0.5535208608646404
1429336661,8011,6643,0.8292348021470478
1875665436,195,195,1.0
1891116986,3421,2514,0.734872844197603
1166080259,19358,17700,0.9143506560595103
1423066450,1360,1194,0.8779411764705882
1435787618,209,104,0.49760765550239233
2109971759,8345,7834,0.9387657279808268
1467300219,4868,4676,0.9605587510271159
1839536459,346,302,0.8728323699421965
1511889572,9867,3826,0.38775717036586604
1701699479,355835,303884,0.8540025573650709
1180995856,229641,16988,0.07397633697815285
1175415800,986,909,0.9219066937119675
1351833057,14560,13924,0.9563186813186814
1661474905,566,539,0.9522968197879859
1612467722,3039,2999,0.9868377755840737
1937476888,364,317,0.8708791208791209
1191274621,2705,1784,0.6595194085027727
1309844192,581,517,0.8898450946643718
1280219291,525,239,0.4552380952380952
1409253833,14639,9497,0.6487464990778059
1155084093,22802,18849,0.8266380142092798
1459424830,861,725,0.8420441347270615
1775547581,112,109,0.9732142857142857
1907159562,101,98,0.9702970297029703
1352293864,65900,2032,0.030834597875569043
1170434878,858,820,0.9557109557109557
1603599246,3047,2757,0.9048244174597965
1752113877,48390,22869,0.4725976441413515
1347142710,1249,1124,0.899919935948759
2258965807,7723,3207,0.41525313997151364
1215550495,36525,35453,0.9706502395619439
1435156747,319724,253248,0.7920831717356219
3135029134,233,224,0.9613733905579399
1498265927,128,125,0.9765625
1332803230,14553,8673,0.5959595959595959
1218731685,155950,32780,0.21019557550496953
1073233309,334664,196994,0.5886321803360983
2817562751,678,523,0.7713864306784661
1755167556,8863,2374,0.2678551280604761
2020983454,10270,10146,0.9879259980525803
1614344658,370,361,0.9756756756756757
1448177831,218036,135147,0.6198380084022822
1156511358,7439,4535,0.6096249495899987
1461001811,6117,5674,0.9275788785352297
1589605143,240600,61391,0.25515793848711554
1730630703,3191,2974,0.9319962394233783
2146291789,16233,15987,0.9848456847163186
1352358914,3860,3257,0.8437823834196891
1339959062,676968,652675,0.96411499509578
1794630235,2948,1084,0.3677069199457259
1747399769,2274,2214,0.9736147757255936
1489427100,206970,109313,0.5281586703386965
1304130617,3479,642,0.18453578614544408
2227311484,758,277,0.3654353562005277
2065942782,861,787,0.9140534262485482
1153711171,96242,10,0.00010390474013424492
2490027723,19034,14045,0.737890091415362
1647051190,4012,27,0.006729810568295114
1498263512,55613,21012,0.37782532861021706
1672592996,245,239,0.9755102040816327
1350218838,1620,822,0.5074074074074074
1389444749,3376,1920,0.5687203791469194
1785568061,1548,1541,0.9954780361757106
1261717706,614565,608590,0.9902776760798289
1911483470,92116,30953,0.33602197229580094
1501126845,376,371,0.9867021276595744
1431485678,3555,2963,0.8334739803094233
1331453407,607,283,0.46622734761120266
1604748143,684494,569440,0.8319137932545793
1419165932,1262,82,0.06497622820919176
1346104777,6252,4656,0.744721689059501
1192089011,54849,20666,0.3767798865977502
1328356903,11904,10711,0.8997815860215054
1297346608,8707,7700,0.884345928563225
1314169907,2332,2073,0.8889365351629502
1579726337,22450,16352,0.7283741648106904
1678059988,16489,14040,0.8514767420704712
2250852326,2385,2385,1.0
1420847511,19970,11174,0.5595393089634452
1440033557,3343,2726,0.81543523781035
1630129358,11224,10156,0.9048467569493942
3191912387,147,146,0.9931972789115646
2581465870,99,70,0.7070707070707071
1623227075,53686,23190,0.4319561896956376
1739224268,28124,23104,0.8215047646138529
1299678902,23838,7901,0.3314455910730766
1371537257,51194,47955,0.9367308668984646
1999734695,183694,39215,0.2134800265659194
1586419299,3897,2667,0.6843725943033102
1494374673,80,80,1.0
1482920680,1010,974,0.9643564356435643
1916233138,19454,15785,0.8114012542407731
1443743441,428,351,0.8200934579439252
1587416143,4833,3763,0.7786054210635216
1424196256,8330,7799,0.9362545018007203
1327890164,8968,8826,0.9841659232827832
1087071575,37808,4676,0.12367752856538299
3269505393,1615,1608,0.9956656346749226
1413816059,4082,3043,0.7454679078882901
1497505573,17874,8677,0.4854537316772966
1366753859,1034,925,0.8945841392649904
2131764284,11000,10439,0.949
1333638435,59453,39051,0.6568381746926143
1409970065,69055,15227,0.22050539425095939
1170970418,26327,18860,0.7163748243248376
1804000982,84555,29189,0.34520726154573944
1338895103,3266,3158,0.9669320269442744
1560246933,30445,18515,0.6081458367548037
1562851528,123554,119367,0.9661119834242518
1588507929,4529,3696,0.8160741885625966
2384110634,15,7,0.4666666666666667
1333981083,2218,1326,0.5978358881875564
1514036458,10708,9151,0.8545946955547254
1440768726,10428,6362,0.6100882240122747
3261054108,1810,1802,0.9955801104972376
1175896911,1896,1740,0.9177215189873418
3144618387,37,32,0.8648648648648649
1335519996,25255,2049,0.08113244901999604
1502658023,19161,18581,0.96973018109702
1701293579,4530,3431,0.7573951434878587
1502230490,5402,859,0.15901517956312478
1298013150,1972,1972,1.0
1391809296,477,381,0.7987421383647799
1699427685,25136,18438,0.7335295989815405
1682604832,775,741,0.9561290322580646
1346565956,205551,53677,0.26113713871496613
1527273901,98211,96101,0.9785156448870289
1804084518,238,177,0.7436974789915967
1679172980,1130,1051,0.9300884955752212
1478161911,2719,961,0.35343876425156306
1821471138,70,70,1.0
1714892499,5,3,0.6
1370254113,25,19,0.76
1283020956,980,158,0.16122448979591836
1429056496,462257,68284,0.14771869328101034
1757391072,167,72,0.4311377245508982
1609497296,3111,2878,0.9251044680167149
1357327507,247,230,0.9311740890688259
3867751890,12,12,1.0
1486581649,4796,4211,0.878023352793995
1398171830,325,321,0.9876923076923076
1890645047,1924,93,0.04833679833679834
1197655954,484,399,0.8243801652892562
1390194394,43727,11132,0.2545795503922062
1163939114,448147,68500,0.15285163127277435
1174496004,1797,1100,0.6121313299944352
1302451513,7712,385,0.049922199170124484
1198754473,208146,33746,0.16212658422453471
2216162498,40,40,1.0
1356411394,1325,1317,0.9939622641509434
1701711944,1181,1107,0.9373412362404742
1417582961,62,17,0.27419354838709675
1739119937,12800,10817,0.845078125
2076469443,39679,38907,0.9805438645127146
1716460656,970,942,0.9711340206185567
2290973286,98,97,0.9897959183673469
1198760072,2149,2112,0.9827826896230805
1493244663,803,529,0.6587795765877957
1352874316,645200,154206,0.23900495970241786
2820041168,335,332,0.991044776119403
1450658308,51050,14333,0.2807639569049951
3752174137,22206,16123,0.7260650274700532
1873191204,3,3,1.0
1659581456,233,229,0.9828326180257511
1492621097,173520,116976,0.6741355463347165
1592949623,4016,3702,0.921812749003984
1493653583,1840,1511,0.821195652173913
1454739396,396160,358479,0.9048843901453958
1208244268,28485,27250,0.9566438476391083
1618067449,14229,6927,0.4868226860636728
1636020838,489,484,0.9897750511247444
1179507740,900,241,0.2677777777777778
1179524512,4145,591,0.14258142340168878
2099305859,18,9,0.5
1953796705,18,11,0.6111111111111112
1267215918,6138,1933,0.3149234278266536
1474468598,498,440,0.8835341365461847
1459993972,26127,255,0.009760018371799288
1667411759,56,4,0.07142857142857142
1331164137,1512,948,0.626984126984127
1651748176,339,38,0.11209439528023599
1185140775,47,27,0.574468085106383
1213356530,69119,20598,0.29800778367742586
1400020270,27971,5639,0.20160165886096315
1405623473,308,303,0.9837662337662337
1657481090,15739,9174,0.5828832835631235
2145825948,26426,8414,0.31839854688564295
1317736250,407831,36446,0.08936544794289791
1141405950,1927,1777,0.9221587960560457
1406129376,12229,2342,0.1915119797203369
1288962390,733,699,0.9536152796725784
1329743174,45330,30917,0.6820427972645048
1735837091,24461,22653,0.9260864232860472
1505739767,14149,13546,0.9573821471482084
1436388968,9985,3762,0.37676514772158237
1198961173,293,208,0.7098976109215017
1277587136,1326,435,0.32805429864253394
1391780963,1753,486,0.2772390188248717
1259907042,37800,15809,0.4182275132275132
3736516931,43,35,0.813953488372093
1227860470,2563,2506,0.9777604369879048
1298005004,19093,15835,0.8293615461163777
1170171811,22389,15490,0.6918576086471034
1413022373,2814,2401,0.8532338308457711
1931011978,600,595,0.9916666666666667
1490257920,638,565,0.8855799373040752
1654059185,1433,1242,0.8667131891137474
1288997909,16285,10874,0.6677310408351244
1432941554,125810,80596,0.6406168031158096
1393321862,6066,696,0.11473788328387735
2149426590,94,16,0.1702127659574468
1230180160,3739,3739,1.0
1698809636,11112,9850,0.8864290856731462
2407881741,6759,4964,0.7344281698476106
1216693512,102953,80922,0.7860091498062223
1550697168,23383,13547,0.5793525210623103
1405631948,6444,1551,0.24068901303538176
1300555450,1,1,1.0
1367913253,587,511,0.8705281090289608
1371466523,382154,207544,0.5430899584984064
1220101961,8934,8643,0.9674278038952318
1363548374,2512,2009,0.7997611464968153
1246251698,74557,33404,0.44803304854004317
1557375028,34,30,0.8823529411764706
1281867224,2193,1812,0.826265389876881
1215255857,64,32,0.5
2071149259,574,543,0.945993031358885
1465202911,69,43,0.6231884057971014
3929184058,8,8,1.0
1529614967,1273,511,0.401413982717989
1166989163,577,408,0.707105719237435
1434748627,160774,14074,0.08753902994265242
1725196338,529,527,0.996219281663516
1827405968,65480,65243,0.9963805742211362
1401772590,9846,9190,0.9333739589681089
1451299146,351,287,0.8176638176638177
1301439896,10603,5962,0.5622936904649627
2401593819,17056,405,0.0237453095684803
1538395017,705,516,0.7319148936170212
1461864177,62,59,0.9516129032258065
1578174863,157,142,0.9044585987261147
1207154836,116,99,0.853448275862069
1780648851,99982,94845,0.9486207517353124
1179888682,4272,3882,0.9087078651685393
1391298020,737784,53487,0.07249682834000196
1126829099,51504,50853,0.9873602050326188
1542915878,50433,1988,0.03941863462415482
1541239189,17,3,0.17647058823529413
1435727062,10545,4093,0.3881460407776197
3268717308,229747,120131,0.5228838679068715
2458251280,1054,930,0.8823529411764706
1564187846,37087,35535,0.9581524523417909
1235799326,179,169,0.9441340782122905
1218425314,62919,59339,0.9431014478933232
1187432906,6554,6127,0.934848947207812
1604790646,2179,2124,0.9747590637907297
2502327032,20,7,0.35
1380551099,11781,1055,0.08955097190391308
2015839738,1092,1059,0.9697802197802198
1424400404,9560,227,0.023744769874476986
1357875565,168,8,0.047619047619047616
1245147318,33580,17485,0.5206968433591423
1421070313,223,183,0.820627802690583
1398408877,123,107,0.8699186991869918
2315796098,199,194,0.9748743718592965
1658045075,37,23,0.6216216216216216
1352845076,124477,122717,0.9858608417619319
1898902814,1373,1354,0.9861616897305171
1650522117,5722,874,0.152743795875568
1425242403,787333,361819,0.4595501522227571
1479485222,2146,2066,0.9627213420316869
1681995938,2058,1659,0.8061224489795918
1164403926,52223,43283,0.8288110602608046
1285547601,114080,16495,0.14459151472650772
1422560841,223639,13172,0.058898492660045876
1693454466,7,7,1.0
1671787284,448,426,0.9508928571428571
1547201122,661,621,0.9394856278366112
2432770282,1645,1547,0.9404255319148936
1425699259,73,70,0.958904109589041
1315659331,53279,18476,0.34677828037313013
1539615239,1383,1277,0.923355025307303
2189665335,1246,1246,1.0
1692447700,44728,44362,0.991817206224289
1395855445,4588,3541,0.771795989537925
1432465302,8159,319,0.03909792866772889
1668405803,37381,36793,0.9842700837323775
1240764976,12862,11312,0.8794899704556056
1221132101,54,1,0.018518518518518517
1366085584,41853,22708,0.5425656464291687
1489035319,173,28,0.16184971098265896
1780951697,6424,1104,0.1718555417185554
1576556274,2190,708,0.3232876712328767
2014558934,52185,22169,0.42481556002682763
1361819703,87386,6429,0.07357013709289817
1220374078,127,124,0.9763779527559056
2931481687,1193,1056,0.8851634534786254
1523668570,31913,27590,0.8645379625857801
1215617508,226440,156167,0.6896617205440735
1377999789,184,76,0.41304347826086957
2115622955,2702,2654,0.9822353811991118
1700230068,4877,3623,0.7428747180643839
1467486965,271865,13062,0.04804590513674066
1218121374,164,86,0.524390243902439
1364781482,7,2,0.2857142857142857
1305680660,1110,956,0.8612612612612612
1462827000,397,380,0.9571788413098237
1834924246,1273,1099,0.8633150039277298
1710225508,34924,33163,0.9495762226549078
1911088251,417,268,0.6426858513189448
1635403148,497,386,0.7766599597585513
1402378198,9617,3652,0.3797442029739004
1588742603,860683,773663,0.8988942502640345
1246987272,922,409,0.4436008676789588
1244061895,32547,7014,0.21550373306295512
1475223087,95898,17137,0.17870028572024443
3516232986,2387,2382,0.9979053204859657
1455165104,2574,2160,0.8391608391608392
1168420366,77547,28524,0.36782854269023946
1264119977,35871,34475,0.9610827688104597
1264544998,834,776,0.9304556354916067
1970850726,310884,310579,0.9990189266736146
1352504920,24478,22914,0.936105891004167
1277571331,2395,2393,0.9991649269311065
1382402194,934,914,0.9785867237687366
1726111470,4650,2228,0.47913978494623655
1492151516,3731,3401,0.911551862771375
1094311078,45,8,0.17777777777777778
1456992865,277351,161212,0.5812562420903477
1290760508,5731,2309,0.40289652765660444
1608508525,317772,95764,0.3013607240411364
1792505490,3518,2891,0.8217737350767481
1233634475,3385,120,0.03545051698670606
2397305370,1159,931,0.8032786885245902
1328979458,12936,333,0.025742115027829315
2468566265,16778,7866,0.46882822744069613
1321131391,185377,91255,0.492267109727744
1118471492,13956,4745,0.33999713384924046
1457866728,62406,5414,0.08675447873601898
1752897933,172,133,0.7732558139534884
1281779138,6069,6002,0.9889602899983523
1525009086,10722,8089,0.7544301436299198
1279003225,31750,24869,0.7832755905511811
1821359756,261,223,0.8544061302681992
1319942247,17782,4687,0.26358114947699923
1222879765,207,201,0.9710144927536232
1339307369,86838,85303,0.9823234068034732
2039467980,253467,232546,0.9174606556277543
1223490753,5142,2870,0.5581485803189421
1814045210,1195,1170,0.9790794979079498
1340303437,401,401,1.0
1155490092,599740,9885,0.016482142261646713
1177370456,686,519,0.7565597667638484
1740801897,4,3,0.75
1250727795,73643,72703,0.9872357182624282
2734482319,370,220,0.5945945945945946
1712356320,1011,823,0.8140454995054401
1756438324,1,1,1.0
1198116734,3334,3128,0.9382123575284943
1158161032,1339,1332,0.9947722180731889
1244684646,403515,337057,0.8353022812039206
1339092813,198611,186834,0.9407031836101727
1410023029,159,156,0.9811320754716981
1408153880,2423,2362,0.9748245976062733
1888296289,18554,18072,0.9740217742804786
1728068430,907,857,0.9448732083792724
1270380692,517,441,0.8529980657640233
2989217192,6,6,1.0
1240337454,10718,5930,0.553274864713566
1799976947,9103,2063,0.2266285839833022
1971398675,57984,53928,0.9300496688741722
1197527436,12354,8542,0.6914359721547677
1175085243,214,177,0.8271028037383178
1938609990,230,206,0.8956521739130435
1307325844,71155,25293,0.35546342491743377
1915099177,20,13,0.65
1749911004,467,376,0.8051391862955032
1705567023,1473,666,0.45213849287169044
1279183727,1103,508,0.4605621033544878
1596539668,209844,174085,0.829592459160138
1230680111,611393,109387,0.1789143807665446
1897133498,3493,3464,0.9916976810764386
1483590907,126710,12360,0.09754557651329808
1353739985,2651,1711,0.6454168238400604
1776318662,4402,4113,0.9343480236256247
1203552201,2685,1153,0.42942271880819366
1467530367,5564,4346,0.7810927390366643
1267166335,7518,4171,0.5548018089917531
1420289595,76,76,1.0
1402378306,89689,32423,0.3615047553211654
1913085701,1085,1042,0.96036866359447
1795967358,7531,6473,0.8595140087637764
1783555090,1756,1692,0.9635535307517085
1258560417,14960,11608,0.7759358288770053
1390161757,492,460,0.9349593495934959
1249130047,659720,405780,0.6150791244770508
3037975717,725,92,0.12689655172413794
1476756254,34064,31403,0.9218823391263504
1448033736,930179,280464,0.3015161597929001
1290902944,2427,736,0.30325504738360115
2094508657,324,292,0.9012345679012346
1440899387,204797,155287,0.7582484118419703
1099318989,242135,261,0.0010779110826604993
1587098867,1519,1340,0.8821593153390388
1447399414,294,216,0.7346938775510204
1173077703,5584,3828,0.6855300859598854
1156672850,15986,9365,0.5858250969598399
2389019868,2370,2255,0.9514767932489452
1342258034,21,21,1.0
1164841836,521,286,0.5489443378119002
1167566598,64467,31476,0.4882498022243939
1463152142,5563,1997,0.35897896818263525
1324533607,18984,12214,0.6433839022334598
1114453574,28102,25286,0.899793608995801
1476422313,10547,4581,0.43434151891533135
1647243675,9251,8844,0.9560047562425684
1353621703,275,184,0.6690909090909091
1603916313,2225,2081,0.9352808988764045
1474182039,14502,14342,0.9889670390290994
1229698523,2772,2000,0.7215007215007215
1225181254,3826,916,0.23941453214845793
1460929008,17661,15325,0.8677311590510164
2147861196,343,332,0.967930029154519
1143650361,65,8,0.12307692307692308
1863318403,181697,148861,0.819281551153844
1661327354,1169,1098,0.9392643284858854
1986304273,1012,935,0.9239130434782609
1453393167,5524,996,0.18030412744388125
1448218901,44991,43540,0.9677491053766308
1395655902,496064,128872,0.2597890594761966
1206657547,158687,98112,0.6182737086213741
1423602997,3942,3506,0.8893962455606291
1512732342,14497,12739,0.8787335310753949
1436707087,37,36,0.972972972972973
1575823377,2549,2198,0.8622989407610828
1436044021,659,612,0.928679817905918
1356335775,30372,10036,0.33043592782826287
1274786129,361,290,0.8033240997229917
1409481657,6484,5104,0.7871684145589143
1394473779,16774,11634,0.6935733873852391
1875515226,56909,43576,0.7657136832486953
2628771702,339,262,0.7728613569321534
1244667614,15585,136,0.00872633942893808
2077500708,355,349,0.9830985915492958
1592314723,7474,7304,0.9772544822049772
1783316597,1703,1676,0.9841456253669995
1301591522,735,278,0.3782312925170068
1485033702,6778,264,0.0389495426379463
2018885672,5866,5837,0.995056256392772
1440689988,1193,864,0.7242246437552389
1234014710,13091,3335,0.25475517531128256
1277228370,14904,1006,0.06749865807836822
2685270204,321,298,0.9283489096573209
1284616158,9350,8883,0.9500534759358289
1558174155,16,16,1.0
1458662655,912,613,0.6721491228070176
1367897347,10524,8462,0.8040668947168377
1380417160,65527,29200,0.44561783692218476
1396363306,31609,22342,0.7068240058211269
1503171950,234,1,0.004273504273504274
1276862076,158,53,0.33544303797468356
1498214479,316,94,0.2974683544303797
1664837391,127775,64761,0.5068362355703385
1436496308,25996,9211,0.3543237421141714
1585237626,2654,2643,0.9958553127354935
1491657752,18504,18364,0.9924340683095547
1119124243,14455,3796,0.26260809408509167
1307412384,27144,19399,0.7146699086354259
1887736549,218,178,0.8165137614678899
2021522907,801,478,0.5967540574282147
1495585354,11456,10790,0.9418645251396648
1335980994,300520,87261,0.2903666977239452
1457340237,2127,1972,0.927127409496944
1127712953,260034,62362,0.23982248475199397
1105347411,101061,36735,0.3634933357081367
2810342957,2233,1216,0.5445588893864756
3852852458,24,7,0.2916666666666667
1740674392,6708,1994,0.2972570065593321
1461066183,4074,1229,0.3016691212567501
1653696010,5658,3319,0.5866030399434429
1198603177,40638,29841,0.7343127122397756
1542838092,272173,265223,0.9744647705687192
1150906920,10128,7593,0.7497037914691943
1727617249,196627,159637,0.8118773108474421
2671603641,3165,2360,0.7456556082148499
2442573205,4809,4634,0.9636098981077147
1484964344,9883,5434,0.5498330466457554
1450906586,784,629,0.8022959183673469
1905236179,2095,1626,0.7761336515513126
1727645383,14906,14196,0.9523681738897088
1788830099,3377,936,0.2771690849866746
1441173651,74,70,0.9459459459459459
1346162687,13834,13639,0.985904293768975
1626833264,26,26,1.0
1877019412,2208,1855,0.8401268115942029
1465369776,1196,1164,0.9732441471571907
1711523967,184,88,0.4782608695652174
2291787150,1219,835,0.6849876948318294
1705915536,205,132,0.6439024390243903
1363772605,407,344,0.8452088452088452
1453308003,1281,1189,0.9281811085089774
1518021374,199405,0,0.0
1163194071,214,42,0.19626168224299065
1598752756,266854,233141,0.873665000337263
1489672512,1997,1985,0.9939909864797196
1495807511,2465,2366,0.9598377281947261
1382311877,252,75,0.2976190476190476
1349139363,498705,474774,0.9520137155232051
1419275719,18126,5878,0.32428555665894293
2532123301,82074,81478,0.992738260594098
1893704280,303962,303225,0.9975753548140887
1609831508,93632,85651,0.914762047163363
1224325118,53630,51255,0.9557150848405743
1288727430,1371,169,0.12326768781911014
1996519808,17251,17180,0.9958842965625181
1199598873,207675,181257,0.8727916215240159
3077543836,2990,2885,0.9648829431438127
2198958482,839,789,0.9404052443384983
1492357550,14851,13753,0.9260655848091037
1520099046,190,132,0.6947368421052632
1362592231,17140,6214,0.36254375729288213
3187043040,2250,2217,0.9853333333333333
1214952045,35211,568,0.016131322598051744
1369712865,1008411,970280,0.9621870447664692
1099203091,136183,7,5.1401423085113416e-05
1538956481,4996,4617,0.9241393114491593
1549904838,355,131,0.36901408450704226
2158835721,3527,3093,0.8769492486532464
1497975016,35,21,0.6
1484437960,1703,1270,0.7457428068115091
1372841576,134311,29284,0.2180312855983501
1301606237,365047,311098,0.8522135505838974
1391297805,2,2,1.0
1133883449,12002,5914,0.492751208131978
1437165433,44762,43729,0.9769223895268307
1855302703,4509,4397,0.975160789532047
2089341209,370724,368619,0.9943219214294192
1280640559,2727,2270,0.8324165749908324
1994542051,68,68,1.0
1178951703,25357,8576,0.3382103561146823
1449709588,11,0,0.0
1733585580,30623,27755,0.9063449041570062
1492436263,91497,81599,0.8918215897788998
1627432936,4805,1808,0.37627471383975025
1286722545,328089,323743,0.9867535942991079
1707527588,103,101,0.9805825242718447
1205103722,200648,17708,0.08825405685578724
1681105489,291505,69138,0.23717603471638565
2571215482,6583,6099,0.9264772899893665
1533323875,6067,4996,0.8234712378440745
1308878818,837450,755825,0.9025314944175772
1564763310,8,0,0.0
1755624995,1077,1049,0.9740018570102136
1236139514,474,438,0.9240506329113924
1450322199,2582,2520,0.975987606506584
1603156069,13134,11508,0.8761991777067154
1731594701,159,136,0.8553459119496856
1522219518,623,210,0.33707865168539325
1456228208,5656,5594,0.9890381895332391
1365752902,14534,13475,0.9271363698912893
1628436510,117,0,0.0
1185869933,2218,622,0.28043282236248873
1292725255,14427,3917,0.27150481735634574
1849984948,158,158,1.0
1472685225,50494,49963,0.9894838990771181
2289761255,16712,10517,0.6293082814743897
1637979848,532,463,0.8703007518796992
1270537834,29522,26517,0.8982115032856852
2241421456,30831,30693,0.9955239855989102
1880197272,205,204,0.9951219512195122
2086648070,3012,2808,0.9322709163346613
1464561744,530,95,0.1792452830188679
1684607650,30045,23514,0.7826260609086371
1360312678,22210,15086,0.6792435839711841
1157567071,930,921,0.9903225806451613
1384149626,9312,7747,0.8319372852233677
2017877282,81,34,0.41975308641975306
1465982060,8927,8281,0.9276352638064299
1344953350,23094,14380,0.6226725556421582
1732950607,61771,59646,0.9655987437470658
1447932971,1698,1057,0.6224970553592462
1155911431,45809,36710,0.801370909646576
1276552237,103,44,0.42718446601941745
1231643607,1461,970,0.6639288158795346
1483513364,130555,110559,0.8468384971850944
1226470351,15381,8830,0.5740849099538392
2254901572,169518,164565,0.970781863872863
1675738037,447,288,0.6442953020134228
1297072162,39688,25727,0.648231203386414
1573139960,12407,10846,0.8741839284275006
1419724309,18309,13478,0.7361406958326506
1244532777,225,224,0.9955555555555555
1681228019,34660,32709,0.9437103289094056
1273517796,289970,287919,0.9929268545021899
2088439062,1490,697,0.4677852348993289
1244797844,1494,979,0.6552878179384204
1319575110,8140,682,0.08378378378378379
1768999494,110,94,0.8545454545454545
1734800538,14,14,1.0
1735120593,112,85,0.7589285714285714
2886483811,403,403,1.0
1239538965,23347,11164,0.47817706771747975
1423762784,19137,10227,0.5344097820975074
1624368971,328,19,0.057926829268292686
1170860892,121402,118148,0.9731964877020148
1231566460,8354,7970,0.9540339956906871
3374401853,725,433,0.5972413793103448
1156633178,22,3,0.13636363636363635
1352378937,4305,3688,0.856678281068525
1956479912,3777,3718,0.9843791368811226
1194404411,215,3,0.013953488372093023
2130407585,189694,15080,0.07949645218088079
1581421549,6,6,1.0
2424706499,2020,682,0.33762376237623765
2145601723,318,318,1.0
1530931277,637,316,0.49607535321821034
1374975642,223662,149960,0.6704759860861479
1933906222,1,0,0.0
1383406235,12654,11868,0.9378852536747273
1491070572,221,51,0.23076923076923078
1318596238,10169,1264,0.12429934113482152
1130147108,41689,834,0.02000527717143611
2201597298,12979,9907,0.7633099622467062
3307434180,67,64,0.9552238805970149
1114262497,12819,3278,0.25571417427256415
1743412171,95587,91131,0.9533827821774927
1678186354,70071,66683,0.9516490416862896
1578752780,355,149,0.4197183098591549
1367995363,42001,4090,0.09737863384205138
1212829654,27767,26137,0.9412972233226492
1387302806,16635,11568,0.6954012623985573
1342910424,31635,24501,0.7744902797534376
2596734393,157,143,0.910828025477707
1474718758,1827,1613,0.8828680897646415
1510246960,2154,2028,0.9415041782729805
1442185428,306,290,0.9477124183006536
1168730878,171617,93967,0.5475389967194392
1676744411,10090,9840,0.9752229930624381
1416763973,62972,54168,0.8601918312900971
1586892922,101009,81045,0.8023542456612777
1175827292,57,54,0.9473684210526315
1137800217,128986,42932,0.3328423239731444
1184557467,436580,20193,0.04625269137386046
1290494625,414,410,0.9903381642512077
1349102092,162,133,0.8209876543209876
1042009118,256195,16025,0.0625500107340112
3319160542,710,561,0.7901408450704225
1568989460,6879,6545,0.9514464311673209
1373109133,39082,1061,0.02714804769459086
1202163967,18976,18746,0.9878794266441822
1354280196,22980,20789,0.9046562228024368
1237125967,43302,43167,0.9968823610918665
1632171604,14,9,0.6428571428571429
3043284430,5,5,1.0
1717458044,86,53,0.6162790697674418
2133541718,4895,4485,0.916241062308478
1853716000,10,10,1.0
1295467952,16794,1438,0.0856258187447898
2109108806,28664,571,0.01992045771699693
1178271398,5279,3690,0.6989960219738587
1245553746,10421,9140,0.8770751367431149
1671615586,139206,133339,0.9578538281395916
1305487937,454377,183326,0.4034667247681991
1329447866,78,19,0.24358974358974358
1336687359,26,23,0.8846153846153846
1263676250,12559,431,0.034318018950553385
1333707564,1034,930,0.8994197292069632
1482652897,292,89,0.3047945205479452
2029430625,427,362,0.8477751756440282
1451062722,624,624,1.0
1704790498,240,178,0.7416666666666667
1458285093,2947,1320,0.4479131319986427
1935495900,5139,5135,0.9992216384510605
1680100053,98967,90595,0.9154061454828377
1241703367,415216,29876,0.0719529112558283
1259131897,31047,2969,0.09562920733082102
1797070562,1706,1257,0.7368112543962485
1672899054,7660,7530,0.9830287206266318
1811236591,931,782,0.8399570354457573
1130562183,11627,9142,0.786273329319687
2318969038,46041,35628,0.7738320192871571
1571517571,4,1,0.25
1732549059,5873,5754,0.9797377830750894
3136357012,83,81,0.9759036144578314
1545384982,5306,5194,0.978891820580475
1438579534,1889,1885,0.9978824775013234
1820989121,1782,1549,0.8692480359147026
1611015352,257,86,0.3346303501945525
1437905307,430,96,0.22325581395348837
1363205031,100271,21618,0.2155957355566415
1166513543,414,179,0.4323671497584541
1301826490,7491,6066,0.8097717260712856
1522408727,942,586,0.6220806794055201
1593485651,1854,1600,0.8629989212513485
1305044817,30986,8087,0.2609888336668173
1201385589,188274,161472,0.8576436470250804
1632084373,2508,2406,0.9593301435406698
1604724594,3149,2309,0.7332486503651953
1429701662,41997,40649,0.9679024692239921
1724113575,2,2,1.0
1204327607,68313,41953,0.6141290823122978
3705804813,12061,12020,0.9966006135477987
1351508046,43211,35384,0.8188655666381246
1406106514,537,516,0.9608938547486033
1691777599,8359,6711,0.8028472305299676
2515533830,5649,5593,0.990086741016109
1477669566,41195,35353,0.8581866731399441
1571923102,1,0,0.0
1444506771,4863,56,0.011515525395846186
1403649085,127514,60890,0.4775161943002337
1382523150,284,276,0.971830985915493
1209579536,627843,490076,0.7805709389130722
1568016523,579,570,0.9844559585492227
1321678512,3024,2832,0.9365079365079365
1218067361,9688,8078,0.8338150289017341
1535451588,15942,12099,0.758938652615732
1442714783,2734,1784,0.6525237746891002
2363569604,1034,986,0.9535783365570599
1182141845,1556,1312,0.8431876606683805
1891585609,3585,1042,0.29065550906555093
1615530271,4491,3959,0.8815408594967713
1344463074,654700,2463,0.00376202840995876
1187440417,212443,97288,0.45794872036263845
2216477289,5597,5034,0.8994103984277292
1170780760,4276,2629,0.6148269410664172
1599742124,2279,1989,0.8727512066695919
1325469685,74800,63468,0.8485026737967915
1253555966,790,732,0.9265822784810127
1485665419,38431,31795,0.82732689755666
1717105840,68048,60247,0.8853603338819657
1476046784,880,570,0.6477272727272727
1693823759,67292,55265,0.8212714735778399
1154292640,451,356,0.7893569844789357
2102003827,133,129,0.9699248120300752
3274600047,476,231,0.4852941176470588
1554604338,1235,398,0.32226720647773277
1217761242,3,0,0.0
2255750824,2889,2828,0.9788854274835583
3086541811,42,31,0.7380952380952381
1901226023,641,628,0.9797191887675507
1166649076,2701,869,0.3217326915957053
1378296723,584,497,0.851027397260274
1271407878,97594,52090,0.5337418283910896
1447222933,3179,2709,0.8521547656495754
1166011868,875874,872221,0.9958293087818567
1638049624,386,222,0.5751295336787565
1781288028,73,22,0.3013698630136986
1906415633,54,27,0.5
1373953244,128303,8493,0.06619486683865537
2642282678,3313,3088,0.9320857229097494
2615076331,3,3,1.0
1425511938,56,56,1.0
1502447823,186,178,0.956989247311828
1419874945,39658,29282,0.7383630036814767
1287926433,6157,3532,0.5736560012993341
1218035822,41337,37196,0.8998234027626582
1421750797,88377,6304,0.07133077610690565
2031012534,1273,1231,0.96700706991359
2384765379,888,625,0.7038288288288288
1185587507,46617,43360,0.930132784177446
1233387117,16124,14850,0.9209873480525924
1837686226,251375,247028,0.9827071108901044
1280169893,404269,68131,0.16852887557542132
1395690832,6311,6294,0.9973062906037078
1196912683,121597,37452,0.3080010197620007
1596160354,1,1,1.0
1292470376,16633,13472,0.8099561113449167
1261203402,357565,353211,0.9878231929858907
1834651276,2613,2508,0.9598163030998852
1301718839,6511,4807,0.7382890493011827
1161194340,41831,27802,0.6646267122468983
3029011845,36,35,0.9722222222222222
1790781666,12928,12040,0.9313118811881188
1328175640,167,162,0.9700598802395209
1818404175,337,57,0.16913946587537093
2340398258,2522,2280,0.9040444091990484
1222222371,91847,7251,0.07894650886800875
1998359844,6806,5676,0.8339700264472524
1302624197,109091,93077,0.8532051223290648
1712733524,353,295,0.8356940509915014
1322613421,11309,5340,0.47219029091873727
1099970061,1220,768,0.6295081967213115
1781069094,321,307,0.956386292834891
2563408794,517381,4907,0.009484306536188997
2644831776,22487,22394,0.9958642771379019
2174730980,9560,9364,0.9794979079497907
1676894591,781,681,0.8719590268886044
1982833495,413,366,0.8861985472154964
2242044187,267,247,0.9250936329588015
1436091619,14174,9205,0.649428531113306
1126729153,394058,234377,0.5947779260920981
1355316476,783,662,0.8454661558109834
1215179474,828681,391072,0.4719210407865029
1585244260,651,617,0.9477726574500768
2178324285,540,512,0.9481481481481482
1223956888,575,422,0.7339130434782609
1733467265,2018,2012,0.9970267591674926
1372767369,7932,5233,0.6597327281896117
1282722914,17,4,0.23529411764705882
1788371449,6339,5724,0.9029815428300993
1669429958,60647,9155,0.15095552953979588
1938653900,17237,16812,0.9753437373092766
3931152245,47,42,0.8936170212765957
2145724690,8024,8014,0.998753738783649
1771029562,1316,786,0.5972644376899696
2555971592,5,5,1.0
1734118037,119522,97669,0.8171633674135306
1584825795,162145,130268,0.8034043602947979
3834505651,5,5,1.0
2047977973,21691,19928,0.9187220506200728
1850978688,155258,9448,0.06085354699918845
1943405041,16443,14793,0.89965334792921
1349657293,13752,7417,0.5393397324025596
1277786554,350972,242207,0.6901034840386128
1472267819,3960,2779,0.7017676767676768
1477920575,14021,9442,0.673418443762927
1333047151,9545,3303,0.34604504976427447
1276722588,1711,620,0.36236119228521335
2399188877,82,81,0.9878048780487805
1630055611,4295,4125,0.9604190919674039
1490225172,2667,2665,0.9992500937382827
2138249486,789,641,0.8124207858048162
2069674868,106,106,1.0
1455956586,508,485,0.9547244094488189
1439471040,89205,41498,0.4651981391177625
1182415833,415078,17514,0.04219447910995042
1253131902,20,7,0.35
1772928022,10,10,1.0
1712970207,222,222,1.0
1658491282,667524,185595,0.2780349470580833
1498398771,43394,9989,0.23019311425542702
1900817860,8539,4048,0.4740601944021548
1463471023,1305,1263,0.967816091954023
1446848956,22345,595,0.02662788095770866
1459845831,555,337,0.6072072072072072
1288902882,63133,41997,0.66521470546307
1374585871,873,671,0.7686139747995419
1566662934,3780,11,0.00291005291005291
1168536517,1742,18,0.010332950631458095
1455573481,59894,4396,0.07339633352255652
1438861072,20399,1462,0.07167017991077994
1417652380,4492,2438,0.5427426536064114
1342292573,3537,2317,0.6550749222504948
1579705168,41667,35315,0.8475532195742435
1401897847,7293,5389,0.7389277389277389
1308183644,34,0,0.0
1610901524,17259,15644,0.9064256330030709
1370310524,26408,20894,0.7911996364737958
1481581927,1261,1204,0.9547977795400476
1387054718,14448,3165,0.21906146179401995
1376042784,4404,3741,0.8494550408719346
1387644911,37109,34328,0.9250586111185966
1471877524,86607,38528,0.44486011523317975
1597904115,99475,97163,0.976757979391807
1537465939,2603,2547,0.9784863618901268
1711636595,5970,5299,0.887604690117253
1598186715,262,258,0.9847328244274809
1279569639,50404,47340,0.9392111737163717
1407048176,227912,225871,0.9910447892168908
1752617137,11587,8496,0.7332355225683956
2185623370,13998,13979,0.9986426632376054
1279966041,24,23,0.9583333333333334
1315376764,975,658,0.6748717948717948
1620391284,21838,21639,0.9908874439051195
1380132527,1118,1117,0.9991055456171736
1480319852,288367,60941,0.21133139367542056
1218727242,166448,793,0.004764250696914352
1511712900,12928,4642,0.35906559405940597
1504642060,1497,1313,0.8770875083500334
1811334991,5493,5065,0.922082650646277
1988414952,5344,5315,0.9945733532934131
1179912303,3916,418,0.10674157303370786
1286195108,102,72,0.7058823529411765
1542303407,4834,3579,0.7403806371534961
2688136972,8023,7146,0.8906892683534837
3003936914,2505,2363,0.943313373253493
1864647948,240,240,1.0
1353239286,23987,15906,0.66310918414141
1151554062,91,65,0.7142857142857143
2419237887,60,60,1.0
1364543157,38389,34827,0.9072130037250254
1462458470,2603,690,0.2650787552823665
1410466973,746,565,0.7573726541554959
1207852021,1132,1077,0.9514134275618374
2659817357,584,54,0.09246575342465753
1200288923,198415,18446,0.0929667615855656
1197006643,28899,3890,0.1346067337970172
1437657755,488279,383257,0.7849139528834949
1456171022,1533,1486,0.969341161121983
1767019003,68603,66321,0.9667361485649315
1353527079,7013,575,0.08199058890631684
1410620571,7412,4924,0.664328116567728
1358045196,2530,2030,0.8023715415019763
1311552154,564065,532006,0.9431643516261424
1457662228,12226,9389,0.7679535416325863
1361438151,70257,57411,0.8171570092659806
1467994520,580,574,0.9896551724137931
1216747101,155347,131700,0.8477794872124985
1381479393,3246,3064,0.9439309919901417
1228685834,1810,1632,0.901657458563536
1860572825,3395,2151,0.6335787923416789
1453604951,21240,3422,0.16111111111111112
1852891743,17,11,0.6470588235294118
1877970962,1,1,1.0
1056037582,33479,7500,0.22402102810717167
1728473728,1028,298,0.2898832684824903
1663935234,36791,35072,0.9532766165638336
1341850798,76,9,0.11842105263157894
1331917603,39571,11036,0.27889110712390386
1492574827,2177,256,0.11759301791456132
1427639183,3070,2752,0.8964169381107492
1292262223,5532,5326,0.9627621113521331
1550187540,805,546,0.6782608695652174
1224339892,73815,56726,0.7684887895414211
2286388114,3631,2296,0.6323326907188103
1365711693,34,2,0.058823529411764705
1693555123,96980,35256,0.3635388739946381
1225550950,477,467,0.9790356394129979
1792913757,1264,865,0.6843354430379747
1371821386,33010,2970,0.08997273553468646
1434153106,114,94,0.8245614035087719
1169676532,1731,1592,0.9196995956094743
1610288773,1227,1170,0.9535452322738386
1268636493,636,123,0.19339622641509435
1270324644,441,94,0.21315192743764172
1254318346,20102,19555,0.9727887772360959
1276816897,8375,7747,0.9250149253731343
1191434700,82575,60841,0.73679685134726
1244145337,1064,133,0.125
1475720995,15659,3859,0.24643974711028802
1496849065,3342,2995,0.8961699581089169
1211624731,1066,624,0.5853658536585366
1401653741,440,384,0.8727272727272727
1237672852,4993,4492,0.8996595233326657
1227546189,9831,6672,0.678669514800122
2436072294,1352,1331,0.9844674556213018
2122659460,3426,3238,0.9451255107997665
1246885107,530290,510705,0.9630673782270078
1282273707,2544,2297,0.9029088050314465
1246295264,37681,20692,0.5491361694222553
1224942182,34491,7729,0.22408744310109885
1635843237,18353,10134,0.5521713071432464
1733501215,2921,2270,0.7771311194796303
1494141256,5554,5083,0.9151962549513863
1249138743,4200,2112,0.5028571428571429
1772557119,43211,32157,0.7441855083196408
2104287486,12792,10095,0.7891651031894934
1938912518,3583,1469,0.40999162712810494
1454752762,82223,28108,0.34185082033007796
1246639886,814,723,0.8882063882063882
1226382684,195,131,0.6717948717948717
1234488605,1936,1211,0.6255165289256198
1537229464,133778,110899,0.828977858840766
1599141049,10834,1274,0.11759276352224478
2381166970,8,8,1.0
1262560969,210,117,0.5571428571428572
1434332348,2307,1687,0.7312527091460772
1861210534,8507,4598,0.5404960620665334
1296257255,104321,103172,0.9889859184632049
1597388289,19385,13594,0.7012638638122259
1248477772,27214,24493,0.9000146983170427
1394876525,217,106,0.48847926267281105
1173603412,48059,2109,0.04388355979109012
1425971687,11188,134,0.011977118341079729
1164252241,33169,32543,0.9811269558925503
1970021268,8030,7924,0.986799501867995
1282629660,183,151,0.825136612021858
3851197119,39,34,0.8717948717948718
1251112489,10998,7955,0.7233133296963085
1151694161,460,340,0.7391304347826086
1691051564,678,649,0.9572271386430679
1669136868,1274,1155,0.9065934065934066
1171471384,393,392,0.9974554707379135
1552316863,26,23,0.8846153846153846
1859110216,584,318,0.5445205479452054
1632767628,117,117,1.0
1230018632,356330,342545,0.9613139505514551
2791216562,469,174,0.37100213219616207
1576629216,17905,16672,0.9311365540351857
1297630059,1277,458,0.3586530931871574
1232409672,96522,87750,0.9091191645427985
1797682591,52271,51797,0.9909318742706281
1395340289,11594,3144,0.27117474555804727
2814731251,5005,1172,0.23416583416583417
1449195870,28959,15229,0.5258814185572707
1300494312,78819,69129,0.8770600997221483
1715275470,11766,3740,0.3178650348461669
2071365437,22416,19790,0.8828515346181299
1665005998,271674,52391,0.19284510111383496
1699853423,6499,5719,0.8799815356208648
1782050999,21521,6544,0.3040750894475164
1383137891,31257,23577,0.7542950379115079
1346243991,11805,839,0.07107157983905125
1465669815,217,164,0.7557603686635944
1239844604,1521,1466,0.9638395792241946
1332435351,94825,67587,0.7127550751384129
1438627552,4815,3575,0.7424714434060229
1378661625,2287,1823,0.7971141233056406
1498808970,29249,22462,0.7679578789018427
2185448560,370,283,0.7648648648648648
2932406211,26448,21180,0.8008166969147006
2717711197,97,23,0.23711340206185566
1374623298,22167,3315,0.14954662335904723
1853427885,2764,2621,0.9482633863965267
1692671291,6344,4815,0.7589848675914249
1660200708,3394,1265,0.37271655863288156
1504963689,10951,7186,0.6561957812071957
1764557284,478164,450482,0.9421077287290553
2553714808,13451,9523,0.7079771020741952
1156521269,108315,3353,0.030956007939805196
2073655291,2010,1953,0.9716417910447761
2377922103,15184,3711,0.24440200210748156
3268138124,44,44,1.0
1366120176,25004,23125,0.9248520236762118
1780840826,337671,259626,0.7688726600744512
1455062109,5372,449,0.08358153387937453
1298195523,34449,11228,0.3259310865337165
1690579912,21914,21332,0.9734416354841654
1257584193,1161,994,0.8561584840654608
1270566827,98,73,0.7448979591836735
2207584803,349,334,0.9570200573065902
2110470489,4028,2214,0.5496524329692155
1630367755,57074,42417,0.743193047622385
1576166105,94,85,0.9042553191489362
1492101414,5862,1061,0.18099624701467076
1293317103,7133,6615,0.9273797841020608
1408140454,1488,985,0.6619623655913979
2262896081,23,20,0.8695652173913043
1314527283,10703,10340,0.9660842754367934
1308294569,127366,105648,0.8294835356374543
1571572930,8,8,1.0
1344324734,10055,9765,0.9711586275484834
1410334935,30771,27653,0.8986708264274804
1626530571,69389,48270,0.6956434016919109
1441361759,40,17,0.425
1610151032,26171,8066,0.3082037369607581
1545836119,17731,12770,0.7202075461056906
1880706397,6,3,0.5
1524430895,24994,7796,0.3119148595662959
1154801347,15941,14430,0.9052129728373377
3862472406,62,56,0.9032258064516129
1359278181,5731,5257,0.9172919211306927
1258288495,22309,10106,0.45300103097404637
1468040993,89412,81566,0.9122489151344338
1498275981,1243,1138,0.915526950925181
1856527117,638,152,0.23824451410658307
1354425945,11019,10074,0.9142390416553227
1427979926,22284,20684,0.9281996050978281
1671562205,5688,2748,0.4831223628691983
1159683498,56393,56074,0.994343269554732
1317197342,139194,106343,0.7639912639912639
1788455091,329,211,0.6413373860182371
1523240523,22242,11870,0.5336750292239907
1219851355,641,601,0.9375975039001561
3313850845,43,43,1.0
1410557065,1912,1694,0.8859832635983264
1338308088,13853,2424,0.1749801487042518
1478234194,258605,82290,0.3182073045764776
1644657650,6455,6376,0.9877614252517428
1466063597,64991,56184,0.8644889292363558
1429680247,45479,4360,0.09586842278853977
1637952196,222987,39687,0.17797898532201428
1480942530,58296,29871,0.5124022231370935
1569563825,1514,1426,0.9418758256274768
1395854141,1912,929,0.4858786610878661
1121128994,25837,68,0.002631884506715176
1430837509,322,236,0.7329192546583851
1211089603,2665,2498,0.9373358348968105
1347611813,7038,7037,0.9998579141801648
1678774318,4238,1242,0.2930627654554035
2205771074,12554,12498,0.995539270352079
1423898586,1025,1008,0.9834146341463414
1220587272,963,166,0.17237798546209762
1346034137,158174,142672,0.9019940066003262
2726046369,541,479,0.8853974121996303
1598472449,10716,10532,0.982829413960433
1597613231,493025,35086,0.07116474823791898
1677130886,851,811,0.9529964747356052
1175710602,28913,9764,0.3377027634628022
1897815732,674,598,0.887240356083086
2259388474,26,26,1.0
1461097954,23,13,0.5652173913043478
2976065858,2756,2558,0.9281567489114659
1533250794,22694,21942,0.9668634881466467
1369747686,95672,49147,0.5137030688184631
1777279830,1852,1667,0.9001079913606912
1450026164,22046,8617,0.3908645559285131
1363343837,15398,10228,0.6642421093648526
1649493703,5681,939,0.16528780144340785
1464429559,15561,8746,0.5620461409935095
1288295741,31758,44,0.0013854776749165564
1363091517,7542,5317,0.7049854150092814
1487346101,136852,116693,0.852694882062374
1622937496,3288,3155,0.9595498783454988
3543364285,125,77,0.616
1369294242,73,71,0.9726027397260274
1479700426,56755,8921,0.15718438904061316
1505561788,30178,9588,0.31771489164291866
1498686284,53,29,0.5471698113207547
1412279032,1718,163,0.09487776484284051
1475744873,2094,66,0.03151862464183381
1792194066,326,241,0.7392638036809815
1173272211,500,290,0.58
1581244583,302,214,0.7086092715231788
3781886388,1395,1322,0.9476702508960574
1312742502,416487,4631,0.011119194596710102
1713617442,3317,2901,0.8745854687971059
1266052798,39030,1040,0.026646169613118113
1342130462,71187,68600,0.9636590950594912
2337438901,20,17,0.85
1402792552,139999,42834,0.30595932828091627
1608778188,131108,127760,0.9744638008359521
1370651306,8381,5113,0.610070397327288
1495275064,4035,2919,0.7234200743494423
1581952218,16878,16547,0.9803886716435597
1336053878,10688,10674,0.9986901197604791
1481973745,183385,74661,0.4071270823676964
1375200550,19879,11874,0.5973137481764677
3345852805,41327,16893,0.40876424613448836
2410041922,4809,903,0.18777292576419213
1408661613,10235,1023,0.09995114802149486
2184879189,26415,21030,0.7961385576377058
1201602441,34888,24090,0.6904952992432928
1163503227,864361,763283,0.8830604342398605
1265639741,1849,814,0.4402379664683613
1323126796,10536,3861,0.36645785876993164
1421643578,2023,1304,0.6445872466633712
1471245466,4502,16,0.003553976010661928
1159242426,14383,14374,0.9993742612806786
1468952400,84,24,0.2857142857142857
1745140152,50005,30013,0.6001999800019998
1781659302,1607,700,0.4355942750466708
1353240427,973,20,0.020554984583761562
1424910963,865,437,0.5052023121387283
1365013799,2089,1621,0.7759693633317377
1122578434,245354,671,0.002734823968633077
1209360403,21275,5133,0.24126909518213865
2775728758,6704,6704,1.0
1664963470,394,343,0.8705583756345178
3242979937,152,152,1.0
1783334090,344,339,0.9854651162790697
1313372080,34886,31824,0.9122284010777962
1447167414,16005,12994,0.8118712902218057
1464415178,36866,7673,0.20813215428850432
1839720118,5689,4655,0.8182457373879416
1395664603,16443,13870,0.8435200389223377
1441758785,263,251,0.9543726235741445
1496942518,3442,2043,0.5935502614758861
1228465889,84287,1615,0.01916072466691186
1575586675,8061,5930,0.735640739362362
1699254026,128,121,0.9453125
3682087966,4802,4801,0.9997917534360683
1478405213,441,413,0.9365079365079365
1680866522,761,17,0.022339027595269383
1512777764,4927,4799,0.9740207022528923
1474790122,141450,99101,0.7006079886885825
1422602291,51129,45323,0.8864440923937491
1236596905,594,96,0.16161616161616163
1418914684,74702,12610,0.16880404808438865
1626003812,4,0,0.0
1465035217,2894,2360,0.8154803040774016
1264288999,38457,9030,0.23480770730946252
1430788731,1714,366,0.21353558926487748
1191364141,1047,179,0.17096466093600765
1234000745,7864,4990,0.6345371312309257
1390359010,184,85,0.46195652173913043
1622160918,549219,280699,0.5110875625205974
1636694762,8056,7812,0.9697120158887785
1189435009,18410,18077,0.9819120043454644
1296219330,160,105,0.65625
1356674406,26715,26251,0.9826314804416995
1178340163,632,628,0.9936708860759493
1724300186,232,212,0.9137931034482759
1263983720,8702,1405,0.16145713629050792
2460280934,123,116,0.943089430894309
2434627915,255971,252628,0.9869399267885816
1251737123,514542,43888,0.08529527230041474
1283276437,155,15,0.0967741935483871
2213458408,16274,15006,0.9220843062553766
1301785311,3059,584,0.19091206276560968
1352734116,17080,12738,0.7457845433255269
1212124359,1329,1326,0.9977426636568849
1266508317,4554,2514,0.5520421607378129
1278213568,9512,8542,0.8980235492010092
1458630310,4807,4789,0.9962554607863532
1356670570,39432,35587,0.902490363156827
1210666539,2246,2136,0.9510240427426536
1208763077,103502,12198,0.11785279511507024
1257056559,5182,4383,0.8458124276341181
1300566718,163322,128257,0.7853014290787524
1246455960,208774,138112,0.6615383141578932
1215133668,294149,231645,0.7875090515351063
1274376017,5764,1947,0.3377862595419847
1147923211,12297,12259,0.9969098154021306
1462618160,266637,235445,0.8830169856396524
1403319681,40268,14995,0.37238005364060794
1287918079,11882,3808,0.3204847668742636
1209061768,5825,5739,0.9852360515021459
2181321330,13194,13163,0.9976504471729574
1718160429,117,116,0.9914529914529915
1339913280,310532,1036,0.0033362101168317596
2086441483,1867,1846,0.9887520085698982
1560212709,7832,6739,0.8604443309499489
1500170445,30069,18055,0.6004522930592969
2202839442,17432,15465,0.8871615419917394
2379389931,4944,4940,0.9991909385113269
1264317962,2600,2356,0.9061538461538462
1459019194,17099,15836,0.9261360313468624
1141195437,276943,8934,0.032259345785955955
1667425787,32192,30378,0.9436505964214712
1255186216,18827,2587,0.13740904020821162
1132912163,5134,2138,0.4164394234514998
1714972090,2519,1800,0.7145692735212386
1479686439,3113,2430,0.7805974943784131
1298290808,5815,4565,0.7850386930352536
1534514629,15749,13606,0.8639278684360912
2392926279,741178,660103,0.8906133209566393
1193761166,4029,3461,0.8590220898485976
1151129688,1785,391,0.21904761904761905
1356399682,68749,69,0.0010036509621958137
1268831550,75846,28571,0.3766975186562245
1745824626,59299,57899,0.976390832897688
1803758426,1712,1657,0.967873831775701
2240416350,1029,1017,0.9883381924198251
1494773301,9364,9084,0.9700982486117044
2243564159,65,63,0.9692307692307692
1485292744,471367,310584,0.6589006018664862
1230499057,9585,5556,0.5796557120500783
1998307587,1911,1792,0.9377289377289377
1703433742,2384,2362,0.9907718120805369
1282881674,3516,3359,0.9553469852104665
1312270473,659946,26901,0.04076242601667409
1587208135,114,96,0.8421052631578947
1737780085,5366,3293,0.6136787178531494
2574471830,28,13,0.4642857142857143
1753751204,77,76,0.987012987012987
1448758622,4487,2295,0.5114776019612213
2022399164,59197,32812,0.55428484551582
1411283710,29777,2867,0.0962823655841757
1728733412,2581,2215,0.8581944982564897
1533463020,6327,6045,0.9554291133238502
1558337597,800,263,0.32875
1397133952,12527,1758,0.14033687235571166
1213434964,1524,1016,0.6666666666666666
1163598872,23,8,0.34782608695652173
1679120120,180,162,0.9
1611553583,13004,11049,0.8496616425715164
1488570665,136857,5926,0.04330067150383247
1357759896,7468,6479,0.8675682913765399
1266883609,48815,40487,0.8293967018334528
1469862742,287130,240958,0.8391947898164595
1756111497,2219,2196,0.9896349707075259
1656765459,104,100,0.9615384615384616
1240053644,350636,100834,0.28757457876544334
1152700984,17546,2625,0.14960674797674683
1534709646,960,865,0.9010416666666666
1195044781,68211,67072,0.9833018134904927
1461970752,694,26,0.037463976945244955
1307367448,9880,6532,0.6611336032388664
1507714645,8444,857,0.10149218379914732
1346055738,23329,13379,0.5734922199837112
1663483424,142567,140069,0.9824784136581397
1840888629,7504,7295,0.9721481876332623
1520603837,48,30,0.625
1200216925,1416,221,0.1560734463276836
1169049720,15628,9588,0.6135142052725877
2825438700,10080,9819,0.9741071428571428
2320701592,566,550,0.9717314487632509
1136357016,1732,1318,0.7609699769053118
1512905935,1576,1527,0.9689086294416244
1483360068,161264,135741,0.8417315705923206
2564586249,3196,0,0.0
1412052659,33133,29849,0.9008843147315365
1419651176,130,120,0.9230769230769231
1493041805,19546,11878,0.6076946689859818
1378498818,104488,103134,0.9870415741520557
1328548436,562,367,0.6530249110320284
1553184235,2307,1652,0.7160814911140009
1649961154,446,67,0.15022421524663676
1417820227,13044,1315,0.10081263416130022
1693612323,901,611,0.6781354051054383
1394030436,78747,46558,0.5912352216592378
1593556764,2824,580,0.20538243626062322
1195215834,157961,146136,0.9251397496850489
1219094968,135663,131456,0.9689893338640602
1440555877,52216,45091,0.8635475716255554
1320255103,56973,46398,0.8143857616765836
1504571193,29234,28965,0.990798385441609
1307737590,3793,3038,0.8009491167940944
1281515829,191843,9786,0.05101046167960259
1350496900,803474,101838,0.12674710071514447
1542137741,279,269,0.96415770609319
1850136595,95702,93773,0.9798436814277653
1248505107,22267,9793,0.4397988054071047
1699072039,123,107,0.8699186991869918
1400088731,7101,6821,0.9605689339529644
1365785735,1937,1889,0.9752194114610222
1111667545,9089,353,0.03883815601276268
1308871667,32023,799,0.024950816600568342
1623789885,127,126,0.9921259842519685
1459372468,361,7,0.019390581717451522
1564076632,5197,5185,0.9976909755628247
2701946699,78,78,1.0
1677233779,393,334,0.8498727735368957
1481508214,6035,5171,0.8568351284175643
1642595885,15774,11955,0.7578927348801826
1494922442,121,39,0.32231404958677684
1478638358,37,28,0.7567567567567568
1567745724,12350,10713,0.8674493927125506
1541356302,160,149,0.93125
1691287977,7505,7486,0.9974683544303797
1181028439,2575,1722,0.6687378640776699
2061363527,829,779,0.9396863691194209
1410335242,35583,33617,0.9447488969451704
1233743527,11004,2408,0.21882951653944022
3705675677,190,174,0.9157894736842105
1336575246,18286,4351,0.23794159466258338
1437014419,477,476,0.9979035639412998
3915143833,356,333,0.9353932584269663
1379602235,132,129,0.9772727272727273
1572878747,44234,42782,0.9671745715965094
1383947102,525987,435381,0.8277409897963257
1851906963,37124,8455,0.22775024243077255
1251044534,11288,7220,0.6396172927002126
1515694437,4335,2755,0.635524798154556
3419858134,550,461,0.8381818181818181
1361990902,2095,1553,0.7412887828162291
1429331689,273,257,0.9413919413919414
1360108334,5562,4944,0.8888888888888888
1414800097,16879,760,0.04502636412109722
1569330798,2978,1619,0.5436534586971121
1336196656,3743,3543,0.9465669249265295
1776358927,3643,3396,0.9321987373044195
1503394362,509,460,0.9037328094302554
1734252811,2629,1662,0.6321795359452264
2043989780,5316,3996,0.7516930022573364
1755417744,792,543,0.6856060606060606
1489731163,96,62,0.6458333333333334
1782350795,20006,9066,0.45316405078476457
1706768900,15649,11262,0.7196625982490894
1462017298,334450,321746,0.962015248916131
1609417993,683,654,0.9575402635431918
1326390831,147564,117678,0.7974709278685859
1516164968,3778,18,0.004764425622022234
1216078245,1461,1387,0.9493497604380561
1389225440,505900,61223,0.12101798774461356
1522329271,10615,6713,0.6324069712670749
1426712705,44404,4713,0.10613908656877759
1590085756,9084,3040,0.33465433729634525
1420597899,873,3,0.003436426116838488
1344257928,43945,28723,0.653612470133121
1077841624,538393,73260,0.13607160568580945
1851881953,745,648,0.8697986577181208
1323269563,174,173,0.9942528735632183
1417601161,201358,176801,0.8780430874363074
1168635905,693,688,0.9927849927849928
1224114420,124,109,0.8790322580645161
1639541116,5273,4509,0.855110942537455
2402300036,2,2,1.0
1479701882,18064,13305,0.7365478299379983
1644217907,200019,150395,0.7519035691609297
1219353158,388043,157571,0.4060658226021343
1382665169,2380,1914,0.8042016806722689
1336649282,339664,293849,0.8651167035658769
1377679423,3,0,0.0
1142948498,525619,134559,0.2560010197500471
1179086112,528,396,0.75
1222013377,518,510,0.9845559845559846
1171895472,49869,122,0.002446409593134011
1191510291,1836,1642,0.8943355119825708
1676292413,400,71,0.1775
1766228217,108511,71628,0.6600989761406678
2109164412,44653,11669,0.261326226681298
3604392713,214,212,0.9906542056074766
1223957093,2774,131,0.04722422494592646
1636963038,544,512,0.9411764705882353
3866699373,759,757,0.997364953886693
2001804940,364,31,0.08516483516483517
1189098183,752,101,0.13430851063829788
2228144015,1005,810,0.8059701492537313
1712898173,2037,1635,0.8026509572901326
1247734361,13699,2874,0.20979633549894153
1486933461,5024,2242,0.4462579617834395
1662009611,5322,406,0.07628711010898158
1291420815,24471,10640,0.4348003759552123
1262772518,1810,520,0.287292817679558
1536046216,7896,4699,0.5951114488348531
2613959135,23,23,1.0
1492233465,22441,11531,0.5138362818056237
1463414202,540,395,0.7314814814814815
2291301082,421,414,0.9833729216152018
1288295727,2045,1869,0.9139364303178484
1191998003,1442,1188,0.8238557558945908
1767842835,9286,4189,0.4511091966401034
1737663169,37936,3017,0.07952867988190637
2247493337,12095,10677,0.8827614716825134
1791911746,1594,1594,1.0
1972333259,423,380,0.8983451536643026
2029449396,256,255,0.99609375
1727522485,8721,1496,0.17153996101364521
1193186804,94318,36316,0.38503785067537477
1323315696,36074,104,0.0028829627986915784
1177366528,71660,31182,0.4351381523862685
1409676150,6330,187,0.029541864139020536
2090807157,4671,4085,0.8745450652965104
1394166786,4660,3505,0.7521459227467812
1255929114,1054,814,0.7722960151802657
1970647773,6984,5513,0.7893757159221076
1607513825,522,360,0.6896551724137931
1302731888,265080,246767,0.9309151954127056
2329208968,3547,3105,0.8753876515365098
1676541605,1522,1018,0.668856767411301
1444176554,6359,1313,0.2064790061330398
1190810584,10575,7630,0.7215130023640662
1733819281,6,6,1.0
1321087497,7285,5820,0.7989018531228552
2622611601,173,80,0.4624277456647399
1496625467,1973,1635,0.8286872782564623
1512122849,594479,85259,0.14341801813016103
1312522717,4185,3975,0.9498207885304659
1384464252,25867,13985,0.5406502493524568
1451359909,24,24,1.0
1342164065,8878,7730,0.8706915972065781
1339280901,33288,24537,0.73711247296323
1747556960,7,0,0.0
1603133386,17770,17301,0.9736072031513787
1874483618,1,0,0.0
1726229688,527102,497624,0.9440753402567245
1261262174,384,168,0.4375
1257209282,2200,2164,0.9836363636363636
1383780708,15839,14560,0.9192499526485258
1427598691,59954,6040,0.10074390365947226
1449337232,3724,3400,0.9129967776584318
1348740246,545324,440572,0.8079086928138134
1421282231,21933,5656,0.25787625951762183
2469080479,9,9,1.0
1470996357,3261,3069,0.9411223551057958
1970477914,1,0,0.0
1783038369,8069,7982,0.989217994794894
1291015112,592952,583849,0.9846479984889165
1173127042,53738,30340,0.5645911645390599
1248958648,1034251,982826,0.95027802728738
1501715237,16472,5055,0.3068844099077222
1440781936,14218,13397,0.9422562948375299
1259216137,79327,60880,0.7674562254969934
1272216028,24778,16009,0.6460973444184357
1882214842,1380,1274,0.9231884057971015
1391203053,545,490,0.8990825688073395
2216793373,4842,4665,0.9634448574969021
1983627500,83281,81286,0.976044956232514
1398025301,1083,830,0.7663896583564174
1415975123,599,521,0.8697829716193656
1444692707,66,6,0.09090909090909091
1458342020,99,93,0.9393939393939394
1153334923,580227,551922,0.9512173683747912
1180977356,131244,122633,0.934389381609826
1451868889,225,168,0.7466666666666667
1373465007,39398,37681,0.9564191075689121
1739531079,832,811,0.9747596153846154
1573758876,431,402,0.9327146171693735
1311793099,2192,1781,0.8125
1477051316,69057,29512,0.4273571107925337
1493102397,6852,6833,0.9972270869819031
1692935493,5566,5455,0.9800574919151994
1400199799,20965,5283,0.251991414261865
1326700928,7344,7143,0.9726307189542484
1822959399,132645,128770,0.9707866862678578
1210038735,92,73,0.7934782608695652
1453523595,45279,3913,0.08641975308641975
3172159254,106,105,0.9905660377358491
1726965710,21312,1205,0.05654091591591592
1348872008,3873,1671,0.4314484895429899
1369382774,8971,8872,0.9889644409764797
1364069391,64,50,0.78125
1340113677,1087843,824174,0.7576221936437519
1530523029,461719,19230,0.041648708413558895
1322738910,96820,86049,0.8887523239000207
1444409859,42333,2793,0.06597689745588547
1761027814,3,3,1.0
1691557429,12767,10490,0.8216495652855017
1626856757,145129,52546,0.36206409470195483
1644563562,22,9,0.4090909090909091
1537287407,4254,193,0.04536906440996709
1375190592,146364,90810,0.6204394523243421
1587471628,6486,862,0.13290163428923835
1181899856,1,0,0.0
1498260509,2740,1197,0.43686131386861315
1546037891,5114,4629,0.9051622995698083
1330581305,79195,71293,0.9002209735463097
1712895918,72417,5752,0.07942886338843089
1767382496,64,64,1.0
1192218001,300,295,0.9833333333333333
1575446867,8372,8363,0.9989249880554228
1305141013,625,27,0.0432
1392660788,5128,4835,0.9428627145085804
1738824410,45621,45461,0.9964928432081717
1341048853,78,74,0.9487179487179487
1623315937,901,788,0.8745837957824639
1284613125,79261,65363,0.8246552528986513
1547984102,123,0,0.0
1217916641,378,292,0.7724867724867724
1517769738,1679,1619,0.9642644431209053
1423193296,367,363,0.989100817438692
1361633962,6894,6234,0.9042645778938208
1325556644,64335,54499,0.8471127690992462
1162222742,88254,84482,0.9572597276044146
1376339512,39319,36520,0.9288130420407437
1730267089,3714,1585,0.4267635971997846
1265184078,336,67,0.19940476190476192
1755708684,1293,1250,0.9667440061871616
1217668690,7155,6746,0.9428371767994409
1263564758,2118,1676,0.7913125590179415
1456100058,70169,29835,0.4251877609770697
2337040103,20187,19821,0.9818695199881111
1338312039,1275,24,0.018823529411764704
1275913391,129774,6112,0.04709726139288301
1673281240,2262,2013,0.889920424403183
1381170439,606246,588849,0.9713037281895468
1327120753,1678,343,0.20441001191895114
1907531639,65611,10695,0.16300620322811724
1470989019,101516,33961,0.33453839788801765
1256594180,16208,14831,0.9150419545903258
1265570042,14098,13726,0.9736132784792169
2098533888,52,49,0.9423076923076923
1512067072,135819,80262,0.5909482472997151
1535391633,1785,1774,0.9938375350140056
1145096359,85528,1913,0.022366944158638106
1700107529,23036,22354,0.9703941656537594
1776671546,4101,3258,0.7944403803950256
1156512656,6575,2965,0.4509505703422053
2195703959,9019,6744,0.7477547399933474
1613297863,704,690,0.9801136363636364
1788857694,8402,127,0.015115448702689835
1698520828,21764,6604,0.3034368682227532
1600325157,15847,15677,0.9892724174922698
1548017033,62295,59813,0.9601573159964684
1501174935,37150,4487,0.12078061911170929
1207134206,2907,56,0.019263845889232887
1466911385,240893,22847,0.09484293856608536
1197587386,37925,983,0.025919578114700068
1204706203,4,0,0.0
2111388228,4088,3967,0.9704011741682974
1129001829,208071,109151,0.5245853578826458
1235955630,117299,17786,0.15162959616024008
1226317730,143793,72745,0.5059008435737484
1936609438,32990,25450,0.7714458926947559
1407632328,25,0,0.0
1890700443,4675,3751,0.8023529411764706
1644870776,443,154,0.3476297968397291
1833417948,3244,3057,0.9423551171393342
1520806662,751,728,0.9693741677762983
1299390742,247703,9445,0.038130341578422544
1146493026,151938,55286,0.36387210572733614
2133984127,3688,3630,0.9842733188720173
2053309991,1030,1002,0.9728155339805825
1463769039,87186,49451,0.5671896864175441
1225461647,133822,66398,0.49616654959573164
2538690140,4,1,0.25
1354672360,1828,129,0.07056892778993436
1153168485,119,105,0.8823529411764706
1696129285,364872,281442,0.7713444714858909
1651947755,165956,156391,0.9423642411241534
1617769413,8050,6868,0.853167701863354
1795062186,2655,2239,0.8433145009416196
1625759582,4460,4400,0.9865470852017937
1405335893,137091,133171,0.9714058545054015
1541000310,12292,10496,0.8538887081028311
1949596175,325,191,0.5876923076923077
1420811214,14467,12774,0.8829750466579112
1425410450,47415,36653,0.7730254138985553
1387057265,229279,121890,0.5316230444131386
1268531432,1779,1495,0.8403597526700394
1700031369,23029,17311,0.7517043727474054
1162138547,11614,738,0.06354399862235233
1627096808,1279,1197,0.9358874120406567
1752860115,1989,1523,0.7657114127702364
1678247147,251,179,0.7131474103585658
1684054380,5804,1749,0.30134390075809786
2088133063,5482,4511,0.8228748631886172
2930807011,6,6,1.0
2376221736,50,50,1.0
1361786383,672,668,0.9940476190476191
1234902837,12561,2489,0.1981530132951198
1883895359,113,102,0.9026548672566371
1473926799,60635,46580,0.768203182980127
2852387282,175,172,0.9828571428571429
2490703924,3904,2285,0.585297131147541
1571921343,101,90,0.8910891089108911
1561578605,20788,19785,0.9517510101981913
1626389680,9788,2260,0.23089497343686147
1450047479,14619,8738,0.5977153020042411
1529799739,1144,431,0.3767482517482518
1167575025,24009,6988,0.29105752009663044
1334634718,339063,106166,0.31311585162639394
1683348752,4606,3943,0.8560573165436387
1241544949,124855,2980,0.023867686516358975
2424631484,250,218,0.872
1264590910,22960,7005,0.305095818815331
1240905124,1048,692,0.6603053435114504
1211189817,9713,323,0.03325440131782147
1414803770,3316,3198,0.9644149577804584
1275817735,7029,5144,0.7318252952055769
1361747859,13813,524,0.03793527836096431
1271206850,1618,1235,0.7632880098887516
1789681087,12358,11690,0.9459459459459459
1234094548,2090,677,0.32392344497607656
2606949476,8351,7482,0.8959406059154592
1206919979,638,215,0.33699059561128525
1244419344,1050,963,0.9171428571428571
2138004337,1,1,1.0
1582680971,10849,1824,0.1681260945709282
1260561718,2174,130,0.05979760809567617
1262388142,122691,69227,0.5642386157093837
3778520992,10,10,1.0
1777246459,1826,1801,0.9863088718510405
1681266640,1226,1195,0.9747145187601958
1193006171,10975,9778,0.8909339407744875
2771201307,164,163,0.9939024390243902
1490524278,10197,518,0.05079925468274983
1675096464,3176,3138,0.9880352644836272
1498562658,11068,10648,0.9620527647271413
1314080756,241,91,0.3775933609958506
1474875047,45811,8944,0.19523695182379777
1840743529,110976,99634,0.8977977220299884
1455506374,8179,636,0.07776011737376208
1602668094,1956,1901,0.971881390593047
1558601797,326,313,0.9601226993865031
1308071292,4348,3137,0.7214811407543699
1666343085,4271,3658,0.8564738937017092
1162757066,335862,127097,0.3784203035770644
1631025507,438,338,0.771689497716895
3202330219,64,64,1.0
1779147289,5818,5661,0.9730147817119285
1405832099,9626,4545,0.4721587367546229
1409076256,6421,6245,0.9725899392617973
1364279264,3151,2989,0.9485877499206601
1146010835,609,594,0.9753694581280788
1387055547,19297,13061,0.6768409597346737
1201235904,204755,123468,0.6030035896559303
1694825027,53,53,1.0
1896583123,4441,4205,0.9468588155820761
1656288817,637,631,0.9905808477237049
1516141907,358,223,0.6229050279329609
1357298774,29557,19776,0.6690800825523565
1230508928,42311,39898,0.9429699132613268
1519985925,60674,42015,0.6924712397402512
1169005761,20276,4698,0.23170250542513315
2184146350,3355,3352,0.9991058122205663
1529719486,986,33,0.033468559837728194
2160354180,94915,84185,0.8869514829057578
1167882124,2258,2102,0.9309123117803366
1344713527,2057,1900,0.9236752552260573
1656095597,10767,7883,0.7321445156496703
1651566073,30763,24020,0.7808081136430127
1338354321,12400,694,0.05596774193548387
1176116063,232080,176257,0.7594665632540504
1304784980,3386,3143,0.9282339043118725
2237623352,23,2,0.08695652173913043
1155528841,174912,131000,0.7489480424442005
1235346586,13,1,0.07692307692307693
1425371904,77510,26071,0.33635659914849697
1379402364,412,262,0.6359223300970874
1235170556,33147,11617,0.3504691223941835
1557412208,281,236,0.8398576512455516
1219255767,15995,2503,0.1564864020006252
2159863251,2573,2459,0.9556937427127866
1434638191,17486,7989,0.45687978954592245
1317485549,290,171,0.5896551724137931
1466482335,713,675,0.9467040673211781
1167768857,273333,102930,0.37657362996784144
2053487613,96743,35961,0.3717168167205896
1438057544,140531,109514,0.7792871323764863
1212347723,18710,12619,0.6744521646178514
2693529338,18810,16084,0.855077086656034
1333816030,3153,3152,0.9996828417380272
1839682520,2240,2140,0.9553571428571429
1494599280,33366,28699,0.8601270754660433
1206074650,1242,1123,0.9041867954911433
2255583725,1,1,1.0
1215645021,827,774,0.9359129383313181
2384335677,698,666,0.9541547277936963
2072393151,2330,2317,0.9944206008583691
1499313445,7658,7250,0.9467223818229302
1839234438,2774,2462,0.8875270367700072
1704110835,23381,5441,0.23271032034557976
1152491782,93867,92325,0.9835725015181054
2140578624,100786,51699,0.5129581489492588
1667071173,69557,41062,0.5903359834380436
2126482454,514,457,0.8891050583657587
1299714522,20008,19022,0.9507197121151539
1359046002,283629,4190,0.014772819422555521
1288310895,37763,9537,0.25254879114477136
1403700431,4125,3964,0.9609696969696969
1259190735,1347,1233,0.9153674832962138
1255855995,10478,3496,0.33365146020232866
1392799970,3027,2529,0.8354806739345887
1415141029,99350,96864,0.9749773527931556
1261201026,57142,56215,0.9837772566588499
1198103777,394738,141639,0.35881774746794076
1301009753,942,725,0.7696390658174098
1285909585,2964,1559,0.5259784075573549
1112660723,45310,43223,0.9539395276980799
1436896813,17050,12403,0.7274486803519061
2191700736,2396,2247,0.9378130217028381
1691439240,7272,7006,0.9634213421342134
1862784863,183213,177297,0.9677097149219761
2092696101,88770,1836,0.020682663061845217
1965166115,19628,17661,0.8997860199714693
1224623464,7,0,0.0
1724484883,6327,6223,0.9835625098782994
2051966057,82687,81073,0.9804806075924873
2211009402,124,116,0.9354838709677419
2079210910,177,145,0.8192090395480226
1381327556,147613,97502,0.660524479551259
1307597409,18068,12334,0.6826433473544388
1228432447,104492,56093,0.5368162155954522
1302279839,249,229,0.9196787148594378
1312111043,99672,53607,0.5378340958343366
1432614620,105482,92701,0.8788324074249635
1364459561,36356,4768,0.13114754098360656
1479289430,8068,1354,0.16782350024789291
1653026481,2121,2100,0.9900990099009901
1432622593,2114,1727,0.8169347209082308
1732453196,4427,4397,0.9932234018522702
1242231801,882,114,0.1292517006802721
1798927203,1292,828,0.6408668730650154
1344204590,30461,106,0.0034798594924657757
1236045229,632553,197183,0.3117256577709694
1761596802,1564,843,0.539002557544757
1365943735,15417,13929,0.9034831679315042
1411274772,42630,39971,0.9376260849167253
1258964886,26522,16787,0.6329462333157378
1471469112,2266,80,0.0353045013239188
1399713862,19002,4537,0.23876434059572677
1403954129,4349,4182,0.9616003679006668
1197728570,870,490,0.5632183908045977
1265577597,1469,1281,0.8720217835262083
1206105989,615017,29167,0.047424705333348506
1438451457,85239,33227,0.38980982883421905
1275851962,24815,21762,0.876969574853919
1243847868,1486,1342,0.9030955585464334
1514434733,2071,1003,0.48430709802028005
1455539961,518,484,0.9343629343629344
1393860746,352,323,0.9176136363636364
3056012049,171,75,0.43859649122807015
1527618366,770,641,0.8324675324675325
1429512531,270820,62124,0.22939221623218373
1160848994,522,378,0.7241379310344828
1205084328,277769,218260,0.7857608300422293
1024565875,3031,1981,0.6535796766743649
1871196464,104009,102693,0.9873472487957773
1302035070,4958,0,0.0
1972284413,794,760,0.9571788413098237
1522324026,116251,76964,0.662050218922848
1333759306,6785,5051,0.7444362564480471
1346731099,2729,2482,0.9094906559179187
1382321697,71644,763,0.010649879962034503
1390393835,297,230,0.7744107744107744
1156480837,219478,67680,0.308368036887524
3800509318,4920,4697,0.9546747967479675
1187499865,35305,27474,0.7781900580654298
1499828411,3583,3476,0.9701367569076194
1445851748,19878,17439,0.8773015393902807
1422049193,37961,32806,0.8642027343852902
1473681125,232585,86260,0.3708751639185674
1752547028,2183,1596,0.7311039853412735
1275366822,6036,5855,0.9700132538104705
1707069614,10897,6521,0.5984215839221804
1246739393,208,206,0.9903846153846154
1147794532,79125,9323,0.11782622432859399
1654825260,91,91,1.0
1141924794,140580,9910,0.07049366908521838
1210845335,203501,163741,0.8046201247168319
1222293991,82853,15625,0.18858701555767443
1557884221,186,130,0.6989247311827957
3810366984,10947,8454,0.7722663743491367
1521945828,72506,58037,0.8004441011778336
1257922564,11523,8912,0.7734097023344615
1203480958,168446,145265,0.862383196988946
1166170950,27490,21507,0.7823572208075664
1845812122,192,183,0.953125
1728585132,11553,7848,0.6793040768631524
1552375943,350,288,0.8228571428571428
1793040934,297,60,0.20202020202020202
1446072056,395384,193149,0.4885099042955709
1246354730,4743,4459,0.9401222854733291
1226162099,77697,30521,0.39282082963306175
1562352396,51,51,1.0
2172857197,2572,2555,0.9933903576982893
1176100374,546882,195558,0.3575871943124842
1438808641,379,91,0.24010554089709762
3372260828,2761,2185,0.7913799348062296
1375985426,29029,19985,0.6884494815529298
1295720010,25615,4037,0.1576029670115167
1361593485,9088,8830,0.9716109154929577
2198504595,756,51,0.06746031746031746
1148115728,11161,804,0.07203655586416988
1185616445,41894,24198,0.5776006110660238
1402615416,599,278,0.46410684474123537
1330453837,4919,3284,0.6676153689774345
1634378929,4767,3030,0.6356198867212083
1522399416,2586,659,0.2548337200309358
1339663078,1834,671,0.3658669574700109
1403990993,446212,413753,0.9272565506978746
1171553606,9323,8025,0.860774428831921
1748687353,2412,874,0.3623548922056385
1479471320,32212,26316,0.8169626226251087
1229320321,4,2,0.5
1308880588,69,20,0.2898550724637681
1499418795,31275,29559,0.9451318944844125
1735345009,126,107,0.8492063492063492
1194434192,248,230,0.9274193548387096
1725606879,793,753,0.9495586380832283
1576605406,13505,4020,0.2976675305442429
1492351657,98542,14848,0.15067686874632136
2602483647,946,942,0.9957716701902748
2416740095,31,31,1.0
1209872672,3898,2963,0.7601334017444844
1462472030,32403,25977,0.8016850291639663
1299458269,6677,5691,0.8523288902201588
2103589799,264,257,0.9734848484848485
1537637848,829,769,0.9276236429433052
1754629316,3113,2971,0.954384837777064
1556276786,20,14,0.7
1327311932,466,195,0.4184549356223176
1115007822,164327,144804,0.8811942042391087
2126325540,5502,5211,0.9471101417666303
1697265100,9261,7289,0.7870640319619912
1474360928,90,37,0.4111111111111111
2002156989,349,331,0.9484240687679083
1445000030,2782,2445,0.878864126527678
1489889475,5697,4849,0.8511497279269791
2450182034,6036,4905,0.812624254473161
1263598487,23970,5985,0.24968710888610762
1288486054,118226,104025,0.8798825977365385
1146329382,8091,832,0.1028303052774688
1297841660,1022,664,0.649706457925636
1471575158,17,12,0.7058823529411765
1792675898,6911,3551,0.513818550137462
1885232062,21573,20921,0.9697770361099523
1320034597,34952,16000,0.45777065690089264
1696841047,6804,6358,0.9344503233392122
1324866670,3412,2549,0.7470691676436108
1432800162,25928,224,0.008639308855291577
2757912590,227,208,0.9162995594713657
2371582871,5,5,1.0
1687311049,440,439,0.9977272727272727
1157488718,6139,5925,0.9651409024271054
1591537692,146427,89891,0.6138963442534505
1828810405,82024,75587,0.921522968887155
1751358318,425,287,0.6752941176470588
1476126765,381170,325969,0.8551801033659522
1119787347,21947,1842,0.08392946644188272
1849941430,9839,5149,0.5233255412135379
2317582757,225,199,0.8844444444444445
1303395866,380224,159049,0.41830342114122204
1424448454,246,165,0.6707317073170732
1334586043,5886,5133,0.8720693170234455
1160638004,8352,8319,0.9960488505747126
2139127709,2858,2438,0.8530440867739678
1511863396,12,11,0.9166666666666666
1204767281,208046,129881,0.6242898205204618
1973125172,773,768,0.9935316946959897
1731433898,19179,14301,0.7456593148756452
1266808854,27419,418,0.015244903169335133
1386811057,757006,502081,0.6632457338515151
1512348303,309040,211240,0.6835361118301838
1287623959,1236,1233,0.9975728155339806
1216747905,86157,11584,0.13445222094548326
1228419639,575128,99831,0.17358048990833344
1325239559,1421,1238,0.8712174524982407
1174399804,1712,1403,0.8195093457943925
2670146210,26,26,1.0
1725528078,1483,110,0.07417397167902899
1715739680,15997,15892,0.9934362693004939
1160743103,130191,12558,0.09645828052630366
1435978030,532909,289322,0.5429107033283356
3304126253,284,251,0.8838028169014085
1239605094,817,748,0.9155446756425949
1603049494,864,708,0.8194444444444444
1315180493,378,143,0.3783068783068783
1626069247,6911,6202,0.8974099262046014
1413345168,5803,5776,0.9953472341892124
1185409548,3697,2810,0.7600757370841222
1340119612,523,518,0.9904397705544933
1600968291,212560,16986,0.07991155438464434
1396878365,1247,1134,0.909382518043304
1572445398,723,703,0.9723374827109267
1280830775,25184,14684,0.5830686149936467
1334601473,46282,43635,0.9428071388444752
1315262762,985135,894281,0.9077750765123562
1542002341,577,566,0.9809358752166378
1577796742,63813,63753,0.9990597527149641
2086521889,11543,11094,0.9611019665598198
1442862734,250,205,0.82
2410613319,18,18,1.0
1194613176,463,20,0.04319654427645788
1476948740,37324,14900,0.3992069445932912
1707867160,5091,4633,0.9100373207621293
1564107841,5142,5060,0.9840528977051731
1328168969,2332,2237,0.95926243567753
1197095309,2345,2190,0.9339019189765458
1167692263,1661,1375,0.8278145695364238
1799650316,314592,165081,0.5247463381141287
1174564987,5346,1115,0.20856715301159745
1869250998,60,43,0.7166666666666667
1516743459,35902,23853,0.6643919558798953
1338930063,1166,1139,0.9768439108061749
1135518791,57415,51225,0.8921884524949926
1215564719,2147,817,0.3805309734513274
1657226573,8375,2907,0.3471044776119403
1440169234,76,47,0.618421052631579
1455190031,2562,664,0.25917252146760345
1696703411,6648,6541,0.9839049338146811
1322316422,202921,151807,0.7481088699543172
1626657720,12,11,0.9166666666666666
1642492012,492,369,0.75
1335356891,7853,1546,0.19686743919521202
1378393736,74287,74199,0.9988154051179884
1173708388,422720,411906,0.9744180545041635
1159714957,1050,826,0.7866666666666666
1440891093,19351,3308,0.170947237868844
1400479043,95966,27959,0.29134276723006064
2591718336,131294,8836,0.06729934345819306
1411193429,2176,2090,0.9604779411764706
3424162311,243,203,0.8353909465020576
1143091022,497243,223578,0.4496352889834548
1101472639,245405,24914,0.1015219738799128
1499582888,898286,880315,0.9799941221392742
3194631418,3485,2,0.0005738880918220947
2061126180,13888,12314,0.8866647465437788
1452071443,52451,12911,0.24615355283979334
1859237063,1596,998,0.62531328320802
1385090728,151924,121765,0.8014862694505147
1461624780,130781,129241,0.9882245891987368
1782959798,803,701,0.8729763387297634
1872014375,525,525,1.0
1242428275,432,96,0.2222222222222222
1203178709,90315,44039,0.4876155677351492
1255804086,18839,15387,0.8167630978289718
1769748746,37,33,0.8918918918918919
1249562676,73470,73413,0.9992241731318906
1751314581,3394,3222,0.9493223335297584
1487958956,139798,60675,0.43401908467932304
1164513699,30717,25587,0.8329915030764723
1550293796,1378,1150,0.8345428156748912
1332731738,242,103,0.4256198347107438
2100287036,5513,4448,0.8068202430618538
1419852965,7938,7850,0.9889140841521794
1684528601,269,262,0.9739776951672863
1353195644,1346,1069,0.7942050520059435
1205100777,1092975,1083643,0.9914618358150918
1381316498,12690,12311,0.970133963750985
2258301608,6563,6490,0.9888770379399665
1337781237,6508,5883,0.9039643515673018
1237050949,16984,2214,0.13035798398492698
1175305071,90909,76328,0.8396088396088396
3722717246,621,619,0.9967793880837359
2045398908,422,389,0.9218009478672986
1341553819,4861,4295,0.8835630528697799
1401670199,1077,673,0.6248839368616528
1287931994,5760,820,0.1423611111111111
3957487676,62,31,0.5
1211726196,22528,18648,0.8277698863636364
2002428520,10,5,0.5
1366022191,25663,13738,0.5353232279936094
1289993549,6518,4419,0.6779687020558454
1219035763,292,175,0.5993150684931506
1680049052,45,45,1.0
1677994479,5962,5515,0.9250251593425025
1414089569,79826,21364,0.2676320998171022
1314585017,256718,196469,0.7653105742487866
1337377007,16592,11843,0.7137777242044359
1329192743,15046,10454,0.6948026053436129
1457093263,15263,696,0.045600471729017884
2864963585,41,39,0.9512195121951219
1275950541,8065,560,0.069435833849969
1356461430,3980,535,0.13442211055276382
2750110072,63,41,0.6507936507936508
1614559069,198,177,0.8939393939393939
1299769219,32698,22462,0.6869533304789284
2497407047,3745,868,0.23177570093457944
2485916644,567,555,0.9788359788359788
1300210822,10712,10485,0.9788088125466766
1207510595,1066,843,0.7908067542213884
1625954980,1831,1825,0.9967231021299836
3100598601,104,77,0.7403846153846154
1565817431,17301,5799,0.3351829374024623
2882143856,4588,4588,1.0
1737106244,6229,6175,0.9913308717290095
2563265339,70,15,0.21428571428571427
1411741030,2993,22,0.007350484463748747
1742579261,32195,25013,0.7769218822798571
1474796738,415104,307763,0.7414117907801419
1782534013,338,338,1.0
1740032298,1042,821,0.7879078694817658
1641459525,696,623,0.8951149425287356
1423016613,1994,158,0.07923771313941826
1617761336,3,0,0.0
1164358949,30899,1393,0.045082365125084956
1404921179,16942,12377,0.7305512926454965
1338433034,18726,18362,0.9805617857524298
2272636753,675003,620903,0.9198522080642605
1912732323,7538,5945,0.7886707349429557
1247114040,46042,128,0.002780070370531254
1494343569,38,11,0.2894736842105263
1620854681,18404,15159,0.8236796348619865
1383983916,3285,1410,0.4292237442922374
1625847401,567,556,0.9805996472663139
1112355444,3004,2612,0.8695073235685752
1457729227,17,17,1.0
1437388631,125390,25,0.00019937794082462717
1221136064,69464,31947,0.45990729010710585
1470349015,563,14,0.02486678507992895
1330205386,272985,21014,0.0769785885671374
3095689592,84,80,0.9523809523809523
1551520951,464,159,0.3426724137931034
1721679057,10321,1856,0.179827536091464
1422716905,431,88,0.20417633410672853
2276388839,75635,75513,0.9983869901500628
1601382703,2016,1942,0.9632936507936508
1362472686,2692,2446,0.9086181277860327
3483144858,1499,1064,0.7098065376917946
1953384198,5856,5764,0.9842896174863388
1824922323,9164,2882,0.3144914884329987
2187569504,3042,2975,0.9779750164365549
1363940238,374,365,0.9759358288770054
1398767674,4011,3951,0.9850411368735976
3146421686,70,69,0.9857142857142858
1195697605,169782,163151,0.9609440341143348
1310240029,2264,94,0.04151943462897526
1413549916,166762,154200,0.9246710881375853
2154624299,21,21,1.0
3560280228,1573,1547,0.9834710743801653
1402547076,396,155,0.39141414141414144
1463379663,1399,1311,0.9370979270907791
1500273680,83400,76935,0.9224820143884892
1237124540,9673,9403,0.9720872531789517
2269649180,273,265,0.9706959706959707
1760660233,1753,1320,0.7529948659440958
1531910984,1482,662,0.446693657219973
2100600464,31993,19904,0.6221360922701841
2668509369,226,143,0.6327433628318584
1344891258,116924,56890,0.48655536929971605
1401593858,24021,1042,0.043378710295158406
1123277294,28331,14290,0.5043944795453743
1448823827,224997,156163,0.6940670320048712
1948844612,1519,1513,0.9960500329163924
1303806354,1285,1235,0.9610894941634242
1163111066,304,205,0.6743421052631579
1426031688,125,123,0.984
3510361827,2096,1455,0.6941793893129771
1564017609,1180,1100,0.9322033898305084
1097431834,275,130,0.4727272727272727
2644802331,8419,7925,0.9413231975293977
1379911144,19456,12313,0.6328638980263158
1240654628,28293,28125,0.9940621355105503
1476611553,87470,35941,0.4108951640562479
2044663411,544,510,0.9375
1737348964,278217,276011,0.9920709374337298
1159856898,110221,92044,0.8350858729280264
1803603361,53695,49545,0.9227116118819257
2554687214,8,8,1.0
1843215191,4675,3630,0.7764705882352941
1262568838,5964,1889,0.31673373574782027
1284259590,2673,93,0.03479236812570146
1224094008,54,54,1.0
2165522422,11,11,1.0
1988219590,2650,2640,0.9962264150943396
1459663401,9338,3730,0.3994431355750696
1272030847,3966,432,0.10892586989409984
1700429340,29320,28358,0.9671896316507503
2207594206,993,743,0.7482376636455186
1272079035,48390,26642,0.5505682992353792
1746945541,19183,18159,0.9466194025960486
1789372115,518,464,0.8957528957528957
1068349965,152669,1746,0.011436506428941043
1548725558,53855,50012,0.9286417231454832
1427436012,1698,1557,0.9169611307420494
1263054873,11778,9585,0.8138053998981152
1289888072,34413,16633,0.48333478627262955
1389419981,71948,32484,0.45149274476010454
1327348334,5757,3201,0.5560187597707139
1489786769,5552,2958,0.5327809798270894
1458014008,3187,2274,0.7135236899905868
1650603299,305643,161804,0.5293888621692628
1509059142,9116,4287,0.47027204914436155
1206716130,430,88,0.20465116279069767
2248407998,11654,11292,0.9689377037926892
1351522089,959,576,0.6006256517205423
1282732914,15937,7151,0.44870427307523375
1487875210,275588,260881,0.9466341059842954
1796780568,226,7,0.030973451327433628
1404295233,2,2,1.0
1336616071,164,157,0.9573170731707317
1527355210,1326,1183,0.8921568627450981
1446333037,54663,45333,0.8293178200976895
1457346428,3365,2460,0.7310549777117384
1074445875,89655,124,0.0013830795828453516
1634452428,9079,8778,0.9668465690053971
1159353239,11973,1088,0.09087112670174559
1166662413,4118,4019,0.9759592034968432
1198363814,390641,190788,0.48839727524760584
1384973385,21228,19397,0.9137459958545318
2241431119,19589,3728,0.1903108887641023
1566085229,1550,126,0.08129032258064516
1977794294,2679,2087,0.7790220231429638
1877202282,496,423,0.8528225806451613
1688406517,55,55,1.0
1275775256,67869,50126,0.7385698919978193
1478450474,3532,2734,0.7740656851642129
2550818377,275347,118373,0.4299048110202762
1236760928,11134,10056,0.9031794503323154
2061005973,168,164,0.9761904761904762
1292017331,84885,22548,0.2656299699593568
1133514830,2469,2080,0.8424463345484001
1150591653,185608,180478,0.9723611051247791
1410135043,8453,6024,0.712646397728617
1410054843,670,339,0.5059701492537313
1517715713,318,219,0.6886792452830188
1542414277,351255,309199,0.8802693200096796
1074181762,32046,3523,0.10993571740622855
1275059857,702,549,0.782051282051282
1434647073,3553,3356,0.9445538981142696
1305059665,6303,4600,0.7298112010153895
1638427426,10405,5220,0.501681883709755
1426687406,156999,97099,0.6184689074452704
3724325017,9,9,1.0
1885919139,1650,1628,0.9866666666666667
1804019708,2920,2357,0.8071917808219178
1322164249,16984,16772,0.9875176636834668
1453154313,101716,10089,0.09918793503480279
1329584169,48633,42422,0.8722883638681553
1307299796,68,25,0.36764705882352944
1332622917,54763,2262,0.04130526085130471
1332983368,5542,4877,0.8800072176109708
1450672224,1304,1198,0.9187116564417178
1534752509,144,41,0.2847222222222222
1316001183,35,27,0.7714285714285715
1995012623,373825,121507,0.3250371162977329
1352248612,22491,14501,0.6447467876039304
1745107036,14567,2655,0.18226127548568682
2359878606,2052,1064,0.5185185185185185
1384581156,2799,2657,0.9492675955698464
2370698356,184,177,0.9619565217391305
1829282143,310,303,0.9774193548387097
1722523147,581715,540273,0.928758928341198
1233544464,59720,19355,0.3240957803081045
1211625562,3605,2279,0.6321775312066574
1559474534,45,40,0.8888888888888888
1498796708,101507,52839,0.5205453811067217
1240001762,1090,511,0.4688073394495413
1397286049,30,2,0.06666666666666667
1198002503,157,30,0.1910828025477707
1445105262,16167,12901,0.7979835467309953
1433583637,194,185,0.9536082474226805
1181449961,39875,31296,0.7848526645768025
1194568582,21214,17479,0.8239370227208447
1589553187,102331,89637,0.8759515689282817
1234712058,457,17,0.037199124726477024
1597739470,2175,12,0.005517241379310344
1454537874,8428,5830,0.6917418130042715
1524679217,123,83,0.6747967479674797
1428011318,52226,47367,0.9069620495538621
1107721724,17385,848,0.04877768190969226
1824579540,407,382,0.9385749385749386
1928332551,133,110,0.8270676691729323
1197439279,298177,127072,0.42616298373113953
1556719429,1801,1603,0.8900610771793448
1487786384,60698,20571,0.3389073775083199
1207130876,4964,4614,0.9294923448831588
1518146652,44,37,0.8409090909090909
1779792275,3806,3804,0.999474513925381
1224947528,115896,69015,0.5954907848415821
1488682656,13455,6814,0.5064288368636195
1298597536,1159,1103,0.9516824849007766
1423625077,3859,1857,0.4812127494169474
1763088649,7828,7624,0.9739397036280021
1792369183,5447,3322,0.6098769965118414
1413877166,512451,403674,0.787731900220704
1184138626,89507,79163,0.8844336197168936
1591772591,1,0,0.0
1436406014,761,229,0.3009198423127464
1203667990,4,4,1.0
1152034699,29573,28416,0.9608764751631556
1516871498,973,767,0.7882836587872559
1467497040,14883,3681,0.2473291675065511
2371539138,4257,2087,0.49025135071646697
1236854103,294263,96922,0.3293720243455684
1232779505,115175,100927,0.8762925982200999
1380255445,4495,2362,0.5254727474972192
1760693517,10336,8949,0.8658088235294118
1778999291,7076,4579,0.6471170152628604
1493469199,2056,1772,0.8618677042801557
2467122267,210,145,0.6904761904761905
1308750167,3277,2647,0.8077509917607568
2158106742,262,142,0.5419847328244275
1227446388,913676,905257,0.990785573879581
1478880546,553,284,0.5135623869801085
1297552689,17,16,0.9411764705882353
1107069881,215606,4427,0.020532823761861916
1265042929,205831,113964,0.5536775315671595
2178471304,1987,1986,0.9994967287367891
1554769608,45,35,0.7777777777777778
2428900232,143,0,0.0
2051052714,881,530,0.601589103291714
1569318535,4513,4237,0.9388433414580102
1410565779,209,161,0.7703349282296651
1210728030,13043,10433,0.7998926627309668
1428564842,95,95,1.0
1284210553,109827,103176,0.9394411210358109
1352713407,397,397,1.0
1299324389,433636,85828,0.19792637142672656
1721292108,223,223,1.0
1700251481,17669,13728,0.7769539872092365
1155662502,8273,7609,0.9197389097062734
1502118896,2676,2540,0.9491778774289985
1485210092,37265,29468,0.7907688179256676
1814309186,834,755,0.9052757793764988
1497855153,187180,13025,0.06958542579335399
1946635557,625240,86990,0.1391305738596379
1650000543,937,870,0.928495197438634
1397322244,376,376,1.0
1420480204,5986,5562,0.9291680588038758
1524290573,254,163,0.6417322834645669
1516146929,38524,10133,0.26303083791921916
1406361939,3404,3148,0.9247943595769683
1087830059,226888,152,0.0006699340643841896
1571233823,2885,1916,0.6641247833622184
1685347653,90,46,0.5111111111111111
1321986838,734073,417066,0.5681533035542786
1486705878,2011,681,0.33863749378418695
1269826606,128,120,0.9375
1326191423,187859,115216,0.6133110471151236
1242835410,2851,2836,0.9947386881795861
1697327481,61441,61185,0.9958334011490698
2106664325,151778,22055,0.145310914625308
2156356951,417,217,0.5203836930455635
1328880273,6782,946,0.13948687702742554
1385574313,319465,108573,0.33985882647551374
1594575581,16509,15749,0.9539645042098249
1230392525,420249,321460,0.7649274596727178
1428848414,5672,4624,0.8152327221438646
1370335640,69,68,0.9855072463768116
1437980111,444,374,0.8423423423423423
1476185475,218,128,0.5871559633027523
1210061010,18887,17102,0.9054905490549054
1464096040,4563,4420,0.9686609686609686
1230186664,152261,1888,0.012399760936812446
1726834405,116462,110798,0.9513661108344352
1179735941,377713,292729,0.7750037727057316
1750506696,425894,337082,0.7914692388246841
1404820841,351,5,0.014245014245014245
1874776382,65,65,1.0
1315032128,159,156,0.9811320754716981
1805838149,18,13,0.7222222222222222
1978588502,7852,674,0.0858380030565461
2140564486,8358,8002,0.957406078009093
1437852618,383,163,0.4255874673629243
1474702712,150479,31314,0.2080954817615747
1116871504,99977,35,0.00035008051851925944
1123700660,2432,1335,0.5489309210526315
1358817953,1264,921,0.7286392405063291
3839512222,73,65,0.8904109589041096
2060334939,19182,14343,0.7477322489834219
1324026441,17564,13766,0.7837622409473924
1639203519,229,158,0.6899563318777293
1224780833,4628,791,0.1709161624891962
1617111077,1715,1536,0.8956268221574344
1389291359,40078,1561,0.038949049353760166
3735070180,31,28,0.9032258064516129
2174377690,2003,1907,0.9520718921617574
1419660070,317,118,0.3722397476340694
3983795733,11,11,1.0
1110544137,573,569,0.9930191972076788
1479542847,27,20,0.7407407407407407
1414250337,34853,28284,0.8115226809743781
1118069908,782,530,0.6777493606138107
1233712229,6033,5134,0.8509862423338306
1154005364,8423,5356,0.6358779532233171
1415754591,34706,15362,0.44263239785627845
2061587708,16174,11973,0.7402621491282305
1767968902,1900,1580,0.8315789473684211
1443924594,439028,98312,0.22393104767805241
1369746536,26170,9326,0.35636224684753537
1477221094,16115,14653,0.9092770710518151
1139964726,344187,320513,0.9312176229782066
1535265264,1551,1227,0.7911025145067698
1684107457,976,701,0.7182377049180327
1306777716,1099,419,0.3812556869881711
1542343915,2601,2489,0.9569396386005382
1649426096,5,3,0.6
1584629035,14916,13486,0.9041297935103245
1345109798,2665,2525,0.9474671669793621
1407329328,126786,81575,0.643407000772956
1229951780,314594,197760,0.6286197448139507
2467648015,210,186,0.8857142857142857
1232827192,143277,108591,0.7579095039678385
1604639046,13206,266,0.02014235953354536
1481872328,437,384,0.8787185354691075
1737213699,517,492,0.9516441005802708
1374657289,13025,4883,0.37489443378119003
1533165052,262,139,0.5305343511450382
1660927887,49805,49652,0.9969280192751732
1303987695,11956,8345,0.6979759116761459
1339327998,9317,4626,0.49651175271009984
1471155326,6433,1714,0.26643867557904555
1452306041,5732,81,0.014131193300767621
1491792832,69,61,0.8840579710144928
1425805681,102340,65576,0.640766073871409
1211003145,38728,8183,0.21129415410039248
1352460568,3,0,0.0
1227268662,31570,26083,0.8261957554640481
1687893691,48283,42995,0.8904790505975188
1215479653,1598,993,0.6214017521902377
1992514216,12811,12709,0.9920380922644603
1275889159,12447,5836,0.46886800032136255
1304953382,71470,1540,0.021547502448579822
1665633929,10052,5830,0.5799840827695981
1388023734,439,384,0.8747152619589977
1608521003,6582,6244,0.9486478274080826
1240025307,3331,3279,0.9843890723506454
2198016347,1609,1566,0.9732753262896209
1412634364,141,130,0.9219858156028369
2323379073,143,142,0.993006993006993
1618013834,1804,1626,0.9013303769401331
2865158068,385,380,0.987012987012987
1215694187,4570,2412,0.5277899343544857
1274647265,7869,6078,0.7723980175371712
1615504001,132025,94911,0.718886574512403
2419404587,4,4,1.0
1871730365,1472,1302,0.8845108695652174
1796267258,7962,4618,0.580005023863351
1635066450,270520,245676,0.9081620582581694
1291875818,928,902,0.9719827586206896
1362687043,2597,2399,0.9237581825182903
3069404138,179,179,1.0
1779549842,3043,3015,0.9907985540584949
1709701498,2448,2382,0.9730392156862745
1670355114,135,29,0.21481481481481482
1459326700,10116,4208,0.41597469355476474
1442282309,671,629,0.9374068554396423
1251067988,906,810,0.8940397350993378
1436690493,831,611,0.7352587244283996
1241767442,1785,1767,0.9899159663865547
2417872634,16783,10451,0.622713460048859
1489226928,4563,17,0.003725619110234495
1256603039,4751,3926,0.8263523468743422
1221031739,3311,154,0.046511627906976744
1768958429,418,262,0.6267942583732058
1174074213,521,177,0.3397312859884837
1787863180,4534,4406,0.9717688575209528
1421704570,24081,22555,0.9366305385988954
1437207029,6385,5380,0.8425998433829287
1243228506,24157,6940,0.2872873287245933
1277267800,23,16,0.6956521739130435
1184922086,163012,10541,0.06466395112016293
2473533782,157,128,0.8152866242038217
1384948984,189971,6240,0.03284711877075975
1416506594,10975,41,0.003735763097949886
2297332975,1598,1387,0.8679599499374218
1498771946,27397,22336,0.8152717450815783
1228682808,11384,3931,0.3453092059030218
1384419883,29983,7265,0.2423039722509422
1449219447,865,828,0.9572254335260115
1254217602,2016,1853,0.9191468253968254
1366199418,27179,26928,0.9907649288053276
1449380396,1476,1354,0.9173441734417345
1548358616,517,511,0.988394584139265
1377272286,41671,22936,0.5504067576971995
1206223540,41406,32554,0.7862145582765783
1851337542,31215,25107,0.8043248438250841
3541273789,8,8,1.0
1521307075,427,410,0.9601873536299765
1356561609,269684,173500,0.6433455451565536
2247337279,69,69,1.0
1249749035,266,238,0.8947368421052632
1741361696,334,292,0.874251497005988
1287298573,10344,9685,0.936291569992266
1546873784,2257,2023,0.896322552060257
1218958152,12832,1451,0.11307668329177058
1405229788,20145,59,0.0029287664432861753
1653083934,146275,16535,0.11304050589642796
1447567092,4799,3850,0.8022504688476766
1286953722,98,59,0.6020408163265306
1828663993,264401,260874,0.9866604135385267
1465125637,9901,1880,0.18987981012018987
3585546098,329,316,0.9604863221884499
1443236789,9184,504,0.054878048780487805
1200146637,12364,465,0.037609187965059854
1400610982,40322,29492,0.7314121323347056
1152156072,139923,128699,0.9197844528776541
2028554920,1252,1187,0.9480830670926518
1391013152,456982,456431,0.9987942632313745
1319282508,391,375,0.959079283887468
1628508529,2485,2095,0.8430583501006036
1988891853,1450,1400,0.9655172413793104
1710503077,11068,6795,0.6139320563787496
1391775757,2953,2132,0.7219776498476126
1303897550,1045,187,0.17894736842105263
1684561525,238,170,0.7142857142857143
3581264083,2828,1686,0.5961810466760962
1231253336,9768,4246,0.4346846846846847
1585364367,93,79,0.8494623655913979
3593668752,1,1,1.0
1232451375,2781,2571,0.924487594390507
1689070744,3203,3120,0.974086793630971
1418604656,31,28,0.9032258064516129
1095740744,6576,5605,0.8523418491484185
1300730040,17578,6877,0.39122767095232674
2087285635,1385,1036,0.748014440433213
1310271590,1210,1177,0.9727272727272728
1676527507,478,457,0.9560669456066946
1174132515,6643,4124,0.620803853680566
1365595007,8750,8686,0.9926857142857143
1322227411,288891,241165,0.8347958226459115
1274357793,5277,4788,0.9073337123365549
3817902347,116,116,1.0
1575899014,760,319,0.41973684210526313
1395327872,153980,3633,0.023593973243278346
1335252421,1129,626,0.5544729849424269
1732246726,7477,6607,0.8836431723953457
1428701981,4661,4290,0.9204033469212616
1436226079,1029,965,0.9378036929057337
1445508836,34,29,0.8529411764705882
1451668759,142853,19280,0.13496391395350466
1468017597,6751,1292,0.19137905495482152
1393660948,28531,26218,0.9189302863551926
1340561519,227,74,0.32599118942731276
1284633616,214709,208982,0.9733266886809588
1340809293,293,138,0.4709897610921502
1537314018,38642,15936,0.41240101444024635
1854865307,35372,8117,0.22947529119077237
1508464936,74,47,0.6351351351351351
1726095397,14629,13591,0.9290450475083738
1728576273,312152,293726,0.9409710653784054
1451791760,6657,6118,0.9190325972660357
1473895317,22581,17191,0.7613037509410566
1160090444,72764,59822,0.8221373206530702
1474771395,7819,7369,0.9424478833610436
1344228214,221064,77392,0.35008866210690115
3236154795,2672,590,0.22080838323353294
1713693194,39309,19807,0.5038795186852884
1501406621,340,316,0.9294117647058824
2529461662,29504,22945,0.7776911605206074
1517330892,72131,45355,0.6287865134269592
1477941784,3221,1503,0.4666252716547656
1280979137,28682,9446,0.32933547172442645
1568611014,2248,502,0.22330960854092527
1405400936,39085,38548,0.9862607138288346
1712502659,186,185,0.9946236559139785
1349703673,709372,461720,0.6508855720270887
1151691525,309,227,0.7346278317152104
1633474906,109156,104587,0.9581424749899227
1455409350,22641,5951,0.262841747272647
1157160496,2989,2883,0.9645366343258615
1361617283,313,313,1.0
2439548513,200,151,0.755
1472293962,5337,4238,0.7940790706389357
1346505569,3471,2927,0.843272832036877
1892685933,26326,139,0.005279951378865001
1329112917,979,513,0.5240040858018387
1353970230,37058,1046,0.028226024070376166
1332637516,378,368,0.9735449735449735
2035766351,1570,1479,0.9420382165605096
1393788725,24,2,0.08333333333333333
1329592388,93237,91926,0.9859390585282667
1495585397,26092,9276,0.3555112678215545
1692996142,96,86,0.8958333333333334
1919750435,70324,49558,0.7047096297138957
1249562152,208801,142577,0.6828367680231416
1707541104,56403,53464,0.9478928425792954
1469275576,1470,1461,0.9938775510204082
1320670720,71815,62758,0.8738842860126714
1179163780,21116,227,0.01075014207236219
1480827581,59,29,0.4915254237288136
1408017338,3527,3155,0.8945279274170683
1458112614,318,189,0.5943396226415094
3188501135,108,53,0.49074074074074076
3641062142,622,620,0.9967845659163987
1713265745,1983,1935,0.9757942511346445
1612392706,180,135,0.75
1482367659,28353,22538,0.794907064508165
1476018277,201,191,0.9502487562189055
2002646090,535,433,0.8093457943925234
1322676948,1698,1625,0.9570082449941107
1639481607,1062,878,0.8267419962335216
1228280216,39292,32849,0.8360226000203603
2384733983,20471,12746,0.6226369009818769
1933739247,4801,4425,0.921682982711935
1285408547,2486,1433,0.5764279967819791
1525460726,140,139,0.9928571428571429
1486214721,200440,117473,0.5860756336060666
1258242629,69740,12487,0.17905075996558648
3067319315,36,36,1.0
2002164726,261,222,0.8505747126436781
1329041492,555,549,0.9891891891891892
1168894476,801,798,0.9962546816479401
1499340172,641756,223993,0.3490314075754648
1100353162,8263,6632,0.802614062689096
1458887477,1334,481,0.3605697151424288
1201348418,1208,881,0.7293046357615894
1487150407,395,218,0.5518987341772152
2724654317,12855,658,0.05118630882924932
1337825518,33644,25155,0.7476816074188563
2269102583,228,185,0.8114035087719298
1924885083,14,14,1.0
1659425536,25573,986,0.038556289836937395
1373315401,30605,15018,0.4907041333115504
1460305043,1560,294,0.18846153846153846
1222043194,67399,54305,0.805724120535913
1447105398,3003,2660,0.8857808857808858
1407117241,14659,5725,0.39054505764376835
1328464737,478,431,0.9016736401673641
1265699024,2870,2019,0.7034843205574913
1642780469,43,41,0.9534883720930233
1738281256,4502,4488,0.9968902709906708
1376069354,11875,3939,0.3317052631578947
1466962661,23021,19679,0.8548282003388211
1883459879,1932,1878,0.9720496894409938
1090437495,192227,95467,0.496636788796579
1507221780,10652,4920,0.4618850920015021
1654161622,10,8,0.8
1594269729,10697,9925,0.9278302327755445
1402090234,50866,30610,0.6017772185742932
1929502229,22751,13496,0.5932046942991517
1473479104,1396,1366,0.9785100286532952
1152827610,77,59,0.7662337662337663
1439747464,561,187,0.3333333333333333
1439023556,46,0,0.0
1710769699,16015,15550,0.9709647205744615
1441749153,2997,2350,0.7841174507841174
1478698332,7289,328,0.04499931403484703
1277860703,11049,4121,0.3729749298579057
1598396815,216,212,0.9814814814814815
1223866194,349801,249441,0.7130940163121318
1157147268,101767,1011,0.009934458124932443
1165871017,5709,5317,0.931336486249781
1572370599,43266,29487,0.6815282207738178
1535192205,1060,66,0.062264150943396226
1469212041,3296,1825,0.5537014563106796
1426213879,402,383,0.9527363184079602
2153783929,176,117,0.6647727272727273
1648367563,776,706,0.9097938144329897
1398389600,2850,1452,0.5094736842105263
1333417830,14422,8175,0.5668423242268756
1366301795,3,3,1.0
1405303819,563,457,0.8117229129662522
1647640486,219767,143881,0.6546979300804944
1338735899,612,547,0.8937908496732027
1561980359,306,248,0.8104575163398693
1968574449,110713,103609,0.9358340935572155
1527527525,35251,1198,0.03398485149357465
1361422628,61803,26354,0.4264194294775335
1732589424,4067,3547,0.8721416277354315
1291913680,2422,1587,0.6552436003303055
2438934631,1787,1563,0.8746502518186905
1875323700,586579,77459,0.132052119151896
1135822275,1214,301,0.24794069192751236
1363506969,3827,3415,0.8923438724849752
1512139342,15877,15248,0.9603829438810858
1428824370,106301,105642,0.9938006227598988
2260153659,112861,112105,0.9933014947590398
1297519604,1170,915,0.782051282051282
2657664650,205,187,0.9121951219512195
1933926778,279057,278549,0.9981795833826064
1230559010,109792,6264,0.05705333721946954
1230950043,1749,859,0.4911377930245855
2817916074,689,658,0.9550072568940493
1424987129,422258,103330,0.2447082115673356
1508833950,2530,2518,0.9952569169960475
2890540826,26,26,1.0
1241388948,88,79,0.8977272727272727
1417312068,1256,1038,0.8264331210191083
1387952224,8996,8014,0.890840373499333
1958887336,21,21,1.0
1443116723,141,110,0.7801418439716312
2133150148,333,317,0.9519519519519519
1244510657,965073,772546,0.8005052467533544
1422974363,208,191,0.9182692307692307
2543180199,6395,5053,0.7901485535574668
1654486653,465,461,0.9913978494623656
1597312702,48,0,0.0
1747303601,42512,41051,0.9656332329695145
1379153028,51,51,1.0
1399673464,78006,46326,0.5938773940466118
1253761363,93,91,0.978494623655914
1184332369,7228,4103,0.5676535694521306
1186476572,16597,13192,0.7948424414050732
1603384896,454,442,0.973568281938326
1311559781,1201,1039,0.86511240632806
1593150480,541,533,0.9852125693160814
1272690921,252455,171506,0.6793527559367016
1364954065,222,213,0.9594594594594594
1583075197,1759,1602,0.9107447413303013
1231159448,11804,3237,0.27422907488986786
1664976235,33270,6881,0.20682296363089872
1499728131,12673,12245,0.9662274126094847
1442505204,7566,1335,0.17644726407613007
1305987102,30120,10073,0.33442895086321384
1411872070,177,44,0.24858757062146894
1422586319,41943,41108,0.9800920296592995
1939734674,577,571,0.9896013864818024
1413347271,3750,1959,0.5224
1470268161,27116,23964,0.8837586664699808
1676038689,2490,2145,0.8614457831325302
1344938482,701,363,0.5178316690442225
1605384374,12098,11469,0.9480079351959001
1637351735,237234,219754,0.9263174755726413
1429194172,335780,3141,0.009354339150634343
1426153813,1177,624,0.530161427357689
1179526200,1997,1870,0.9364046069103655
1458301232,251098,248617,0.9901193956144613
1220729074,64725,1282,0.01980687524140595
1423903847,23216,6602,0.2843728463128877
1231644999,50611,6888,0.13609689593171445
1228724321,9648,7727,0.800891376451078
2023588744,741,731,0.9865047233468286
1423755040,258809,239210,0.9242723398336224
1339715782,2076,1805,0.8694605009633911
1302222544,8377,86,0.010266205085352751
1618515028,7258,5423,0.7471755304491595
1419224469,477,458,0.960167714884696
3019000631,33,4,0.12121212121212122
1175245186,961,943,0.9812695109261186
1305107479,806624,726795,0.901033195144206
1568261608,714,573,0.8025210084033614
1475400964,23512,2990,0.12716910513780197
1169804189,6970,2207,0.31664275466284075
1440378584,28541,14409,0.5048526680915175
1725421011,28,25,0.8928571428571429
2174288037,1300,1146,0.8815384615384615
1507701393,15659,15623,0.9977010026183025
1351373507,174,8,0.04597701149425287
1579275638,186,143,0.7688172043010753
1498963545,2852,688,0.24123422159887797
1281680498,192402,11935,0.062031579713308596
1585217031,1687,1620,0.9602845287492591
2616042716,12223,2324,0.1901333551501268
1156117905,22157,22116,0.9981495689849709
1152837740,7595,2439,0.32113232389730084
1960024237,3734,3713,0.9943760042849491
1744222318,20209,19821,0.9808006333811669
1310291352,64760,31272,0.4828906732550957
1429977156,173204,87126,0.5030253342878918
1398893065,117500,55376,0.4712851063829787
1725292068,528042,459912,0.8709761723499267
1913585425,5,0,0.0
1296065533,3943,3842,0.97438498605123
1436749232,2122,1958,0.9227144203581527
1161433075,158,36,0.22784810126582278
1337128548,6346,3773,0.5945477466120391
1182887916,102021,77496,0.7596083159349546
1287792604,10585,7397,0.6988190836088805
1330688585,428384,415011,0.9687826809591394
1495529071,3509,3031,0.8637788543744657
2217169690,99658,55055,0.5524393425515263
1782958386,64,64,1.0
1152954640,28533,10943,0.38352083552377947
1275420053,5963,1463,0.24534630219688078
1572859720,27549,24661,0.8951686086609314
1378044858,335261,5762,0.01718660983532233
3357462382,226,225,0.995575221238938
1413452034,5823,5765,0.9900394985402713
1298895812,154,115,0.7467532467532467
1085229202,58495,3310,0.05658603299427301
1241109259,288072,285351,0.9905544447221528
1438106519,323525,1756,0.005427710377868789
1380538260,70,9,0.12857142857142856
1721465017,26849,5809,0.2163581511415695
1155308424,857204,680054,0.7933397417650874
1845349812,20646,10877,0.526833284897801
1456469376,186052,176900,0.950809451121192
1887657923,561,551,0.982174688057041
1611294208,754575,453193,0.600593711692012
1293999662,265435,187926,0.7079925405466498
1377279331,12724,12596,0.9899402703552342
1150393498,104640,96194,0.9192851681957187
1680483547,23869,23025,0.9646403284595082
1361570927,51493,2379,0.04620045443069932
1136315711,8052,6348,0.7883755588673621
1287276775,6984,5513,0.7893757159221076
1568894153,1031,1028,0.997090203685742
1254668752,23947,2098,0.0876101390570844
1362839599,158448,68344,0.4313339392103403
1350450036,3289,2859,0.8692611736089997
1587451001,5849,4029,0.6888356984099846
1650684095,155,123,0.7935483870967742
1331884822,111980,40278,0.3596892302196821
1257433932,173,173,1.0
1349291142,5962,5110,0.8570949345857095
3089069800,129,16,0.12403100775193798
1262073308,6867,6435,0.9370904325032765
1229243334,38668,32278,0.8347470776869763
1363560520,14438,13989,0.9689015099044189
1369295205,109310,8226,0.07525386515414875
1755033631,122,21,0.1721311475409836
1440244563,71,71,1.0
1343396322,119,119,1.0
1368713514,888,33,0.037162162162162164
1141114429,5006,347,0.06931681981622054
1265294027,22339,551,0.024665383410179507
1621465040,17755,16366,0.9217685159110109
3539667180,1974,1921,0.9731509625126646
1324756133,113,106,0.9380530973451328
1341475883,134124,133647,0.9964435895141809
3777642235,112,92,0.8214285714285714
1224099637,64982,522,0.00803299375211597
1726652675,10297,9494,0.9220161212003496
2005199502,746711,711651,0.9530474306659471
1222621663,14,0,0.0
1284528408,504635,185921,0.36842668463344797
1417228861,78467,44430,0.5662252921610359
1471255522,1771,995,0.5618294748729531
1154526924,37417,154,0.004115776251436513
2355449959,1794,1616,0.9007803790412486
1787632974,14301,11694,0.8177050555905181
1663975814,18337,11549,0.6298194906473251
1365880627,3114,1482,0.47591522157996147
1456672229,179346,169603,0.9456748408105004
1298127300,4753,4126,0.868083315800547
1308154465,14046,10936,0.7785846504342874
1545473665,893,777,0.8701007838745801
1505779244,1672,1615,0.9659090909090909
1579246664,73431,1255,0.017090874426332205
1755717721,978,838,0.8568507157464212
1708387632,6783,6236,0.9193572165708389
2463507085,22990,19362,0.8421922575032623
2037212040,2880,524,0.18194444444444444
1180425483,17915,10096,0.5635500976835054
1171005497,81997,36130,0.4406258765564594
1476154192,4906,4790,0.9763554830819405
1751003272,4,4,1.0
1106457430,359,302,0.841225626740947
1408858031,40308,33478,0.8305547285898581
2033585518,995,991,0.9959798994974874
1857569394,3030,2255,0.7442244224422442
1473498236,41992,28583,0.6806772718613069
1490927588,6073,3348,0.5512926066194632
1595615823,4692,4000,0.8525149190110827
1343887091,48840,4678,0.09578214578214578
1695422680,468,467,0.9978632478632479
2580248156,53,49,0.9245283018867925
2018011858,32,26,0.8125
1234792491,595040,407412,0.6846800215111589
1349719521,41525,40312,0.9707886815171584
1783083746,894614,815063,0.911077850335452
1367841346,2825,2057,0.728141592920354
1196898204,617,610,0.9886547811993517
1164864276,473,462,0.9767441860465116
1155396050,410417,404175,0.9847910783422714
1671036139,46800,46297,0.9892521367521367
2055826556,27,26,0.9629629629629629
1417400748,7942,3812,0.4799798539410728
1403256353,2812,2406,0.8556187766714083
1148840126,4870,158,0.0324435318275154
1239623300,17343,15377,0.8866401429971746
1810973293,416785,416392,0.9990570677927468
1302343088,56785,51853,0.9131460773091485
1216501029,14125,3226,0.22838938053097346
2205212702,1458,1389,0.9526748971193416
1376181507,1763,1495,0.8479863868406126
1364022368,26,11,0.4230769230769231
1496662630,911,245,0.2689352360043908
1450162848,8594,663,0.07714684663718874
1489928690,30777,900,0.02924261623939955
1618050190,72,70,0.9722222222222222
1728902465,257651,199367,0.7737870219793441
1229273408,66403,36951,0.5564658223273045
1460445761,116400,13012,0.11178694158075601
1382918394,7392,7360,0.9956709956709957
1242400790,21649,15454,0.7138435955471384
1514563570,1935,1871,0.9669250645994832
1405518947,8642,7559,0.8746817866234667
1754330605,30743,30388,0.9884526558891455
1354225850,17316,13606,0.7857472857472857
1355572361,168,109,0.6488095238095238
1402987296,2003,1561,0.7793310034947578
1252692836,671,607,0.9046199701937406
1411489339,203608,179839,0.883260972063966
1146325958,494219,479676,0.9705737739746955
1374337446,2236,1557,0.6963327370304114
1935004454,60,60,1.0
1916659018,29398,23601,0.802809714946595
1724707032,1120,1004,0.8964285714285715
1164037502,6973,3789,0.5433816147999426
1616033085,4370,4081,0.9338672768878719
1291747780,78222,22063,0.28205619902329265
1392291236,24497,4371,0.17843001183818427
1425850118,6183,5564,0.8998867863496685
1851878592,38,4,0.10526315789473684
1257483081,3520,1588,0.4511363636363636
1360984723,19277,15232,0.7901644446750012
1340636367,8552,6517,0.762043966323667
3407245056,182,102,0.5604395604395604
1722936032,1472,1456,0.9891304347826086
1756446463,1077,1044,0.9693593314763231
1160194608,65447,59361,0.9070087246168655
1599247594,718,651,0.9066852367688022
1491317907,169733,134936,0.7949897780631934
1183258225,12493,1649,0.13199391659329224
1314159455,3737,3627,0.9705646240299706
2428546386,257,234,0.9105058365758755
1221366168,240878,172236,0.7150341666735858
1150505377,32635,27423,0.8402941627087482
1391049549,1705,1461,0.8568914956011731
1245793325,165,153,0.9272727272727272
1310340096,4004,3886,0.9705294705294706
1050365560,1540,1313,0.8525974025974026
1404781622,1987,1531,0.770508303975843
1377345478,1393,352,0.25269203158650394
1270053561,49645,47408,0.954940074529157
1439509567,848201,790573,0.9320585568750803
1322516688,303456,78466,0.25857455446588634
2192489893,10,10,1.0
2630442143,317,264,0.832807570977918
1497444207,4509,3675,0.8150365934797072
1476827619,16359,15530,0.9493245308392934
1174916932,261024,2681,0.010271086183645948
1534080402,475,156,0.32842105263157895
1481023557,71983,11793,0.1638303488323632
1367611954,69955,21030,0.30062182831820455
1337407698,5159,3860,0.7482070168637333
3230791079,15225,5853,0.38443349753694583
1648872013,1607,793,0.49346608587429996
1455803641,759,726,0.9565217391304348
1771756206,7986,4188,0.5244177310293012
1775248262,932,529,0.5675965665236051
1153203472,55648,53046,0.9532418056354227
1531754035,869,362,0.41657077100115075
2076102235,1111,1047,0.9423942394239424
2089983453,2174,2075,0.9544618215271389
1647430513,2439,1098,0.45018450184501846
1578129983,45557,30028,0.6591303202581381
1941383434,206489,44219,0.21414700056661615
1588825586,1581,1569,0.9924098671726755
3680513163,1155,1006,0.870995670995671
