day,active_channels,n_msgs,msgs_per_active,active_channels_roll7,msgs_per_active_roll7
2015-09-21,1,20,20.0,13.0,7.6875
2015-09-22,20,52,2.6,13.8,7.126470588235295
2015-09-23,16,60,3.75,14.833333333333334,9.338725490196078
2015-09-24,15,66,4.4,16.142857142857142,9.451050420168068
2015-09-25,17,83,4.882352941176471,20.0,9.042887154861944
2015-09-26,20,408,20.4,21.285714285714285,10.976877302645196
2015-09-27,24,243,10.125,23.428571428571427,12.971116933981602
2015-09-28,28,480,17.142857142857142,25.428571428571427,14.224318904424951
2015-09-29,29,468,16.137931034482758,27.428571428571427,15.056793829879004
2015-09-30,31,549,17.70967741935484,28.714285714285715,14.561227327415947
2015-10-01,29,382,13.172413793103448,30.0,15.57800221919084
2015-10-02,31,332,10.709677419354838,31.285714285714285,18.491956990288468
2015-10-03,29,491,16.93103448275862,31.857142857142858,18.268789353327726
2015-10-04,33,569,17.242424242424242,33.42857142857143,17.32046808933826
2015-10-05,37,1389,37.54054054054054,33.857142857142854,17.501194690323484
2015-10-06,33,481,14.575757575757576,35.142857142857146,17.346240773272793
2015-10-07,42,465,11.071428571428571,36.142857142857146,17.637839021767594
2015-10-08,32,462,14.4375,36.857142857142854,17.73478593450398
2015-10-09,40,385,9.625,38.142857142857146,14.744522379023033
2015-10-10,36,683,18.97222222222222,39.285714285714285,15.6030378472946
2015-10-11,38,681,17.92105263157895,39.142857142857146,16.049279758693306
2015-10-12,46,764,16.608695652173914,40.285714285714285,16.115351187264732
2015-10-13,41,844,20.585365853658537,40.857142857142854,16.834507031420575
2015-10-14,41,582,14.195121951219512,42.142857142857146,16.641649888563435
2015-10-15,40,596,14.9,43.142857142857146,16.297372528496602
2015-10-16,44,645,14.659090909090908,43.142857142857146,16.098614764521447
2015-10-17,45,793,17.622222222222224,43.714285714285715,15.732451388601973
2015-10-18,45,698,15.511111111111111,45.57142857142857,15.955899575464793
2015-10-19,46,700,15.217391304347826,46.42857142857143,16.035402681054855
2015-10-20,45,811,18.022222222222222,45.714285714285715,16.13904903470121
2015-10-21,54,851,15.75925925925926,44.57142857142857,15.806916902569075
2015-10-22,46,711,15.456521739130435,45.714285714285715,16.051960328744578
2015-10-23,39,600,15.384615384615385,46.57142857142857,16.10057475779379
2015-10-24,37,566,15.297297297297296,47.714285714285715,15.876375895859079
2015-10-25,53,913,17.22641509433962,48.142857142857146,16.163900262330817
2015-10-26,52,809,15.557692307692308,48.714285714285715,16.510111442455038
2015-10-27,53,872,16.452830188679247,50.857142857142854,16.56363199597559
2015-10-28,57,1013,17.771929824561404,53.57142857142857,16.81963034125965
2015-10-29,50,894,17.88,53.857142857142854,17.085986626483862
2015-10-30,54,851,15.75925925925926,54.42857142857143,17.322642827425774
2015-10-31,56,957,17.089285714285715,56.142857142857146,17.490919833438628
2015-11-01,55,1050,19.09090909090909,56.142857142857146,17.210218079052666
2015-11-02,56,964,17.214285714285715,55.857142857142854,17.09045617429076
2015-11-03,65,1146,17.630769230769232,55.142857142857146,17.154002227632734
2015-11-04,57,901,15.807017543859649,55.57142857142857,17.155774970628237
2015-11-05,48,818,17.041666666666668,55.57142857142857,16.802528217381482
2015-11-06,49,794,16.20408163265306,56.0,16.895402655292237
2015-11-07,59,1009,17.10169491525424,54.285714285714285,17.08561621531712
2015-11-08,55,914,16.618181818181817,54.57142857142857,17.27783404803451
2015-11-09,59,1054,17.864406779661017,55.57142857142857,17.196556991757454
2015-11-10,53,1005,18.962264150943398,57.0,17.307838308158104
2015-11-11,59,1012,17.152542372881356,56.857142857142854,18.051931152776955
2015-11-12,55,906,16.472727272727273,57.857142857142854,18.293112552022873
2015-11-13,59,1002,16.983050847457626,58.42857142857143,18.178696163998737
2015-11-14,58,1294,22.310344827586206,60.142857142857146,18.028043043534293
2015-11-15,62,1135,18.306451612903224,60.857142857142854,17.9482155616941
2015-11-16,63,1075,17.063492063492063,62.42857142857143,17.63609434957289
2015-11-17,65,1164,17.907692307692308,63.142857142857146,17.667533514221798
2015-11-18,64,1062,16.59375,64.28571428571429,17.036618452272254
2015-11-19,66,943,14.287878787878787,64.14285714285714,16.990497730054226
2015-11-20,64,1101,17.203125,65.28571428571429,17.275190010722362
2015-11-21,66,1181,17.893939393939394,66.14285714285714,17.24411123034781
2015-11-22,61,1097,17.983606557377048,67.0,17.58786123034781
2015-11-23,71,1353,19.056338028169016,66.28571428571429,18.235260279386203
2015-11-24,71,1256,17.690140845070424,66.0,18.02421477247376
2015-11-25,70,1330,19.0,66.42857142857143,18.016591960503124
2015-11-26,61,1148,18.81967213114754,67.28571428571429,18.044520234822393
2015-11-27,62,975,15.725806451612904,66.42857142857143,18.102406011018026
2015-11-28,69,1231,17.840579710144926,65.71428571428571,18.068749526657317
2015-11-29,67,1218,18.17910447761194,65.28571428571429,17.563419036252203
2015-11-30,65,1265,19.46153846153846,66.0,16.822946394140214
2015-12-01,66,1152,17.454545454545453,67.85714285714286,16.68306928200504
2015-12-02,67,1036,15.462686567164178,67.0,16.7716032463154
2015-12-03,66,900,13.636363636363637,67.71428571428571,17.124985146339093
2015-12-04,75,1106,14.746666666666666,70.42857142857143,17.17299665863632
2015-12-05,63,1163,18.46031746031746,73.42857142857143,17.470951577280893
2015-12-06,72,1487,20.65277777777778,75.42857142857143,18.293742385146324
2015-12-07,84,1663,19.797619047619047,77.0,19.026580975127775
2015-12-08,87,1700,19.54022988505747,76.14285714285714,19.9799557163286
2015-12-09,81,1719,21.22222222222222,77.28571428571429,20.115403322601157
2015-12-10,77,1445,18.766233766233768,77.71428571428571,20.09262554482338
2015-12-11,69,1478,21.420289855072465,78.57142857142857,19.98185456976669
2015-12-12,71,1378,19.408450704225352,78.85714285714286,19.954438101435848
2015-12-13,75,1537,20.493333333333332,80.85714285714286,19.388857483223653
2015-12-14,90,1712,19.022222222222222,83.14285714285714,19.001361722456004
2015-12-15,89,1722,19.348314606741575,85.57142857142857,18.23700137771143
2015-12-16,95,1640,17.263157894736842,88.28571428571429,18.113571912028444
2015-12-17,93,1493,16.053763440860216,90.14285714285714,18.112900916357447
2015-12-18,86,1382,16.069767441860463,90.57142857142857,18.037529692599126
2015-12-19,90,1669,18.544444444444444,90.28571428571429,18.010758968811743
2015-12-20,88,1803,20.488636363636363,90.14285714285714,18.207207537040826
2015-12-21,93,1720,18.49462365591398,89.85714285714286,18.342384188346507
2015-12-22,87,1667,19.160919540229884,90.57142857142857,18.205258855207887
2015-12-23,94,1752,18.638297872340427,90.71428571428571,18.47128013551488
2015-12-24,91,1547,17.0,91.28571428571429,18.024145748163104
2015-12-25,91,1375,15.10989010989011,91.42857142857143,17.559868204613082
2015-12-26,91,1857,20.406593406593405,91.85714285714286,17.140054302040557
2015-12-27,92,1597,17.358695652173914,91.71428571428571,17.01507472887979
2015-12-28,94,1433,15.24468085106383,91.57142857142857,17.353169966975027
2015-12-29,90,1460,16.22222222222222,89.71428571428571,17.8667754091519
2015-12-30,93,1652,17.763440860215052,89.28571428571429,17.88336596145674
2015-12-31,90,1743,19.366666666666667,89.28571428571429,18.33678211052506
2016-01-01,78,1459,18.705128205128204,89.14285714285714,19.41396287988153
2016-01-02,88,1806,20.522727272727273,89.85714285714286,20.182216848135504
2016-01-03,92,1889,20.532608695652176,90.85714285714286,20.406011010961922
2016-01-04,93,2119,22.78494623655914,91.71428571428571,20.225653868104782
2016-01-05,95,2052,21.6,93.0,19.904888426649684
2016-01-06,100,1933,19.33,95.0,19.701361561358112
2016-01-07,96,1738,18.104166666666668,95.71428571428571,19.591401261684677
2016-01-08,87,1432,16.45977011494253,98.14285714285714,19.674071279838568
2016-01-09,102,1948,19.098039215686274,100.42857142857143,19.714483120250407
2016-01-10,97,1917,19.762886597938145,101.71428571428571,20.25056437844176
2016-01-11,110,2570,23.363636363636363,101.85714285714286,20.709910230184516
2016-01-12,111,2429,21.882882882882882,103.14285714285714,21.440359737573683
2016-01-13,109,2516,23.08256880733945,102.71428571428571,22.919860628839277
2016-01-14,97,2068,21.31958762886598,104.71428571428571,23.496848515105516
2016-01-15,96,2071,21.572916666666668,105.14285714285714,22.94806101941536
2016-01-16,99,2916,29.454545454545453,105.71428571428571,22.62193489328924
2016-01-17,111,2642,23.8018018018018,106.42857142857143,22.415903760411172
2016-01-18,113,2206,19.52212389380531,108.57142857142857,22.397034099144605
2016-01-19,115,2254,19.6,108.85714285714286,22.503235508279683
2016-01-20,114,2467,21.640350877192983,108.85714285714286,21.311316316360493
2016-01-21,112,2373,21.1875,108.71428571428571,21.33053943558361
2016-01-22,98,2187,22.316326530612244,108.42857142857143,21.80936086130769
2016-01-23,99,2090,21.11111111111111,108.14285714285714,22.393684502268503
2016-01-24,110,2633,23.936363636363637,108.57142857142857,22.51099701431786
2016-01-25,111,2539,22.873873873873872,108.0,22.816221882042726
2016-01-26,113,2677,23.690265486725664,109.57142857142857,22.52987903559877
2016-01-27,117,2628,22.46153846153846,111.71428571428571,22.689444616216985
2016-01-28,108,2519,23.324074074074073,111.42857142857143,22.480281557053925
2016-01-29,109,2214,20.31192660550459,114.28571428571429,22.013021494374016
2016-01-30,114,2534,22.228070175438596,116.57142857142857,21.939882792505124
2016-01-31,108,2427,22.47222222222222,119.28571428571429,21.5199571299324
2016-02-01,131,2568,19.603053435114504,121.85714285714286,20.60971525540481
2016-02-02,129,2990,23.17829457364341,123.14285714285714,20.566364965514328
2016-02-03,136,2655,19.522058823529413,123.57142857142857,20.327434305531035
2016-02-04,126,2136,16.952380952380953,125.0,20.24060352802229
2016-02-05,118,2361,20.008474576271187,125.57142857142857,20.033818116656725
2016-02-06,117,2405,20.555555555555557,125.57142857142857,19.703807042459605
2016-02-07,118,2580,21.864406779661017,125.71428571428571,19.674065583832363
2016-02-08,135,2451,18.155555555555555,125.71428571428571,20.02553950673485
2016-02-09,129,2692,20.868217054263567,126.28571428571429,19.89552323237293
2016-02-10,137,2646,19.313868613138688,127.42857142857143,19.59215815300785
2016-02-11,126,2446,19.41269841269841,127.14285714285714,19.3541394504947
2016-02-12,122,2330,19.098360655737704,128.42857142857142,19.300171196526442
2016-02-13,125,2304,18.432,130.0,18.92716059693777
2016-02-14,116,2343,20.198275862068964,130.14285714285714,18.90820214081651
2016-02-15,144,2560,17.77777777777778,131.85714285714286,18.44862410670431
2016-02-16,140,2556,18.257142857142856,133.85714285714286,18.019656618069515
2016-02-17,138,2647,19.181159420289855,136.0,17.81712600582462
2016-02-18,138,2235,16.195652173913043,139.14285714285714,17.33641993029096
2016-02-19,136,2189,16.095588235294116,138.28571428571428,17.203569688745063
2016-02-20,140,2382,17.014285714285716,139.0,17.093928590926627
2016-02-21,138,2323,16.833333333333332,139.28571428571428,17.02213030639542
2016-02-22,138,2325,16.847826086956523,139.42857142857142,17.35491997528143
2016-02-23,145,2536,17.489655172413794,138.71428571428572,18.201678907862096
2016-02-24,140,2615,18.678571428571427,137.28571428571428,18.774363366260843
2016-02-25,139,2575,18.52517985611511,136.71428571428572,18.84294900947335
2016-02-26,131,2885,22.022900763358777,138.14285714285714,19.049051074271066
2016-02-27,130,2733,21.023076923076925,139.57142857142858,18.937625680976932
2016-02-28,134,2320,17.313432835820894,140.42857142857142,18.658690819361052
2016-02-29,148,2707,18.29054054054054,140.71428571428572,18.513756311040655
2016-03-01,155,2590,16.70967741935484,141.42857142857142,17.721619227199486
2016-03-02,146,2442,16.726027397260275,142.28571428571428,17.3139107591969
2016-03-03,141,2469,17.51063829787234,143.85714285714286,18.296720846690466
2016-03-04,136,2241,16.477941176470587,143.14285714285714,18.82064962061924
2016-03-05,136,2471,18.169117647058822,142.42857142857142,19.508790941663786
2016-03-06,145,3508,24.193103448275863,145.0,20.25437587794368
2016-03-07,143,3140,21.958041958041957,148.42857142857142,20.66021542846408
2016-03-08,150,3229,21.526666666666667,149.71428571428572,21.388982452515084
2016-03-09,164,3599,21.945121951219512,151.14285714285714,21.756212221134856
2016-03-10,165,3358,20.35151515151515,150.0,21.134256879723186
2016-03-11,145,3129,21.579310344827586,152.14285714285714,20.91421110271538
2016-03-12,146,3028,20.73972602739726,154.14285714285714,20.801516561484256
2016-03-13,137,2718,19.83941605839416,153.0,20.47602294940528
2016-03-14,158,3226,20.417721518987342,151.42857142857142,20.538051397148013
2016-03-15,164,3401,20.73780487804878,151.57142857142858,20.44550804064622
2016-03-16,156,3068,19.666666666666668,150.57142857142858,20.467273798294507
2016-03-17,154,3201,20.785714285714285,151.85714285714286,20.36007737507969
2016-03-18,146,3056,20.931506849315067,151.85714285714286,20.442355856092345
2016-03-19,139,2904,20.892086330935253,150.85714285714286,20.468893284796934
2016-03-20,146,2787,19.089041095890412,150.71428571428572,20.602226618130263
2016-03-21,158,3317,20.99367088607595,150.0,20.824593417198887
2016-03-22,157,3285,20.923566878980893,151.0,21.324574231442394
2016-03-23,155,3193,20.6,151.57142857142858,21.41591454580429
2016-03-24,149,3329,22.34228187919463,151.57142857142858,21.74859556341681
2016-03-25,153,3738,24.431372549019606,152.42857142857142,21.63451714415161
2016-03-26,143,3079,21.53146853146853,153.57142857142858,21.725089841093734
2016-03-27,146,3127,21.41780821917808,156.0,21.723262598568816
2016-03-28,164,3312,20.195121951219512,158.71428571428572,21.879297160044413
2016-03-29,165,3557,21.55757575757576,161.14285714285714,21.404227132033206
2016-03-30,172,3541,20.587209302325583,163.0,21.72116019896627
2016-03-31,168,3937,23.43452380952381,165.42857142857142,21.8954785690574
2016-04-01,170,3588,21.105882352941176,168.71428571428572,22.1013702383637
2016-04-02,156,3705,23.75,172.28571428571428,22.405175205326564
2016-04-03,163,3690,22.63803680981595,173.14285714285714,22.71775686197668
2016-04-04,187,4046,21.636363636363637,176.0,22.225590846634372
2016-04-05,190,4500,23.68421052631579,177.0,22.35735745158144
2016-04-06,178,4054,22.775280898876403,178.85714285714286,21.784449590212038
2016-04-07,188,3758,19.98936170212766,180.42857142857142,21.561117566478067
2016-04-08,177,3899,22.028248587570623,181.85714285714286,21.157663152871372
2016-04-09,169,3336,19.7396449704142,182.0,20.678467782245853
2016-04-10,174,3667,21.07471264367816,182.28571428571428,20.246284796692084
2016-04-11,197,3706,18.81218274111675,182.0,20.01508565952177
2016-04-12,191,3883,20.329842931937172,181.71428571428572,20.22084606537903
2016-04-13,180,3555,19.75,182.57142857142858,20.694774334911695
2016-04-14,186,3417,18.370967741935484,182.71428571428572,20.747774569488282
2016-04-15,175,4107,23.46857142857143,182.14285714285714,20.964835066131116
2016-04-16,175,4035,23.057142857142857,183.0,21.19835279086525
2016-04-17,175,3753,21.445714285714285,186.71428571428572,21.216036563403396
2016-04-18,193,3924,20.33160621761658,187.71428571428572,21.26814849960358
2016-04-19,197,4327,21.96446700507614,188.14285714285714,21.03267039825068
2016-04-20,206,4094,19.87378640776699,188.42857142857142,20.672610442064816
2016-04-21,193,3616,18.735751295336787,188.85714285714286,20.641039701409003
2016-04-22,178,3884,21.820224719101123,189.42857142857142,20.621948747913375
2016-04-23,177,3635,20.536723163841806,190.71428571428572,20.28097773331859
2016-04-24,178,3778,21.224719101123597,191.28571428571428,20.321457226086572
2016-04-25,197,3979,20.19796954314721,191.14285714285714,20.694772517228934
2016-04-26,206,4033,19.57766990291262,191.71428571428572,20.812291434908364
2016-04-27,210,4233,20.15714285714286,192.71428571428572,20.81558564131606
2016-04-28,192,4099,21.348958333333332,192.42857142857142,20.54971667881788
2016-04-29,182,4121,22.642857142857142,189.57142857142858,20.81199221623753
2016-04-30,184,3783,20.559782608695652,187.0,20.91943754925609
2016-05-01,176,3408,19.363636363636363,186.28571428571428,20.692807384995266
2016-05-02,177,3900,22.033898305084747,185.57142857142858,20.164728539820832
2016-05-03,188,3822,20.329787234042552,186.42857142857142,19.164837093880752
2016-05-04,205,3807,18.570731707317073,185.57142857142858,19.112155469203525
2016-05-05,187,3301,17.6524064171123,186.71428571428572,19.31253660980206
2016-05-06,188,2941,15.643617021276595,189.0,19.03974432787655
2016-05-07,178,3594,20.191011235955056,192.57142857142858,18.852457486259475
2016-05-08,184,3821,20.766304347826086,192.57142857142858,19.013433096015575
2016-05-09,193,3884,20.124352331606218,195.28571428571428,19.269053261116035
2016-05-10,213,4051,19.018779342723004,197.28571428571428,19.735806699377797
2016-05-11,205,4038,19.697560975609758,198.28571428571428,19.883036754473018
2016-05-12,206,4005,19.441747572815533,197.85714285714286,19.805135344089024
2016-05-13,202,3820,18.91089108910891,201.14285714285714,19.564487127404536
2016-05-14,185,3926,21.221621621621622,201.14285714285714,19.662407985888773
2016-05-15,181,3660,20.22099447513812,203.28571428571428,19.449769404957514
2016-05-16,216,3983,18.439814814814813,203.28571428571428,19.261835979160008
2016-05-17,213,4197,19.704225352112676,203.71428571428572,19.266203454235043
2016-05-18,220,4006,18.20909090909091,204.28571428571428,18.855858415318576
2016-05-19,206,3734,18.12621359223301,204.57142857142858,18.539354130423742
2016-05-20,205,3883,18.941463414634146,206.14285714285714,18.54952533057292
2016-05-21,189,3468,18.349206349206348,207.14285714285714,18.366454176375008
2016-05-22,183,3295,18.005464480874316,207.14285714285714,18.474246384167213
2016-05-23,227,4202,18.51101321585903,209.57142857142858,18.420982046519576
2016-05-24,220,4053,18.422727272727272,210.71428571428572,18.17112845341624
2016-05-25,220,4172,18.963636363636365,212.57142857142858,18.472019767037402
2016-05-26,223,3959,17.753363228699552,213.0,18.924388128448594
2016-05-27,213,3662,17.1924882629108,211.0,19.145819506732984
2016-05-28,202,4132,20.455445544554454,211.28571428571428,19.35055216146564
2016-05-29,186,3938,21.172043010752688,212.42857142857142,19.104493833828364
2016-05-30,213,4273,20.061032863849764,212.71428571428572,19.15560067417287
2016-05-31,222,4408,19.855855855855857,211.0,19.185671647275168
2016-06-01,228,3931,17.24122807017544,207.85714285714286,18.872988950434056
2016-06-02,225,4075,18.11111111111111,208.85714285714286,18.474614190200697
2016-06-03,201,3498,17.402985074626866,210.71428571428572,17.879295968184234
2016-06-04,180,3288,18.266666666666666,211.57142857142858,17.5646749561948
2016-06-05,193,3548,18.383419689119172,211.85714285714286,17.548847343685264
2016-06-06,226,3592,15.893805309734514,211.28571428571428,17.485139809389494
2016-06-07,228,4025,17.653508771929825,214.0,18.132115967559685
2016-06-08,230,3940,17.130434782608695,217.71428571428572,18.15227315664891
2016-06-09,221,3904,17.665158371040725,217.85714285714286,18.91708654421215
2016-06-10,220,4825,21.931818181818183,216.42857142857142,19.36215139414426
2016-06-11,206,3792,18.40776699029126,217.42857142857142,19.543565034628447
2016-06-12,194,4605,23.737113402061855,217.85714285714286,19.613834008050993
2016-06-13,216,4106,19.00925925925926,218.0,19.60632747113269
2016-06-14,235,4447,18.92340425531915,217.85714285714286,18.98136453452592
2016-06-15,233,4106,17.622317596566525,217.85714285714286,18.961253577521756
2016-06-16,222,3910,17.61261261261261,219.14285714285714,18.39430493528491
2016-06-17,219,3845,17.557077625570777,221.85714285714286,18.365018658126296
2016-06-18,206,3763,18.266990291262136,220.42857142857142,18.306119637525146
2016-06-19,203,4013,19.76847290640394,221.28571428571428,18.573463387925987
2016-06-20,235,4419,18.804255319148936,224.0,18.627618906811794
2016-06-21,225,4165,18.511111111111113,226.42857142857142,18.659416534151564
2016-06-22,239,4659,19.493723849372383,228.57142857142858,18.634203312193623
2016-06-23,241,4336,17.991701244813278,230.0,18.693435552928673
2016-06-24,236,4196,17.779661016949152,228.28571428571428,18.535620731551216
2016-06-25,221,3998,18.09049773755656,231.42857142857142,18.546468363451478
2016-06-26,213,4299,20.183098591549296,232.28571428571428,18.412962624036766
2016-06-27,223,3947,17.699551569506728,233.14285714285714,18.185114036721046
2016-06-28,247,4591,18.587044534412957,232.71428571428572,18.17305945857932
2016-06-29,245,4547,18.559183673469388,231.71428571428572,17.94584549607124
2016-06-30,247,4050,16.39676113360324,231.42857142857142,17.566269461665758
2016-07-01,233,4123,17.69527896995708,233.0,17.77952033635161
2016-07-02,214,3531,16.5,233.28571428571428,17.431744037402197
2016-07-03,211,3698,17.526066350710902,229.71428571428572,17.32458792820527
2016-07-04,234,4491,19.192307692307693,226.28571428571428,17.305063435704618
2016-07-05,249,4022,16.152610441767067,225.42857142857142,17.19252200953705
2016-07-06,220,3918,17.80909090909091,225.42857142857142,17.33871693610581
2016-07-07,223,3626,16.260089686098656,225.42857142857142,17.651513144636617
2016-07-08,227,3838,16.90748898678414,227.42857142857142,17.285330939744732
2016-07-09,214,3750,17.523364485981308,227.71428571428572,17.378498144705727
2016-07-10,211,4160,19.71563981042654,232.71428571428572,17.30212941539582
2016-07-11,248,4124,16.629032258064516,235.28571428571428,17.325436105170702
2016-07-12,251,4218,16.804780876494025,237.28571428571428,18.298936492950798
2016-07-13,255,4405,17.274509803921568,238.28571428571428,18.85700788829542
2016-07-14,241,3958,16.42323651452282,239.85714285714286,18.754773629663056
2016-07-15,241,5717,23.721991701244814,241.0,18.94671991422527
2016-07-16,221,4736,21.429864253393664,242.42857142857142,18.96968225206603
2016-07-17,222,4218,19.0,242.42857142857142,19.06379989912485
2016-07-18,256,4601,17.97265625,244.0,19.105378356233835
2016-07-19,261,4428,16.96551724137931,243.85714285714286,18.41473668462743
2016-07-20,255,4573,17.933333333333334,244.85714285714286,18.363979134643873
2016-07-21,252,4212,16.714285714285715,244.57142857142858,18.284109004773743
2016-07-22,240,4533,18.8875,245.0,18.269813379429014
2016-07-23,228,4805,21.07456140350877,244.42857142857142,18.390359276574937
2016-07-24,220,4057,18.44090909090909,245.85714285714286,18.379936994454543
2016-07-25,259,4629,17.872586872586872,246.42857142857142,18.4268917138423
2016-07-26,257,4577,17.80933852140078,246.85714285714286,18.101399356405494
2016-07-27,265,4733,17.860377358490567,243.14285714285714,17.749163568916973
2016-07-28,256,4363,17.04296875,243.28571428571428,17.77021016937534
2016-07-29,243,4036,16.609053497942387,245.0,17.61129027350236
2016-07-30,202,3759,18.60891089108911,246.14285714285714,17.778150269097395
2016-07-31,221,4108,18.58823529411765,248.28571428571428,17.75574942196609
2016-08-01,271,4542,16.760147601476014,247.57142857142858,17.89929799552898
2016-08-02,265,5029,18.977358490566036,247.71428571428572,17.994960142192948
2016-08-03,280,4957,17.70357142857143,253.14285714285714,18.3710681101326
2016-08-04,251,4530,18.04780876494024,255.0,18.068475278128002
2016-08-05,244,4216,17.278688524590162,255.14285714285714,17.824378561950756
2016-08-06,240,5098,21.241666666666667,256.42857142857144,17.36619491939857
2016-08-07,234,3854,16.47008547008547,255.0,17.085261434893656
2016-08-08,272,4094,15.051470588235293,256.42857142857144,16.40191272791533
2016-08-09,274,4321,15.77007299270073,258.57142857142856,15.954488388219328
2016-08-10,270,4249,15.737037037037037,257.57142857142856,15.373060838658732
2016-08-11,261,3462,13.264367816091953,257.85714285714283,15.801668483368072
2016-08-12,259,3664,14.146718146718147,258.57142857142856,16.43021033332105
2016-08-13,233,4001,17.17167381974249,258.85714285714283,16.777756841610177
2016-08-14,236,4595,19.470338983050848,260.57142857142856,16.927278399642375
2016-08-15,277,5388,19.451263537906136,261.2857142857143,17.335268819040625
2016-08-16,276,5024,18.202898550724637,261.57142857142856,18.20538735418379
2016-08-17,282,4733,16.78368794326241,261.85714285714283,18.55593851063395
2016-08-18,266,4288,16.1203007518797,260.2857142857143,18.691286909880656
2016-08-19,261,5282,20.237547892720308,260.2857142857143,18.378238947013198
2016-08-20,235,4612,19.625531914893617,260.42857142857144,18.22186818963789
2016-08-21,225,4594,20.41777777777778,259.7142857142857,18.11558579650551
2016-08-22,277,4781,17.259927797833935,260.57142857142856,18.031173084052103
2016-08-23,277,4739,17.108303249097474,262.14285714285717,17.38116624223492
2016-08-24,277,4443,16.03971119133574,262.57142857142856,17.176558441667883
2016-08-25,272,4224,15.529411764705882,265.2857142857143,16.842285738050915
2016-08-26,272,4267,15.6875,264.7142857142857,16.73764927085643
2016-08-27,238,4330,18.19327731092437,264.7142857142857,16.698969539035904
2016-08-28,244,4411,18.077868852459016,267.14285714285717,16.632072021906307
2016-08-29,273,4512,16.52747252747253,266.2857142857143,16.605313950256598
2016-08-30,277,4664,16.837545126353792,265.2857142857143,16.527584839744467
2016-08-31,294,4578,15.571428571428571,264.2857142857143,16.27053656588947
2016-09-01,266,4081,15.342105263157896,263.42857142857144,16.359652540148026
2016-09-02,265,4013,15.143396226415094,265.85714285714283,16.40695942045983
2016-09-03,231,3787,16.393939393939394,266.14285714285717,16.492635257504016
2016-09-04,238,4451,18.701680672268907,264.7142857142857,16.754060954543398
2016-09-05,290,4889,16.858620689655172,268.14285714285717,16.743119808575024
2016-09-06,279,4865,17.43727598566308,269.57142857142856,16.818219048957285
2016-09-07,284,4942,17.401408450704224,272.7142857142857,16.761941992680228
2016-09-08,290,4427,15.26551724137931,273.2857142857143,16.48342562745645
2016-09-09,275,4309,15.66909090909091,271.14285714285717,16.188817476986234
2016-09-10,253,4048,16.0,271.0,16.09243375447116
2016-09-11,242,4054,16.75206611570248,270.42857142857144,15.874885608452187
2016-09-12,275,4069,14.796363636363637,268.7142857142857,15.897591778491527
2016-09-13,278,4660,16.762589928057555,268.42857142857144,16.031730021201195
2016-09-14,280,4446,15.878571428571428,269.7142857142857,16.11678999939095
2016-09-15,278,4288,15.424460431654676,274.14285714285717,16.307101852040464
2016-09-16,273,4534,16.60805860805861,279.14285714285717,16.335731931638286
2016-09-17,262,4348,16.595419847328245,280.0,16.261498762841327
2016-09-18,273,4937,18.084249084249084,283.2857142857143,16.350981486623912
2016-09-19,310,4649,14.996774193548386,284.57142857142856,16.518816158657312
2016-09-20,284,4613,16.242957746478872,285.85714285714283,16.441575769866777
2016-09-21,303,5001,16.504950495049506,285.2857142857143,16.442340819362517
2016-09-22,287,4764,16.5993031358885,283.14285714285717,16.459098148412206
2016-09-23,282,4531,16.06737588652482,282.0,16.699861721519294
2016-09-24,258,4283,16.600775193798448,286.0,16.580446512315355
2016-09-25,258,4696,18.2015503875969,285.85714285714283,16.53621990422408
2016-09-26,302,5038,16.68211920529801,287.0,16.302421151155265
2016-09-27,312,4807,15.407051282051283,287.7142857142857,16.103149434165406
2016-09-28,302,4891,16.195364238410598,288.85714285714283,15.981341592301609
2016-09-29,295,4414,14.96271186440678,290.14285714285717,15.704287577594078
2016-09-30,287,4211,14.67247386759582,289.85714285714283,15.577794357789601
2016-10-01,266,4189,15.74812030075188,287.7142857142857,15.73224638724163
2016-10-02,267,4342,16.262172284644194,288.42857142857144,15.669902589571993
2016-10-03,300,4739,15.796666666666667,289.57142857142856,15.75349443543939
2016-10-04,297,4897,16.488215488215488,292.0,15.713817717512168
2016-10-05,307,4838,15.758957654723128,293.57142857142856,15.590440036589902
2016-10-06,303,4711,15.547854785478547,294.14285714285717,15.426998450328133
2016-10-07,304,4376,14.394736842105264,295.85714285714283,15.525185263514945
2016-10-08,277,4123,14.884476534296029,295.2857142857143,15.455927760810344
2016-10-09,271,4097,15.118081180811808,293.7142857142857,15.495671261873062
2016-10-10,312,5143,16.483974358974358,293.0,15.53533534333394
2016-10-11,293,4689,16.003412969283275,293.2857142857143,15.60452793265037
2016-10-12,296,4747,16.03716216216216,294.2857142857143,15.672842150084943
2016-10-13,298,4716,15.825503355704697,294.57142857142856,15.9296521122191
2016-10-14,306,4553,14.879084967320262,296.0,16.433272456677955
2016-10-15,284,4363,15.362676056338028,301.14285714285717,17.261269474960976
2016-10-16,273,4618,16.915750915750916,308.0,17.317422388672032
2016-10-17,322,6443,20.009316770186334,310.14285714285717,17.78324504940431
2016-10-18,329,7172,21.799392097264437,309.57142857142856,18.37194719692999
2016-10-19,344,5652,16.430232558139537,308.57142857142856,18.908068255410836
2016-10-20,313,5974,19.08626198083067,309.0,19.168551043843937
2016-10-21,302,5738,19.0,311.0,18.78924388619827
2016-10-22,277,5295,19.115523465703973,311.57142857142856,18.273500613616093
2016-10-23,276,5172,18.73913043478261,307.85714285714283,18.250223904951056
2016-10-24,336,5831,17.354166666666668,310.2857142857143,17.993744920676544
2016-10-25,333,6057,18.18918918918919,311.7142857142857,17.672774224705847
2016-10-26,318,5173,16.267295597484278,313.57142857142856,17.556763483299864
2016-10-27,330,5706,17.29090909090909,314.57142857142856,17.47439401684682
2016-10-28,312,5227,16.753205128205128,313.0,17.559622954575755
2016-10-29,290,5308,18.30344827586207,310.7142857142857,17.56414166887365
2016-10-30,283,5140,18.16254416961131,314.14285714285717,17.626624921029197
2016-10-31,325,5834,17.950769230769232,314.7142857142857,17.6333983870841
2016-11-01,317,5776,18.22082018927445,312.7142857142857,17.6739280475802
2016-11-02,342,5713,16.704678362573098,314.2857142857143,17.51572304946227
2016-11-03,334,5791,17.338323353293415,317.2857142857143,17.458197942525317
2016-11-04,298,5077,17.036912751677853,320.85714285714283,17.050128868741957
2016-11-05,301,5176,17.196013289036546,327.0,17.08445614329005
2016-11-06,304,5399,17.75986842105263,330.42857142857144,17.36981434754386
2016-11-07,350,5283,15.094285714285714,332.7142857142857,17.072502848093777
2016-11-08,360,6646,18.461111111111112,339.2857142857143,16.97545218921621
2016-11-09,366,6845,18.702185792349727,339.2857142857143,16.690687120397985
2016-11-10,350,5340,15.257142857142858,338.57142857142856,16.45647753707513
2016-11-11,344,5627,16.357558139534884,338.7142857142857,16.632263338575218
2016-11-12,301,4576,15.20265780730897,338.14285714285717,16.4849296485449
2016-11-13,299,4820,16.120401337792643,337.2857142857143,16.07271263059017
2016-11-14,351,5730,16.324786324786324,336.42857142857144,16.056326773921928
2016-11-15,356,6205,17.429775280898877,336.42857142857144,15.854499531397009
2016-11-16,360,5694,15.816666666666666,335.2857142857143,16.011311458485487
2016-11-17,344,5209,15.142441860465116,332.42857142857144,15.933691400500773
2016-11-18,344,5141,14.944767441860465,333.0,15.964556935591661
2016-11-19,293,4776,16.300341296928327,333.85714285714283,15.840808454263566
2016-11-20,279,4346,15.577060931899641,334.85714285714283,15.816784839368015
2016-11-21,355,5872,16.540845070422534,338.0,15.93343834407909
2016-11-22,362,5996,16.56353591160221,338.7142857142857,16.12143513605236
2016-11-23,367,5743,15.64850136239782,340.85714285714283,16.097545934079296
2016-11-24,366,5841,15.959016393442623,344.0,16.137557637685468
2016-11-25,349,5675,16.26074498567335,342.7142857142857,16.00001329649381
2016-11-26,308,4969,16.133116883116884,342.7142857142857,15.75178914495474
2016-11-27,301,4773,15.857142857142858,341.7142857142857,15.565098474136006
2016-11-28,346,5390,15.578034682080926,339.7142857142857,15.353014963384464
2016-11-29,362,5367,14.82596685082873,340.14285714285717,15.060489705690866
2016-11-30,360,5163,14.341666666666667,339.2857142857143,15.062286631565371
2016-12-01,352,5095,14.474431818181818,340.14285714285717,15.054774832057292
2016-12-02,352,5003,14.213068181818182,343.7142857142857,14.906738302580194
2016-12-03,302,4876,16.14569536423841,346.7142857142857,14.9864304682395
2016-12-04,307,4852,15.80456026058632,351.14285714285717,15.006674652869874
2016-12-05,371,5395,14.54177897574124,354.2857142857143,14.849899442785839
2016-12-06,383,5892,15.383812010443863,356.7142857142857,14.935218002951961
2016-12-07,391,5663,14.483375959079284,360.7142857142857,14.83431779940275
2016-12-08,374,5003,13.377005347593583,361.57142857142856,14.950325393394754
2016-12-09,369,5465,14.81029810298103,364.2857142857143,15.02054744447934
2016-12-10,330,5095,15.43939393939394,362.85714285714283,15.125426081057066
2016-12-11,313,5201,16.616613418530353,363.42857142857144,15.202484488349537
2016-12-12,390,5863,15.033333333333333,362.2857142857143,15.409360383267863
2016-12-13,373,6012,16.117962466487935,362.42857142857144,15.277001194811112
2016-12-14,395,5934,15.022784810126582,360.57142857142856,14.970427116943657
2016-12-15,366,5426,14.825136612021858,362.7142857142857,14.667618231369635
2016-12-16,370,5137,13.883783783783784,364.0,14.60986670970834
2016-12-17,317,4214,13.293375394321767,367.0,14.404835088317387
2016-12-18,328,4755,14.496951219512194,366.7142857142857,14.461921809371642
2016-12-19,399,5837,14.62907268170426,369.14285714285717,14.325395392958225
2016-12-20,394,5785,14.682741116751268,370.57142857142856,14.487110491515427
2016-12-21,393,6061,15.422391857506362,373.85714285714283,14.670829972998874
2016-12-22,383,5312,13.869451697127937,374.7142857142857,14.663138909133574
2016-12-23,380,5706,15.01578947368421,371.7142857142857,14.633740015073027
2016-12-24,340,4957,14.579411764705883,368.85714285714283,14.637427876927504
2016-12-25,334,4824,14.44311377245509,367.57142857142856,14.563321302045642
2016-12-26,378,5452,14.423280423280424,367.57142857142856,14.608080720173207
2016-12-27,374,5501,14.70855614973262,362.85714285714283,14.407389510881968
2016-12-28,384,5723,14.903645833333334,363.14285714285717,14.383095933802013
2016-12-29,383,5432,14.182767624020888,357.57142857142856,14.503329075267265
2016-12-30,347,4723,13.610951008645532,348.7142857142857,14.41528358984384
2016-12-31,342,4928,14.409356725146198,340.42857142857144,14.369667069357627
2017-01-01,295,4509,15.284745762711864,332.7142857142857,14.173908140786198
2017-01-02,316,4363,13.806962025316455,324.57142857142856,14.047886122630716
2017-01-03,316,4547,14.389240506329115,322.57142857142856,13.917707364209884
2017-01-04,330,4466,13.533333333333333,320.0,13.696970336455312
2017-01-05,326,4336,13.300613496932515,325.7142857142857,14.005546101696902
2017-01-06,333,4229,12.6996996996997,335.14285714285717,14.118762446621774
2017-01-07,324,4168,12.864197530864198,345.85714285714283,14.458845370270044
2017-01-08,335,5844,17.444776119402984,356.7142857142857,14.569143282538402
2017-01-09,382,5577,14.599476439790577,367.14285714285717,14.599596277427025
2017-01-10,391,6557,16.76982097186701,375.57142857142856,14.900149381551557
2017-01-11,406,5808,14.305418719211822,376.85714285714283,15.242587057322567
2017-01-12,399,5392,13.513784461152882,378.7142857142857,14.743087020560564
2017-01-13,392,5803,14.803571428571429,381.42857142857144,15.019043539136973
2017-01-14,333,5082,15.26126126126126,386.0,14.992824602595348
2017-01-15,348,4854,13.948275862068966,388.0,15.226404241347401
2017-01-16,401,6629,16.531172069825438,391.14285714285717,16.226301337327936
2017-01-17,423,7016,16.58628841607565,391.7142857142857,16.775286082741253
2017-01-18,420,6695,15.94047619047619,396.7142857142857,16.989127641691507
2017-01-19,421,8636,20.513064133016627,397.0,17.466312722620433
2017-01-20,396,7384,18.646464646464647,397.42857142857144,17.541067490580307
2017-01-21,368,6167,16.758152173913043,398.2857142857143,17.39037893563643
2017-01-22,350,6051,17.28857142857143,400.0,17.39392201953666
2017-01-23,404,6890,17.054455445544555,401.0,16.597663191455513
2017-01-24,429,6663,15.531468531468532,403.42857142857144,16.172554267557242
2017-01-25,432,6897,15.965277777777779,402.14285714285717,16.2926590704085
2017-01-26,428,6394,14.939252336448599,403.85714285714283,16.342594801607056
2017-01-27,413,6472,15.670702179176756,407.85714285714283,16.38375725118535
2017-01-28,359,6318,17.598885793871865,409.2857142857143,16.612096110503707
2017-01-29,362,6385,17.638121546961326,410.85714285714283,16.730890674981115
2017-01-30,432,7492,17.34259259259259,410.85714285714283,17.03329387925348
2017-01-31,439,7520,17.12984054669704,412.14285714285717,17.474378402065735
2017-02-01,443,7441,16.79683972911964,415.85714285714283,17.283071897189796
2017-02-02,428,7300,17.05607476635514,416.42857142857144,17.22079536081671
2017-02-03,422,7916,18.75829383886256,419.85714285714283,16.970099175909997
2017-02-04,385,6260,16.25974025974026,423.7142857142857,16.627822752010296
2017-02-05,366,6296,17.202185792349727,425.14285714285717,16.547731803637166
2017-02-06,456,7108,15.587719298245615,430.42857142857144,16.240489171884438
2017-02-07,466,6866,14.733905579399142,431.2857142857143,15.979958543368687
2017-02-08,453,7355,16.236203090507725,431.85714285714283,16.097461679233927
2017-02-09,465,6931,14.905376344086022,434.42857142857144,16.130705970803014
2017-02-10,428,7248,16.934579439252335,436.85714285714283,16.244873524995047
2017-02-11,389,6645,17.082262210796916,437.57142857142856,16.447278885050554
2017-02-12,384,6695,17.434895833333332,442.0,16.12309875051521
2017-02-13,473,7751,16.386892177589854,442.0,16.598674787381572
2017-02-14,471,7607,16.150743099787686,446.42857142857144,16.492552172188038
2017-02-15,484,6760,13.96694214876033,449.57142857142856,16.59098464746175
2017-02-16,465,8479,18.234408602150538,451.14285714285717,16.855438949752283
2017-02-17,459,7432,16.191721132897605,451.57142857142856,17.120696849952534
2017-02-18,411,7304,17.771289537712896,451.85714285714283,17.487866440348313
2017-02-19,395,7618,19.28607594936709,451.14285714285717,18.055965071646792
2017-02-20,476,8684,18.243697478991596,444.2857142857143,17.977257162398157
2017-02-21,473,8855,18.72093023255814,436.85714285714283,17.999359478618118
2017-02-22,479,8595,17.943632567849686,437.2857142857143,17.741832263775763
2017-02-23,417,7374,17.68345323741007,435.85714285714283,17.436029206073975
2017-02-24,407,6653,16.346437346437348,438.0,17.50333922580488
2017-02-25,414,6611,15.968599033816425,437.42857142857144,17.372326043023957
2017-02-26,385,6601,17.145454545454545,436.0,17.562833604912015
2017-02-27,491,9189,18.71486761710794,442.42857142857144,17.453138058936922
2017-02-28,469,8350,17.803837953091683,447.2857142857143,17.723374900602334
2017-03-01,469,9041,19.277185501066096,447.7142857142857,17.888189632667615
2017-03-02,462,7815,16.915584415584416,449.2857142857143,18.053557598035578
2017-03-03,441,8043,18.238095238095237,449.57142857142856,17.80220154609869
2017-03-04,417,7140,17.12230215827338,451.2857142857143,17.546292411724732
2017-03-05,396,7248,18.303030303030305,446.7142857142857,17.11179418878721
2017-03-06,493,8359,16.955375253549697,448.85714285714283,17.193335438792072
2017-03-07,481,7702,16.012474012474012,452.7142857142857,16.96243538646345
2017-03-08,437,7095,16.23569794050343,453.2857142857143,16.77903219384957
2017-03-09,477,8341,17.48637316561845,455.0,16.515854195377457
2017-03-10,468,7779,16.621794871794872,455.0,16.545410845623763
2017-03-11,421,6668,15.838479809976247,459.0,16.59330608212411
2017-03-12,408,6716,16.46078431372549,468.85714285714283,16.566410780629266
2017-03-13,493,8461,17.162271805273832,470.42857142857144,16.494001499358244
2017-03-14,509,8321,16.347740667976424,474.2857142857143,16.35207120742795
2017-03-15,506,8120,16.047430830039527,473.57142857142856,16.45962354226651
2017-03-16,488,8286,16.979508196721312,474.42857142857144,16.284756493997925
2017-03-17,495,7736,15.628282828282828,475.85714285714283,15.95541178566145
2017-03-18,416,6902,16.591346153846153,470.2857142857143,15.804822693275758
2017-03-19,414,6308,15.23671497584541,466.14285714285717,15.730361924803505
2017-03-20,503,7473,14.85685884691849,466.14285714285717,15.805888856887815
2017-03-21,470,7188,15.293617021276596,462.85714285714283,15.92133997827114
2017-03-22,477,7406,15.526205450733753,460.57142857142856,16.10971909915026
2017-03-23,488,8544,17.508196721311474,458.57142857142856,16.622688388315204
2017-03-24,472,7758,16.4364406779661,454.85714285714283,16.9132778851765
2017-03-25,400,7164,17.91,455.7142857142857,16.95506608982006
2017-03-26,400,7531,18.8275,458.7142857142857,16.98287724459189
2017-03-27,477,8057,16.89098532494759,458.57142857142856,17.315675190242025
2017-03-28,476,7419,15.586134453781513,460.0,17.80430458953673
2017-03-29,498,7829,15.720883534136545,462.0,17.90480838525792
2017-03-30,487,9661,19.83778234086242,461.0,17.8869212533059
2017-03-31,482,9571,19.856846473029044,464.0,18.172431668732205
2017-04-01,414,7706,18.613526570048307,468.42857142857144,18.47979425873862
2017-04-02,393,7350,18.702290076335878,468.2857142857143,19.093108683439436
2017-04-03,498,9407,18.889558232931726,470.57142857142856,18.91065923230232
2017-04-04,507,8993,17.73767258382643,474.2857142857143,18.779534933005703
2017-04-05,497,9947,20.014084507042252,477.42857142857144,18.772163509499457
2017-04-06,503,9336,18.560636182902584,479.57142857142856,18.73381114565316
2017-04-07,508,9621,18.938976377952756,485.0,18.440953146492337
2017-04-08,436,8093,18.56192660550459,487.57142857142856,18.21203393383686
2017-04-09,408,7521,18.433823529411764,494.2857142857143,17.675883205940064
2017-04-10,536,9026,16.83955223880597,497.0,17.60290781254238
2017-04-11,525,8471,16.135238095238094,497.57142857142856,17.596558508549126
2017-04-12,544,8846,16.261029411764707,501.0,17.693923030744124
2017-04-13,522,9422,18.049808429118773,507.57142857142856,17.232325836800467
2017-04-14,512,9674,18.89453125,505.85714285714283,17.00960899570605
2017-04-15,460,8852,19.243478260869566,507.57142857142856,17.095902462813562
2017-04-16,454,6902,15.202643171806168,509.57142857142856,17.227071328209185
2017-04-17,524,8007,15.280534351145038,513.7142857142857,17.08461749247041
2017-04-18,537,8989,16.73929236499069,516.2857142857143,16.483781491796556
2017-04-19,558,9586,17.17921146953405,517.7142857142857,15.948390980365344
2017-04-20,551,9396,17.05263157894737,518.0,16.321071028503308
2017-04-21,530,7785,14.68867924528302,521.4285714285714,16.615457674898646
2017-04-22,470,7283,15.495744680851065,523.1428571428571,16.54471307214562
2017-04-23,456,8122,17.81140350877193,522.2857142857143,16.70907002577326
2017-04-24,548,9503,17.34124087591241,524.0,16.680744326979205
2017-04-25,549,8918,16.24408014571949,521.4285714285714,17.200107113367345
2017-04-26,552,10118,18.329710144927535,519.8571428571429,17.504636584730356
2017-04-27,563,9489,16.854351687388988,519.1428571428571,17.534429748348938
2017-04-28,512,9382,18.32421875,509.2857142857143,17.823885644691902
2017-04-29,459,8091,17.627450980392158,509.2857142857143,18.200414398269835
2017-04-30,451,8127,18.019955654101995,509.57142857142856,18.52541196910793
2017-05-01,479,9277,19.367432150313153,506.42857142857144,18.711521221054742
2017-05-02,549,10365,18.879781420765028,506.85714285714283,19.103484423204538
2017-05-03,554,11415,20.604693140794225,509.14285714285717,19.012044057584603
2017-05-04,541,9823,18.157116451016638,510.42857142857144,19.056398218799846
2017-05-05,515,10850,21.067961165048544,510.42857142857144,18.84524402852248
2017-05-06,475,8069,16.987368421052633,501.7142857142857,18.69614176466612
2017-05-07,460,8432,18.330434782608695,501.7142857142857,18.21548163057638
2017-05-08,479,8569,17.88935281837161,504.57142857142856,18.110785341037207
2017-05-09,488,8704,17.83606557377049,509.42857142857144,17.939744310693296
2017-05-10,554,9551,17.240072202166065,511.2857142857143,18.04693523883332
2017-05-11,561,9775,17.424242424242426,513.0,17.840529301366217
2017-05-12,549,10909,19.870673952641166,524.0,17.972728641804398
2017-05-13,488,8656,17.737704918032787,538.5714285714286,18.00074832981297
2017-05-14,472,7970,16.885593220338983,542.0,18.64663025446646
2017-05-15,556,10461,18.81474820143885,541.5714285714286,18.83051984158185
2017-05-16,590,10639,18.03220338983051,542.1428571428571,19.41629026374394
2017-05-17,578,12578,21.761245674740483,538.1428571428571,19.467115027006336
2017-05-18,558,10441,18.711469534050178,539.1428571428571,19.720858196543354
2017-05-19,553,13256,23.971066907775768,543.2857142857143,20.137066328938538
2017-05-20,460,8323,18.093478260869563,543.7142857142857,20.555014628102718
2017-05-21,479,8939,18.661795407098122,548.1428571428571,20.643075004383043
2017-05-22,585,12711,21.72820512820513,554.0,20.926363759237315
2017-05-23,593,12428,20.957841483979763,556.7142857142857,20.32210544973488
2017-05-24,609,13628,22.37766830870279,564.8571428571429,20.69255909414782
2017-05-25,599,12396,20.69449081803005,566.1428571428571,20.618215956365653
2017-05-26,572,11292,19.74125874125874,571.7142857142857,20.058142696292396
2017-05-27,517,10695,20.686653771760156,571.2857142857143,19.59273677000957
2017-05-28,488,8853,18.141393442622952,569.7142857142857,18.880399061312897
2017-05-29,624,11112,17.807692307692307,568.4285714285714,18.42864371442725
2017-05-30,590,10443,17.7,571.2857142857143,18.146832620116154
2017-05-31,598,10400,17.391304347826086,569.2857142857143,17.915822439146158
2017-06-01,590,10344,17.53220338983051,569.7142857142857,18.098707460872124
2017-06-02,592,10519,17.76858108108108,562.7142857142857,18.309782472816696
2017-06-03,503,9592,19.069582504970178,564.5714285714286,18.68928969859258
2017-06-04,491,9536,19.421588594704684,568.8571428571429,19.830386347720243
2017-06-05,575,11089,19.285217391304347,572.5714285714286,20.374487162160044
2017-06-06,603,12275,20.35655058043118,574.2857142857143,20.715494027587436
2017-06-07,628,15938,25.378980891719745,579.0,20.7801805354062
2017-06-08,616,13146,21.34090909090909,580.0,20.641353478560834
2017-06-09,604,12174,20.155629139072847,578.4285714285714,20.70927075092769
2017-06-10,536,10464,19.52238805970149,584.2857142857143,20.826702300662014
2017-06-11,498,9188,18.449799196787147,584.0,20.109394669850385
2017-06-12,564,11145,19.76063829787234,585.7142857142857,19.72516106905627
2017-06-13,644,13639,21.178571428571427,583.8571428571429,19.61445842917422
2017-06-14,626,12744,20.357827476038338,580.1428571428571,19.51126013493115
2017-06-15,628,11713,18.651273885350317,580.2857142857143,19.781672445496053
2017-06-16,591,11454,19.380710659898476,587.5714285714286,19.618189854743097
2017-06-17,510,9588,18.8,583.2857142857143,19.226462805617256
2017-06-18,499,10151,20.34268537074148,582.8571428571429,18.9494789676049
2017-06-19,615,11449,18.616260162601627,580.0,19.042295104284175
2017-06-20,614,11320,18.436482084690553,583.1428571428571,19.196017864825365
2017-06-21,623,11475,18.418940609951846,581.1428571428571,19.13443952381154
2017-06-22,608,11735,19.300986842105264,581.7142857142857,18.929846867894764
2017-06-23,613,12540,20.456769983686787,580.0,18.62479951464938
2017-06-24,496,9111,18.368951612903224,581.5714285714286,18.579359216836444
2017-06-25,503,9512,18.910536779324055,582.4285714285714,18.797957072012526
2017-06-26,603,9938,16.480928689883914,585.0,18.548660457873343
2017-06-27,625,11324,18.1184,584.7142857142857,18.16355724065739
2017-06-28,629,12548,19.94912559618442,591.5714285714286,17.838003228730038
2017-06-29,626,10990,17.55591054313099,595.0,17.719853897555254
2017-06-30,611,10852,17.761047463175125,598.4285714285714,18.169263264482296
2017-07-01,544,8753,16.090073529411764,600.5714285714286,18.386500764482296
2017-07-02,527,9530,18.083491461100568,602.1428571428571,18.567429250741665
2017-07-03,627,12306,19.626794258373206,602.7142857142857,18.800258356824994
2017-07-04,640,12569,19.6390625,605.7142857142857,18.981094252682436
2017-07-05,640,13578,21.215625,605.5714285714286,19.184222396205037
2017-07-06,630,12087,19.185714285714287,605.8571428571429,19.120445193147464
2017-07-07,632,12025,19.026898734177216,608.7142857142857,18.720459349657183
2017-07-08,543,9509,17.51197053406998,607.4285714285714,18.684179422670542
2017-07-09,529,9330,17.637051039697543,605.1428571428571,18.458320906187026
2017-07-10,647,10887,16.826893353941266,605.5714285714286,18.993063144314505
2017-07-11,631,12232,19.385103011093502,602.5714285714286,19.406569076841443
2017-07-12,624,12252,19.634615384615383,601.2857142857143,19.604430964162642
2017-07-13,633,14514,22.928909952606634,598.4285714285714,19.562539586333266
2017-07-14,611,13394,21.921440261865794,598.2857142857143,19.952373043510168
2017-07-15,534,10091,18.89700374531835,603.4285714285714,19.94940373350816
2017-07-16,509,8828,17.343811394891944,609.4285714285714,19.872257906362336
2017-07-17,646,12633,19.555727554179565,611.4285714285714,19.259097222031027
2017-07-18,667,12916,19.364317841079462,614.7142857142857,18.401460194986658
2017-07-19,666,12717,19.094594594594593,615.2857142857143,18.19153241618122
2017-07-20,647,12058,18.63678516228748,617.5714285714286,18.072756638679653
2017-07-21,634,10092,15.917981072555206,615.4285714285714,18.19621960297956
2017-07-22,538,9376,17.4275092936803,618.0,18.203194009415547
2017-07-23,525,8669,16.51238095238095,618.1428571428571,18.19931853402583
2017-07-24,631,12885,20.41996830427892,619.1428571428571,18.044565913637886
2017-07-25,685,13298,19.413138686131386,621.7142857142857,18.35843014253666
2017-07-26,667,12718,19.067466266866568,622.2857142857143,18.507162341489025
2017-07-27,654,11480,17.553516819571865,623.5714285714286,18.571471750645944
2017-07-28,652,11811,18.115030674846626,628.7142857142857,17.99530579242062
2017-07-29,542,10010,18.468634686346864,627.7142857142857,17.88824552499604
2017-07-30,534,9058,16.9625468164794,628.5714285714286,17.89601355777014
2017-07-31,667,10930,16.38680659670165,632.1428571428571,18.181761943949542
2017-08-01,678,12654,18.663716814159294,631.2857142857143,18.6664346958401
2017-08-02,673,12869,19.12184249628529,632.4285714285714,19.058967402985353
2017-08-03,679,13277,19.55375552282769,631.4285714285714,19.773182048611634
2017-08-04,646,13894,21.507739938080494,632.5714285714286,20.69633666178124
2017-08-05,550,11669,21.216363636363635,632.0,20.88935380193737
2017-08-06,527,11574,21.962049335863377,633.2857142857143,20.998047437784344
2017-08-07,675,15423,22.84888888888889,630.4285714285714,21.231751125288472
2017-08-08,674,13490,20.014836795252226,631.0,22.106689375892355
2017-08-09,682,13560,19.882697947214076,636.1428571428571,22.317125970014956
2017-08-10,659,13964,21.1896813353566,639.1428571428571,22.508939568541255
2017-08-11,650,17961,27.63230769230769,640.7142857142857,22.0084527343518
2017-08-12,586,13296,22.68941979522184,642.4285714285714,21.955937523701436
2017-08-13,548,12771,23.304744525547445,641.4285714285714,21.81332988044863
2017-08-14,686,13271,19.345481049562682,644.4285714285714,21.631610698086764
2017-08-15,686,13478,19.64723032069971,648.5714285714286,20.257670676400057
2017-08-16,675,12747,18.884444444444444,647.2857142857143,19.609293547941775
2017-08-17,680,13544,19.91764705882353,649.7142857142857,19.125050651118936
2017-08-18,679,12232,18.014727540500736,653.7142857142857,19.137120785295057
2017-08-19,577,10473,18.150779896013866,657.7142857142857,19.453822976375573
2017-08-20,565,11252,19.91504424778761,666.0,19.59467314636626
2017-08-21,714,13873,19.42997198879552,669.8571428571429,19.751719727374905
2017-08-22,714,15611,21.864145658263304,672.0,19.924379070086406
2017-08-23,733,14565,19.870395634379264,674.5714285714286,20.29443572359703
2017-08-24,707,14859,21.016973125884018,678.7142857142857,20.41263286568798
2017-08-25,694,13341,19.223342939481267,679.2857142857143,20.428207897929287
2017-08-26,595,12341,20.741176470588236,682.5714285714286,20.00974010375599
2017-08-27,594,12321,20.742424242424242,684.0,20.135349802593943
2017-08-28,718,14029,19.53899721448468,689.5714285714286,20.031239892232115
2017-08-29,737,13955,18.934871099050202,694.2857142857143,19.814228629311522
2017-08-30,743,15417,20.74966352624495,698.7142857142857,19.948191096087367
2017-08-31,746,15135,20.288203753351205,705.7142857142857,19.889675480028984
2017-09-01,727,12871,17.70426409903714,711.0,19.886848063390207
2017-09-02,626,13571,21.67891373801917,717.5714285714286,20.06145049532666
2017-09-03,643,13074,20.33281493001555,722.5714285714286,19.9343410161826
2017-09-04,755,14737,19.519205298013244,725.8571428571429,19.56732844209248
2017-09-05,783,15783,20.157088122605366,731.0,19.45080466235735
2017-09-06,778,15451,19.859897172236504,735.2857142857143,18.827466811281447
2017-09-07,769,13626,17.719115734720415,740.2857142857143,18.62210471213468
2017-09-08,763,12886,16.88859764089122,746.7142857142857,18.351325383847072
2017-09-09,656,11359,17.315548780487806,749.5714285714286,17.97058498846331
2017-09-10,678,12811,18.8952802359882,749.5714285714286,17.878223622323027
2017-09-11,800,14099,17.62375,750.4285714285714,17.897704784644073
2017-09-12,803,14046,17.491905354919055,752.4285714285714,17.935314571926206
2017-09-13,778,14948,19.213367609254497,754.0,17.717608202985243
2017-09-14,775,13838,17.855483870967742,751.7142857142857,17.479654919380543
2017-09-15,777,13327,17.15186615186615,751.5714285714286,17.500864243535737
2017-09-16,667,10533,15.79160419790105,754.0,17.475888217223257
2017-09-17,662,11406,17.229607250755286,757.4285714285714,17.211171291212906
2017-09-18,799,14200,17.77221526908636,764.7142857142857,17.085327348387008
2017-09-19,820,14200,17.317073170731707,765.8571428571429,16.871639463179555
2017-09-20,802,13923,17.360349127182044,768.7142857142857,16.91367895497452
2017-09-21,826,14021,16.97457627118644,770.4285714285714,16.776808398168868
2017-09-22,785,12290,15.656050955414013,773.8571428571429,16.737312969170766
2017-09-23,687,11051,16.085880640465792,773.2857142857143,16.743662460186684
2017-09-24,674,10967,16.271513353115726,778.2857142857143,16.760625727049398
2017-09-25,823,14399,17.495747266099634,777.0,16.841019359929387
2017-09-26,816,14167,17.36151960784314,780.2857142857143,17.07367686134832
2017-09-27,837,14630,17.479091995221026,781.5714285714286,16.94071854325222
2017-09-28,817,14328,17.53733170134639,780.5714285714286,17.134957265349417
2017-09-29,808,13966,17.284653465346533,783.4285714285714,17.008552427979144
2017-09-30,696,10548,15.155172413793103,787.1428571428571,16.91194579245082
2017-10-01,667,11760,17.631184407796102,789.5714285714286,17.006100264863207
2017-10-02,843,14003,16.61091340450771,795.7142857142857,17.191797065003094
2017-10-03,842,14049,16.68527315914489,799.5714285714286,17.415802942921935
2017-10-04,854,15490,18.138173302107727,804.1428571428571,17.50332933278823
2017-10-05,860,16200,18.837209302325583,812.8571428571429,17.070734699963356
2017-10-06,835,15742,18.852694610778443,816.2857142857143,17.181681821118705
2017-10-07,728,11479,15.767857142857142,822.0,17.38764053081002
2017-10-08,728,10631,14.603021978021978,824.0,17.661021961647826
2017-10-09,867,15075,17.387543252595155,828.4285714285714,17.572044330034533
2017-10-10,882,15988,18.126984126984127,830.1428571428571,17.355948473173452
2017-10-11,868,17405,20.05184331797235,831.8571428571429,17.406293205661047
2017-10-12,891,16229,18.21436588103255,832.0,17.76851091642373
2017-10-13,847,14687,17.340023612750887,833.7142857142857,17.956606070164806
2017-10-14,740,11929,16.12027027027027,834.8571428571429,18.20267093805953
2017-10-15,729,12494,17.13854595336077,839.4285714285714,18.061613956126973
2017-10-16,879,16441,18.704209328782706,839.0,18.260076487922838
2017-10-17,890,17666,19.849438202247192,841.8571428571429,18.283671730589667
2017-10-18,900,17158,19.064444444444444,842.0,18.184169075823853
2017-10-19,888,17408,19.603603603603602,842.5714285714286,18.013529008816754
2017-10-20,867,15177,17.505190311418684,847.7142857142857,17.650164210091354
2017-10-21,741,11429,15.423751686909581,851.7142857142857,17.6400826243984
2017-10-22,733,11687,15.94406548431105,854.0,17.66892992459941
2017-10-23,915,14787,16.160655737704918,856.5714285714286,17.527197842469977
2017-10-24,918,18157,19.778867102396514,857.5714285714286,17.463036951299674
2017-10-25,916,17648,19.266375545851528,859.5714285714286,17.664374222138512
2017-10-26,906,16862,18.611479028697573,860.7142857142857,17.622817922953146
2017-10-27,874,14907,17.056064073226544,865.5714285714286,17.63268360185094
2017-10-28,755,12709,16.833112582781457,866.1428571428571,17.07363255313548
2017-10-29,741,11599,15.653171390013496,867.7142857142857,17.262424334457044
2017-10-30,949,15402,16.229715489989463,868.0,17.464403101282503
2017-10-31,922,14628,15.865509761388287,869.2857142857143,17.61559148881542
2017-11-01,927,19085,20.58791801510248,874.0,17.702159161906103
2017-11-02,908,18183,20.02533039647577,875.2857142857143,17.850372772856556
2017-11-03,883,15995,18.114382785956966,858.5714285714286,17.93980902153938
2017-11-04,788,13742,17.439086294416242,861.4285714285714,18.39805739957581
2017-11-05,750,12518,16.690666666666665,864.8571428571429,18.46638997695865
2017-11-06,832,14024,16.85576923076923,865.8571428571429,18.443567601818078
2017-11-07,942,17967,19.073248407643312,870.0,18.555673319112447
2017-11-08,951,20034,21.066246056782333,869.0,18.494044199679653
2017-11-09,915,18177,19.865573770491803,874.2857142857143,18.685811368554827
2017-11-10,912,17236,18.899122807017545,891.1428571428571,19.492731553632904
2017-11-11,781,13283,17.007682458386682,893.8571428571429,20.062466692662902
2017-11-12,787,14192,18.033036848792886,893.8571428571429,19.90894408488162
2017-11-13,950,21379,22.504210526315788,901.0,19.711715559563398
2017-11-14,961,22162,23.06139438085328,905.5714285714286,19.48717380262869
2017-11-15,951,19012,19.991587802313354,907.0,19.38241006331428
2017-11-16,965,17838,18.48497409326425,902.2857142857143,19.134795477488243
2017-11-17,944,16357,17.327330508474578,906.8571428571429,18.74039123878558
2017-11-18,791,12873,16.27433628318584,910.1428571428571,18.429065444540573
2017-11-19,754,12290,16.29973474801061,914.5714285714286,18.659100471908665
2017-11-20,982,19388,19.74338085539715,918.1428571428571,18.858361027127767
2017-11-21,984,20548,20.882113821138212,919.8571428571429,19.21700897002949
2017-11-22,982,21213,21.60183299389002,922.1428571428571,19.346343475157656
2017-11-23,990,19681,19.87979797979798,929.2857142857143,19.403382079031054
2017-11-24,956,18965,19.83786610878661,930.2857142857143,19.433975222756636
2017-11-25,807,13864,17.179677819083025,932.5714285714286,19.48024467687975
2017-11-26,804,13426,16.699004975124378,940.0,19.249062676923646
2017-11-27,989,19738,19.95753286147624,945.5714285714286,19.01356189652491
2017-11-28,1000,21206,21.206,948.7142857142857,18.90847380794861
2017-11-29,1034,20663,19.983558994197292,950.7142857142857,18.922652424710893
2017-11-30,1029,18760,18.231292517006803,952.1428571428571,19.0246197729469
2017-12-01,978,18682,19.102249488752555,957.2857142857143,19.12392692514019
2017-12-02,821,14186,17.278928136419,958.4285714285714,19.197106063462183
2017-12-03,814,14174,17.412776412776413,955.7142857142857,19.159764419674676
2017-12-04,1025,21169,20.652682926829268,951.0,19.537078340079326
2017-12-05,1008,21892,21.71825396825397,953.5714285714286,19.75640701322942
2017-12-06,1015,20018,19.72216748768473,957.8571428571429,19.746440949087646
2017-12-07,996,20789,20.872489959839356,958.5714285714286,20.165407653768632
2017-12-08,996,20555,20.63755020080321,959.7142857142857,19.783687080761492
2017-12-09,851,14645,17.209165687426555,964.2857142857143,19.677920030351583
2017-12-10,819,16663,20.345543345543344,966.4285714285714,19.93217349604988
2017-12-11,1033,18574,17.980638915779284,972.0,19.815675620489667
2017-12-12,1040,21817,20.977884615384614,972.5714285714286,19.709311306089212
2017-12-13,1030,22147,21.501941747572815,973.0,19.58659007874524
2017-12-14,1035,20759,20.057004830917876,974.8571428571429,18.92802344696432
2017-12-15,1000,19893,19.893,974.7142857142857,19.10894546231811
2017-12-16,854,13963,16.350117096018735,972.1428571428571,18.955129684162802
2017-12-17,832,13092,15.735576923076923,974.1428571428571,18.780249117049227
2017-12-18,1032,19863,19.247093023255815,974.1428571428571,18.683354707111338
2017-12-19,1022,20339,19.901174168297455,970.2857142857143,18.92885624873518
2017-12-20,1044,21170,20.27777777777778,973.4285714285714,19.146941281984954
2017-12-21,1035,20057,19.378743961352658,976.0,19.644547940032787
2017-12-22,973,21028,21.611510791366907,975.8571428571429,19.728273462136602
2017-12-23,876,15660,17.876712328767123,976.5714285714286,19.88246655285277
2017-12-24,850,16336,19.218823529411765,972.8571428571429,19.951681010082947
2017-12-25,1031,20448,19.83317167798254,967.8571428571429,19.90528901560399
2017-12-26,1027,21547,20.980525803310613,971.2857142857143,19.333620258046636
2017-12-27,1018,21136,20.762278978389,970.7142857142857,19.33616069862905
2017-12-28,1000,19054,19.054,984.2857142857143,18.73951848618852
2017-12-29,997,17557,17.609829488465397,935.5714285714286,18.54451052390944
2017-12-30,872,15604,17.894495412844037,898.7142857142857,18.240400484387635
2017-12-31,945,14215,15.042328042328043,870.2857142857143,18.313607098149962
2018-01-01,690,12743,18.468115942028984,847.8571428571429,18.593810114587853
2018-01-02,769,14497,18.851755526657996,823.8571428571429,19.429317844048853
2018-01-03,819,17424,21.274725274725274,819.1428571428571,20.019053643235615
2018-01-04,843,17716,21.015421115065244,800.0,20.673390785682674
2018-01-05,829,19447,23.4583835946924,832.4285714285714,20.709648408545956
2018-01-06,839,18477,22.02264600715137,866.5714285714286,21.206591496574408
2018-01-07,811,15914,19.62268803945746,897.8571428571429,21.690328788734494
2018-01-08,917,17168,18.721919302071974,926.0,22.140048849219678
2018-01-09,1008,22509,22.330357142857142,950.5714285714286,22.35400032941276
2018-01-10,1038,25598,24.660886319845858,954.4285714285714,22.505169672501985
2018-01-11,1040,25130,24.16346153846154,964.4285714285714,22.38621585982775
2018-01-12,1001,24981,24.956043956043956,989.5714285714286,22.652578714727152
2018-01-13,866,19988,23.080831408775982,1002.4285714285714,23.023157410686412
2018-01-14,881,16554,18.7900113507378,1008.2857142857143,23.145744946882136
2018-01-15,1093,22501,20.586459286367795,1013.0,22.877685536581346
2018-01-16,1098,27367,24.92440801457195,1022.0,22.30743435918731
2018-01-17,1079,27535,25.51899907321594,1030.4285714285713,22.070713269902715
2018-01-18,1073,23914,22.28704566635601,1032.857142857143,22.274908275794765
2018-01-19,1064,22306,20.964285714285715,1036.5714285714287,22.355305576771972
2018-01-20,925,19817,21.423783783783783,1036.857142857143,21.886104431833125
2018-01-21,898,18157,20.219376391982184,1042.5714285714287,21.5197365060156
2018-01-22,1119,23666,21.14924039320822,1047.0,21.652125427385037
2018-01-23,1100,23804,21.64,1048.4285714285713,21.544165483630994
2018-01-24,1119,25686,22.9544235924933,1047.2857142857142,21.29481048600991
2018-01-25,1104,25628,23.213768115942027,1048.142857142857,21.738818662629395
2018-01-26,1074,21704,20.20856610800745,1053.7142857142858,21.48199404193669
2018-01-27,917,18045,19.678298800436206,1060.857142857143,21.21801888665718
2018-01-28,904,21088,23.327433628318584,1065.7142857142858,20.79657787536431
2018-01-29,1158,22409,19.35146804835924,1071.2857142857142,20.40608456746258
2018-01-30,1150,22761,19.792173913043477,1077.5714285714287,20.323772158984134
2018-01-31,1153,23065,20.004336513443192,1088.4285714285713,19.960579710583453
2018-02-01,1143,23409,20.480314960629922,1098.142857142857,19.246254977084675
2018-02-02,1118,21949,19.632379248658317,1096.0,19.313405585849257
2018-02-03,993,17016,17.13595166163142,1099.2857142857142,19.402405707637097
2018-02-04,972,17814,18.32716049382716,1102.0,19.44725183224029
2018-02-05,1143,22656,19.821522309711288,1103.142857142857,19.255140311862355
2018-02-06,1173,23947,20.415174765558397,1103.7142857142858,19.070071618585725
2018-02-07,1172,23813,20.318259385665527,1097.4285714285713,19.2240655781088
2018-02-08,1151,22025,19.135534317984362,1091.142857142857,19.394231074064525
2018-02-09,1122,20574,18.336898395721924,1095.142857142857,19.327621018596435
2018-02-10,949,17285,18.21390937829294,1091.857142857143,19.60408673531791
2018-02-11,928,18113,19.518318965517242,1095.142857142857,19.510683272571907
2018-02-12,1171,22665,19.35525192143467,1096.857142857143,19.534190653505966
2018-02-13,1150,25703,22.350434782608694,1100.2857142857142,19.532310129759107
2018-02-14,1195,23499,19.664435146443516,1108.4285714285713,19.583120576427284
2018-02-15,1163,22446,19.300085984522784,1113.4285714285713,19.625823266859992
2018-02-16,1146,20999,18.323734729493893,1119.5714285714287,19.616612178060077
2018-02-17,1006,18681,18.569582504970178,1123.2857142857142,19.105301281030457
2018-02-18,963,19084,19.81723779854621,1125.5714285714287,19.46714733950125
2018-02-19,1214,23419,19.290774299835256,1130.5714285714287,19.69639811347474
2018-02-20,1176,22075,18.77125850340136,1117.142857142857,19.538526177648073
2018-02-21,1211,26881,22.19735755573906,1112.2857142857142,19.361625208390137
2018-02-22,1198,25044,20.90484140233723,1117.7142857142858,18.976859254865836
2018-02-23,1052,18114,17.218631178707223,1117.5714285714287,18.62440262717768
2018-02-24,972,16846,17.33127572016461,1120.0,18.47195245419746
2018-02-25,1001,17141,17.123876123876123,1120.4285714285713,18.054961153577636
2018-02-26,1213,20407,16.823577906018137,1126.4285714285713,17.613140492414256
2018-02-27,1193,21121,17.704107292539817,1146.5714285714287,17.411987696797237
2018-02-28,1214,23404,19.27841845140033,1158.5714285714287,17.23560415235814
2018-03-01,1240,22087,17.81209677419355,1162.0,17.145991186926356
2018-03-02,1193,18862,15.810561609388097,1163.857142857143,17.400161949827986
2018-03-03,1056,16998,16.09659090909091,1169.142857142857,17.758227923135305
2018-03-04,1025,16909,16.496585365853658,1166.0,17.7329552968087
2018-03-05,1226,22807,18.602773246329527,1141.857142857143,17.691104470456654
2018-03-06,1230,24859,20.210569105691057,1118.5714285714287,18.267820357048922
2018-03-07,1192,22769,19.101510067114095,1109.2857142857142,18.688647574735374
2018-03-08,1071,18763,17.519140989729227,1103.0,18.738720351216745
2018-03-09,1030,20443,19.84757281553398,1104.7142857142858,18.52994660566447
2018-03-10,991,18871,19.042381432896065,1103.2857142857142,18.23031026972266
2018-03-11,981,16527,16.847094801223243,1114.5714285714287,18.061149957785826
2018-03-12,1238,21221,17.141357027463652,1136.4285714285713,18.144433271111154
2018-03-13,1220,22098,18.113114754098362,1161.0,17.909850132975684
2018-03-14,1271,22773,17.917387883556255,1169.2857142857142,17.51035971719086
2018-03-15,1224,22157,18.102124183006534,1183.142857142857,17.82706152003758
2018-03-16,1202,21883,18.20549084858569,1182.857142857143,17.836687353839583
2018-03-17,1049,17042,16.245948522402287,1186.0,17.774519361593185
2018-03-18,1078,20551,19.06400742115028,1174.0,17.820621248970575
2018-03-19,1236,21270,17.20873786407767,1172.7142857142858,17.9554735849667
2018-03-20,1242,21956,17.67793880837359,1170.142857142857,17.927686282272994
2018-03-21,1187,21651,18.24010109519798,1165.5714285714287,17.809954908866178
2018-03-22,1215,23141,19.046090534979424,1152.2857142857142,17.169483942973063
2018-03-23,1184,21325,18.01097972972973,1148.7142857142858,17.102268943162038
2018-03-24,1017,15684,15.421828908554572,1141.857142857143,17.129971870034726
2018-03-25,985,14362,14.580710659898477,1138.4285714285713,16.98168080337028
2018-03-26,1211,20270,16.738232865400494,1137.142857142857,16.431267964566068
2018-03-27,1194,21339,17.871859296482413,1143.0,16.392614883642576
2018-03-28,1163,20006,17.202063628546863,1146.5714285714287,16.495090106741856
2018-03-29,1206,18323,15.193200663349916,1153.857142857143,16.627796085278145
2018-03-30,1225,21732,17.740408163265307,1157.4285714285713,16.626703179402625
2018-03-31,1042,16817,16.13915547024952,1167.5714285714287,16.531062071548277
2018-04-01,1036,16068,15.50965250965251,1180.857142857143,16.402787285668516
2018-04-02,1236,20679,16.730582524271846,1189.7142857142858,16.68365947571722
2018-04-03,1265,21761,17.202371541501975,1190.7142857142858,16.57185719636392
2018-04-04,1256,20478,16.304140127388536,1191.142857142857,16.626345580996766
2018-04-05,1268,21758,17.15930599369085,1188.857142857143,16.7592803765366
2018-04-06,1232,20892,16.957792207792206,1195.5714285714287,16.907444569984907
2018-04-07,1045,17264,16.520574162679427,1201.2857142857142,17.09572099454319
2018-04-08,1020,16769,16.440196078431374,1204.7142857142858,17.311312583487684
2018-04-09,1283,22796,17.767731878409975,1211.857142857143,17.421006351135144
2018-04-10,1305,24169,18.520306513409963,1225.0,17.509362319724172
2018-04-11,1280,22801,17.81328125,1227.7142857142858,17.451509082735598
2018-04-12,1318,23628,17.927162367223065,1231.857142857143,17.356756844376
2018-04-13,1324,23271,17.576283987915406,1239.2857142857142,17.323271337936482
2018-04-14,1064,17147,16.1156015037594,1239.4285714285713,17.26994380495536
2018-04-15,1049,16550,15.776930409914204,1236.857142857143,17.171193415833784
2018-04-16,1335,23407,17.533333333333335,1228.857142857143,16.96142672945893
2018-04-17,1306,23700,18.147013782542114,1217.5714285714287,16.76469998649224
2018-04-18,1262,21608,17.12202852614897,1214.7142857142858,16.671830806152226
2018-04-19,1262,20771,16.45879556259905,1212.7142857142858,16.737790368020935
2018-04-20,1245,20168,16.199196787148594,1198.2857142857142,16.808045828389847
2018-04-21,1044,16146,15.46551724137931,1187.142857142857,16.743651583978295
2018-04-22,1035,16807,16.23864734299517,1189.0,16.64319372730155
2018-04-23,1234,22243,18.02512155591572,1187.7142857142858,16.584606241275257
2018-04-24,1228,21731,17.696254071661237,1183.7142857142858,16.638670980099082
2018-04-25,1275,20934,16.418823529411764,1199.7142857142858,16.765322249125962
2018-04-26,1253,20109,16.048683160415003,1182.857142857143,16.15575072497476
2018-04-27,1217,20175,16.577649958915366,1161.7142857142858,15.822643383521923
2018-04-28,1156,18903,16.352076124567475,1138.0,15.366439210249895
2018-04-29,917,10978,11.97164667393675,1105.5714285714287,15.259169981947888
2018-04-30,1086,17043,15.693370165745856,1099.0,15.321572565138693
2018-05-01,1062,15402,14.502824858757062,1092.7142857142858,15.495779920904406
2018-05-02,1048,16420,15.66793893129771,1076.7142857142858,15.455746057460447
2018-05-03,1207,19898,16.485501242750622,1090.5714285714287,16.001780189980614
2018-05-04,1173,20876,17.797101449275363,1111.4285714285713,16.358316362963116
2018-05-05,1044,16779,16.07183908045977,1136.0,16.989656270846165
2018-05-06,1014,16015,15.793885601577909,1142.5714285714287,17.069086253760805
2018-05-07,1232,22409,18.189123376623378,1142.4285714285713,17.13512338965784
2018-05-08,1234,23350,18.92220421393841,1145.857142857143,16.85357064651634
2018-05-09,1094,17749,16.223948811700183,1144.5714285714287,16.84261778961146
2018-05-10,1206,20439,16.94776119402985,1141.7142857142858,16.992499610828986
2018-05-11,1197,18944,15.826232247284878,1140.142857142857,16.96828998840508
2018-05-12,1035,16555,15.995169082125605,1140.142857142857,16.67204085666162
2018-05-13,994,16742,16.843058350100602,1164.2857142857142,16.772046811963357
2018-05-14,1221,22002,18.01965601965602,1173.4285714285713,16.652737844987218
2018-05-15,1234,20791,16.8484602917342,1178.857142857143,16.747081763391286
2018-05-16,1263,21375,16.92399049881235,1176.142857142857,16.66889112961181
2018-05-17,1270,20463,16.11259842519685,1176.142857142857,16.457192365599163
2018-05-18,1235,20361,16.48663967611336,1175.857142857143,16.24625123259076
2018-05-19,1016,15695,15.44783464566929,1175.857142857143,16.351599692882495
2018-05-20,994,15269,15.361167002012072,1171.857142857143,16.563036562051582
2018-05-21,1219,20166,16.54306808859721,1169.5714285714287,16.419359366198673
2018-05-22,1234,21701,17.585899513776337,1165.142857142857,16.403470167095623
2018-05-23,1235,22729,18.40404858299595,1161.5714285714287,16.53251670971372
2018-05-24,1254,18944,15.106858054226475,1160.0,16.41348936441829
2018-05-25,1204,19716,16.375415282392026,1156.0,16.291047947419454
2018-05-26,991,16204,16.351160443995962,1158.4285714285713,16.233612719403673
2018-05-27,983,14281,14.527975584944048,1161.2857142857142,15.778509592293833
2018-05-28,1191,18682,15.685978169605374,1158.142857142857,15.862386085474839
2018-05-29,1251,21497,17.183852917665867,1158.7142857142858,15.783566116088654
2018-05-30,1255,19099,15.218326693227091,1161.2857142857142,15.662184141291556
2018-05-31,1232,19335,15.693993506493506,1166.857142857143,15.637360120070863
2018-06-01,1208,19115,15.823675496688741,1172.0,15.66976258670193
2018-06-02,1009,15641,15.501486620416253,1173.4285714285713,15.635794247608617
2018-06-03,1022,14670,14.354207436399218,1167.0,15.790319005719033
2018-06-04,1227,19525,15.91279543602282,1167.0,15.8898088016374
2018-06-05,1261,21369,16.94607454401269,1164.142857142857,16.064228415626552
2018-06-06,1210,19723,16.3,1177.4285714285713,16.164741994094438
2018-06-07,1232,20193,16.39042207792208,1171.0,16.436995150204684
2018-06-08,1188,20249,17.044612794612796,1149.857142857143,16.52187449940783
2018-06-09,1102,17858,16.20508166969147,1128.142857142857,16.4855230026527
2018-06-10,977,15886,16.25997952917093,1133.2857142857142,16.63470896917414
2018-06-11,1079,17811,16.506950880444855,1135.857142857143,16.743505815185276
2018-06-12,1109,18511,16.691614066726782,1138.4285714285713,16.85570635649029
2018-06-13,1246,21611,17.34430176565008,1122.2857142857142,17.069511676246922
2018-06-14,1250,21440,17.152,1127.857142857143,17.028997165330487
2018-06-15,1206,21503,17.830016583747927,1148.2857142857142,16.95914750717014
2018-06-16,989,17507,17.701718907987868,1169.4285714285713,17.127875898819696
2018-06-17,1016,16232,15.976377952755906,1167.4285714285713,17.153017390554286
2018-06-18,1222,19574,16.01800327332242,1170.2857142857142,17.046263734761258
2018-06-19,1257,22466,17.87271280827367,1169.0,16.96337438630127
2018-06-20,1232,21585,17.520292207792206,1173.857142857143,16.615258418856556
2018-06-21,1270,20834,16.404724409448818,1171.4285714285713,16.694137072538357
2018-06-22,1197,20648,17.249791144527986,1173.5714285714287,16.943095376141564
2018-06-23,1023,15616,15.264907135874878,1171.857142857143,16.889334338126563
2018-06-24,999,16512,16.52852852852853,1174.7142857142858,16.695426779459765
2018-06-25,1237,21970,17.760711398544867,1171.142857142857,16.725273952177634
2018-06-26,1245,21783,17.496385542168674,1170.0,16.697279037982778
2018-06-27,1252,20236,16.162939297124602,1171.2857142857142,16.826517110487917
2018-06-28,1245,20684,16.613654618473895,1176.2857142857142,16.851316986351623
2018-06-29,1189,20277,17.053826745164002,1175.4285714285713,16.689725280234793
2018-06-30,1032,16687,16.169573643410853,1170.857142857143,16.805245753365096
2018-07-01,1034,17270,16.70212765957447,1171.2857142857142,16.956926024521454
2018-07-02,1231,20471,16.62956945572705,1171.142857142857,17.062416797904376
2018-07-03,1213,22204,18.305028854080792,1175.2857142857142,17.076308309092536
2018-07-04,1255,21617,17.224701195219122,1182.857142857143,17.149779355425547
2018-07-05,1244,21586,17.35209003215434,1182.2857142857142,16.98650730419646
2018-07-06,1218,20890,17.151067323481115,1183.0,17.01087764084942
2018-07-07,1085,18102,16.683870967741935,1189.4285714285713,17.224513082771555
2018-07-08,1030,16026,15.559223300970874,1188.0,17.5437611621694
2018-07-09,1236,20765,16.800161812297734,1193.142857142857,17.74301615757592
2018-07-10,1258,24909,19.80047694753577,1195.857142857143,17.887505096351052
2018-07-11,1245,24227,19.459437751004018,1188.2857142857142,17.740252211701318
2018-07-12,1280,23996,18.746875,1187.0,18.207026104202892
2018-07-13,1237,22467,18.162489894907033,1188.0,18.651388690953137
2018-07-14,1032,16154,15.6531007751938,1189.142857142857,18.724351474119434
2018-07-15,1021,19222,18.82664054848188,1194.0,18.575616873032185
2018-07-16,1243,24749,19.910699919549476,1193.7142857142858,18.48971185961837
2018-07-17,1266,25714,20.311216429699844,1192.5714285714287,18.336544350512156
2018-07-18,1279,23557,18.418295543393278,1193.4285714285713,18.60754371678643
2018-07-19,1278,23190,18.145539906103288,1191.857142857143,18.88874499628194
2018-07-20,1229,21004,17.090317331163547,1190.142857142857,18.94676152164281
2018-07-21,1038,18217,17.55009633911368,1190.4285714285713,19.18452375318186
2018-07-22,1010,21003,20.795049504950494,1190.857142857143,19.460292096548233
2018-07-23,1231,25010,20.31681559707555,1188.5714285714287,19.787927215237122
2018-07-24,1268,27865,21.975552050473187,1189.142857142857,19.98600840289502
2018-07-25,1282,26087,20.348673946957877,1187.857142857143,20.12025119993126
2018-07-26,1262,25794,20.438985736925517,1190.0,19.620749354276313
2018-07-27,1233,22782,18.476885644768856,1197.2857142857142,19.497821162226963
2018-07-28,1029,19026,18.489795918367346,1198.4285714285713,18.952948298769307
2018-07-29,1025,17731,17.298536585365852,1201.4285714285713,18.642639982478755
2018-07-30,1282,24943,19.45631825273011,1203.0,18.605401867440467
2018-07-31,1276,23174,18.161442006269592,1203.142857142857,18.58219315180667
2018-08-01,1303,23684,18.17651573292402,1206.5714285714287,18.475999270102584
2018-08-02,1273,25687,20.1783189316575,1203.2857142857142,18.967568466205154
2018-08-03,1234,22600,18.31442463533225,1205.7142857142858,18.78921617210019
2018-08-04,1053,18687,17.746438746438745,1207.7142857142858,18.888855132444842
2018-08-05,1002,20781,20.739520958083833,1209.142857142857,19.035219493523154
2018-08-06,1299,23652,18.207852193995382,1210.2857142857142,18.913392065012697
2018-08-07,1290,24328,18.85891472868217,1211.2857142857142,18.74587727596616
2018-08-08,1313,25211,19.2010662604722,1216.142857142857,18.658168126619472
2018-08-09,1281,24756,19.32552693208431,1217.857142857143,18.16424388718625
2018-08-10,1241,21273,17.141821112006447,1215.0,18.124051442629106
2018-08-11,1087,18623,17.132474701011958,1219.0,18.024761434781386
2018-08-12,1014,17524,17.28205128205128,1216.142857142857,17.763466696654042
2018-08-13,1279,22928,17.926505082095385,1217.4285714285713,17.57344125452904
2018-08-14,1318,23940,18.163884673748104,1219.5714285714287,17.700132870011288
2018-08-15,1293,22462,17.37200309358082,1219.7142857142858,17.388665895917143
2018-08-16,1290,23214,17.995348837209303,1222.857142857143,17.098372855624103
2018-08-17,1256,22644,18.028662420382165,1228.857142857143,16.865225541527852
2018-08-18,1088,16268,14.952205882352942,1225.5714285714287,16.702155419905814
2018-08-19,1036,15799,15.25,1225.857142857143,16.40301101767888
2018-08-20,1321,21525,16.29447388342165,1228.4285714285713,16.175519069331376
2018-08-21,1295,22044,17.022393822393823,1226.4285714285713,15.784720964188212
2018-08-22,1295,19785,15.277992277992277,1226.857142857143,16.139983944724147
2018-08-23,1308,21455,16.402905198776757,1231.142857142857,16.405529374903725
2018-08-24,1242,18994,15.293075684380032,1232.142857142857,16.33936529172989
2018-08-25,1091,19026,17.43904674610449,1239.2857142857142,16.556771591133007
2018-08-26,1066,18238,17.108818011257036,1245.2857142857142,16.926183315069785
2018-08-27,1328,21024,15.831325301204819,1245.142857142857,17.054000880399194
2018-08-28,1345,24942,18.544237918215615,1253.142857142857,17.205837525972022
2018-08-29,1337,23884,17.86387434554974,1264.5714285714287,16.87923953406177
2018-08-30,1307,22608,17.29762815608263,1268.4285714285713,16.784619473114972
2018-08-31,1298,21230,16.35593220338983,1273.7142857142858,16.60557614123171
2018-09-01,1171,17744,15.152860802732707,1271.142857142857,16.367961358427088
2018-09-02,1093,17976,16.44647758462946,1274.2857142857142,16.177484617588014
2018-09-03,1365,19899,14.578021978021978,1280.4285714285713,15.938775833385733
2018-09-04,1327,22401,16.88093443858327,1287.857142857143,15.963589751419992
2018-09-05,1359,22465,16.530537159676232,1285.0,15.94013899010122
2018-09-06,1350,21096,15.626666666666667,1295.4285714285713,15.995322417731954
2018-09-07,1350,22315,16.52962962962963,1294.857142857143,16.268788575799768
2018-09-08,1151,17252,14.988705473501303,1298.2857142857142,16.13141494499444
2018-09-09,1166,19627,16.832761578044597,1299.4285714285713,16.036290658519636
2018-09-10,1361,22446,16.492285084496693,1298.142857142857,16.025066625282182
2018-09-11,1351,21507,15.919319022945967,1297.857142857143,15.844381934656838
2018-09-12,1367,21687,15.864667154352597,1297.0,15.804074041062451
2018-09-13,1341,20850,15.548098434004475,1285.142857142857,15.653186191303543
2018-09-14,1348,20577,15.264836795252226,1286.0,15.523187893622804
2018-09-15,1145,16839,14.706550218340611,1287.142857142857,15.526514441275115
2018-09-16,1083,17086,15.776546629732225,1284.2857142857142,15.38941542155797
2018-09-17,1367,21301,15.58229700073153,1286.142857142857,15.29655561150922
2018-09-18,1359,21666,15.94260485651214,1283.142857142857,15.307812105502148
2018-09-19,1347,20077,14.904974016332591,1283.142857142857,15.560712916481561
2018-09-20,1354,20172,14.89807976366322,1289.7142857142858,15.819257627987612
2018-09-21,1327,20361,15.343632253202713,1293.2857142857142,15.821150338884749
2018-09-22,1145,18866,16.476855895196508,1293.7142857142858,15.965074419588595
2018-09-23,1129,19855,17.58635961027458,1302.7142857142858,16.29789981340532
2018-09-24,1392,21709,15.595545977011493,1308.5714285714287,16.622239673076574
2018-09-25,1362,23086,16.95007342143906,1312.2857142857142,16.6379788306541
2018-09-26,1410,24301,17.234751773049645,1314.2857142857142,16.506994486695913
2018-09-27,1395,23950,17.168458781362006,1319.142857142857,16.39473110053336
2018-09-28,1353,20909,15.45380635624538,1318.7142857142858,16.821532153493457
2018-09-29,1159,18034,15.559965487489215,1324.7142857142858,16.778094721289506
2018-09-30,1163,19539,16.800515907136717,1328.857142857143,16.68539068064437
2018-10-01,1389,25812,18.583153347732182,1329.2857142857142,16.520511733541973
2018-10-02,1404,23371,16.646011396011396,1334.0,16.446611959293765
2018-10-03,1439,23867,16.585823488533705,1334.142857142857,16.343217874874124
2018-10-04,1398,22388,16.014306151645208,1336.2857142857142,16.194174976668076
2018-10-05,1386,20702,14.936507936507937,1339.4285714285713,15.655465917879974
2018-10-06,1160,17210,14.836206896551724,1342.857142857143,15.535467491158858
2018-10-07,1178,18562,15.757215619694398,1344.7142857142858,15.497134580360852
2018-10-08,1411,20900,14.81218993621545,1351.7142857142858,15.375335685955617
2018-10-09,1428,22571,15.806022408963585,1348.857142857143,15.357528758401774
2018-10-10,1452,23693,16.31749311294766,1348.4285714285713,15.044343009629046
2018-10-11,1447,21939,15.161713890808569,1342.4285714285713,15.001435949270286
2018-10-12,1366,20233,14.81185944363104,1342.857142857143,15.107473879174446
2018-10-13,1157,14629,12.64390665514261,1341.5714285714287,15.201227448255354
2018-10-14,1136,17559,15.456866197183098,1339.0,15.269439729191104
2018-10-15,1414,21994,15.554455445544555,1334.7142857142858,15.593348532167639
2018-10-16,1419,23360,16.46229739252995,1338.5714285714287,15.955370867827773
2018-10-17,1434,24084,16.794979079497907,1342.4285714285713,16.358919917093115
2018-10-18,1417,24697,17.429075511644317,1341.857142857143,16.842618486602042
2018-10-19,1393,24163,17.346015793251976,1344.4285714285713,17.02528207418985
2018-10-20,1184,18315,15.46875,1347.0,16.984788848912434
2018-10-21,1132,21330,18.842756183745582,1349.4285714285713,16.983359820227637
2018-10-22,1432,24105,16.83310055865922,1354.857142857143,16.90733577806343
2018-10-23,1437,23249,16.17884481558803,1356.7142857142858,16.786882800486485
2018-10-24,1451,24355,16.78497587870434,1362.4285714285713,16.69902682476286
2018-10-25,1455,24585,16.896907216494846,1367.2857142857142,16.360059205276542
2018-10-26,1406,23203,16.502844950213372,1364.857142857143,16.351191230465556
2018-10-27,1224,18181,14.85375816993464,1363.7142857142858,16.563270682482422
2018-10-28,1166,19204,16.46998284734134,1367.5714285714287,16.71268162886508
2018-10-29,1415,23731,16.771024734982333,1366.7142857142858,16.49384907866287
2018-10-30,1429,25241,17.66340097970609,1366.2857142857142,16.615680718501036
2018-10-31,1478,26354,17.83085250338295,1358.5714285714287,16.77332454526251
2018-11-01,1449,22264,15.365079365079366,1361.2857142857142,16.717998484491027
2018-11-02,1403,24350,17.355666429080543,1341.2857142857142,16.68045713579607
2018-11-03,1170,18670,15.957264957264957,1350.142857142857,16.50069946014772
2018-11-04,1185,19058,16.082700421940928,1345.5714285714287,16.201310730658317
2018-11-05,1275,21048,16.508235294117647,1346.142857142857,16.468692471149883
2018-11-06,1491,24460,16.40509725016767,1355.0,16.215542659486985
2018-11-07,1446,22753,15.735131396957122,1360.857142857143,16.077846792641655
2018-11-08,1453,25045,17.236751548520303,1365.5714285714287,16.221556725327083
2018-11-09,1465,22830,15.583617747440274,1399.857142857143,16.30416149000523
2018-11-10,1211,18157,14.993393889347647,1400.5714285714287,16.329369140286854
2018-11-11,1218,20814,17.088669950738915,1407.7142857142858,16.389743799392292
2018-11-12,1515,25886,17.086468646864688,1411.5714285714287,16.256790875472404
2018-11-13,1496,24806,16.581550802139038,1409.5714285714287,16.270788182596966
2018-11-14,1496,24172,16.157754010695186,1417.857142857143,16.387458581608318
2018-11-15,1480,24133,16.306081081081082,1417.5714285714287,16.29619652097644
2018-11-16,1451,22754,15.681598897312199,1416.142857142857,16.313174659226906
2018-11-17,1269,20063,15.810086682427109,1416.5714285714287,16.489697612395073
2018-11-18,1216,20003,16.44983552631579,1418.2857142857142,16.47047697502028
2018-11-19,1505,25894,17.20531561461794,1422.5714285714287,16.63185990478069
2018-11-20,1499,26708,17.81721147431621,1421.7142857142858,16.85885838163525
2018-11-21,1508,24163,16.02320954907162,1421.857142857143,16.948756009679972
2018-11-22,1510,26328,17.435761589403974,1420.5714285714287,17.186423014028044
2018-11-23,1445,24956,17.270588235294117,1422.2857142857142,17.02299295588929
2018-11-24,1270,20878,16.439370078740158,1431.142857142857,16.843742739781703
2018-11-25,1207,21863,18.11350455675228,1432.4285714285713,17.03093467066581
2018-11-26,1517,24365,16.061305207646672,1437.142857142857,16.84573143647913
2018-11-27,1561,25854,16.5624599615631,1447.5714285714287,16.705438481352417
2018-11-28,1517,26295,17.333553065260382,1453.4285714285713,16.766785961658798
2018-11-29,1543,24903,16.139338950097212,1455.5714285714287,17.159151805901107
2018-11-30,1518,24726,16.288537549407113,1459.142857142857,17.63010486962251
2018-12-01,1311,22115,16.86880244088482,1459.0,17.80469850148712
2018-12-02,1222,25491,20.860065466448447,1460.4285714285713,17.780810810341777
2018-12-03,1542,29850,19.357976653696497,1458.857142857143,17.96465384731036
2018-12-04,1560,27744,17.784615384615385,1462.857142857143,18.122473192035603
2018-12-05,1527,26213,17.16633922724296,1458.4285714285713,18.359072843337774
2018-12-06,1532,26697,17.426240208877285,1464.2857142857142,17.9389549059863
2018-12-07,1546,26890,17.39327296248383,1464.857142857143,17.604226398629546
2018-12-08,1280,23712,18.525,1467.4285714285713,17.456016813537833
2018-12-09,1263,22632,17.919239904988125,1472.2857142857142,17.34577104308608
2018-12-10,1546,26305,17.014877102199225,1475.2857142857142,17.493875997148596
2018-12-11,1578,26427,16.747148288973385,1473.5714285714287,17.399605115750735
2018-12-12,1561,25592,16.394618834080717,1475.5714285714287,17.250085354213972
2018-12-13,1553,28673,18.462974887314875,1478.0,17.24979215350138
2018-12-14,1534,25669,16.733376792698827,1478.142857142857,17.190320837858
2018-12-15,1294,22617,17.47836166924266,1479.7142857142858,17.323448714224206
2018-12-16,1280,22934,17.9171875,1482.857142857143,17.529686272716237
2018-12-17,1547,25678,16.59857789269554,1483.2857142857142,17.27974237585047
2018-12-18,1589,28092,17.679043423536815,1482.2857142857142,17.342061922819216
2018-12-19,1583,28238,17.838281743524952,1482.4285714285713,17.43963739312597
2018-12-20,1556,26006,16.713367609254497,1483.0,17.428882080486893
2018-12-21,1527,26218,17.169613621480025,1477.142857142857,17.560597285723144
2018-12-22,1295,23519,18.16138996138996,1465.4285714285713,17.57582920919741
2018-12-23,1284,22909,17.84190031152648,1459.7142857142858,17.464777572287954
2018-12-24,1506,26386,17.52058432934927,1452.2857142857142,17.47447505668017
2018-12-25,1507,26803,17.785666887856667,1444.5714285714287,17.47584826350394
2018-12-26,1543,26325,17.060920285158783,1459.7142857142858,17.24355425555989
2018-12-27,1504,25239,16.78125,1464.4285714285713,16.955368692019334
2018-12-28,1473,25305,17.179226069246436,1461.0,16.555184965771442
2018-12-29,1401,23166,16.535331905781586,1410.2857142857142,16.355645251633188
2018-12-30,1317,20841,15.824601366742597,1362.7142857142858,16.33348308574864
2018-12-31,1482,21814,14.719298245614034,1330.857142857143,16.266260909993093
2019-01-01,1152,18880,16.38888888888889,1299.2857142857142,16.395609262492346
2019-01-02,1210,20456,16.905785123966943,1281.2857142857142,16.556220110686017
2019-01-03,1281,20894,16.310694769711162,1271.2857142857142,16.670748933652217
2019-01-04,1252,22642,18.084664536741215,1250.857142857143,17.120429894830366
2019-01-05,1275,22516,17.659607843137255,1284.2857142857142,17.322037810723998
2019-01-06,1247,20733,16.626303127506013,1335.142857142857,17.464214466066796
2019-01-07,1339,23924,17.86706497386109,1375.0,17.665250744386448
2019-01-08,1386,24671,17.8001443001443,1419.5714285714287,17.60903816350745
2019-01-09,1566,28033,17.90102171136654,1431.142857142857,17.763122841626487
2019-01-10,1560,27640,17.71794871794872,1438.5714285714287,17.851480065575643
2019-01-11,1564,27669,17.691176470588236,1477.857142857143,17.862062215707365
2019-01-12,1356,25409,18.7382005899705,1514.4285714285713,17.77411746707008
2019-01-13,1299,22401,17.244803695150114,1526.5714285714287,17.652581874315377
2019-01-14,1614,28957,17.94114002478315,1534.142857142857,17.61927647337203
2019-01-15,1642,28217,17.184531059683312,1539.0,17.71756898186479
2019-01-16,1651,28150,17.050272562083585,1538.857142857143,17.41000316221165
2019-01-17,1613,28203,17.48481091134532,1541.2857142857142,17.426377276104663
2019-01-18,1598,29370,18.37922403003755,1544.2857142857142,17.312024812974872
2019-01-19,1355,22473,16.585239852398523,1545.857142857143,17.24755071033409
2019-01-20,1316,22845,17.359422492401215,1546.7142857142858,17.243558845917114
2019-01-21,1635,28025,17.140672782874617,1555.7142857142858,17.119322305905627
2019-01-22,1653,27660,16.733212341197824,1558.4285714285713,16.90241222051198
2019-01-23,1657,28206,17.022329511164756,1560.5714285714287,16.898994222828353
2019-01-24,1676,27847,16.615155131264917,1570.7142857142858,16.848781121895147
2019-01-25,1617,27264,16.860853432282003,1576.7142857142858,17.072828463501697
2019-01-26,1370,22689,16.561313868613137,1576.857142857143,17.34802856608062
2019-01-27,1387,23590,17.00793078586878,1584.857142857143,17.44858311093716
2019-01-28,1677,31375,18.70900417412045,1586.4285714285713,17.586125095318234
2019-01-29,1654,30863,18.6596130592503,1593.2857142857142,17.49137426179189
2019-01-30,1713,30365,17.726211325160538,1600.5714285714287,17.66975698951892
2019-01-31,1687,29654,17.577949021932426,1603.142857142857,17.843916343444118
2019-02-01,1665,26969,16.197597597597596,1601.4285714285713,17.804320294545743
2019-02-02,1421,25308,17.80999296270232,1605.142857142857,17.772504823496384
2019-02-03,1405,25609,18.227046263345194,1604.5714285714287,17.95631363778215
2019-02-04,1665,30689,18.431831831831833,1606.142857142857,18.234425917839253
2019-02-05,1680,30974,18.436904761904763,1609.2857142857142,18.524683590195327
2019-02-06,1709,32493,19.012873025160914,1608.5714285714287,18.314236653634943
2019-02-07,1698,33153,19.524734982332156,1603.0,18.30125347064713
2019-02-08,1687,30753,18.2294013040901,1603.5714285714287,18.299308137485497
2019-02-09,1416,23133,16.33686440677966,1609.7142857142858,18.374195219422155
2019-02-10,1366,24774,18.136163982430453,1609.142857142857,18.348393082187187
2019-02-11,1669,30740,18.41821449970042,1617.4285714285713,18.157013759947095
2019-02-12,1723,32670,18.961114335461403,1610.857142857143,18.178390312570766
2019-02-13,1705,32109,18.83225806451613,1613.857142857143,18.057893826583854
2019-02-14,1756,31933,18.18507972665148,1615.4285714285713,17.847031931801535
2019-02-15,1641,30160,18.37903717245582,1620.7142857142858,17.694840176945657
2019-02-16,1437,22264,15.49338900487126,1621.5714285714287,17.410467154883957
2019-02-17,1377,22941,16.66013071895425,1626.142857142857,17.26344583256596
2019-02-18,1706,29604,17.35287221570926,1620.0,17.247263564885703
2019-02-19,1729,29342,16.970503181029496,1626.7142857142858,17.07403956800813
2019-02-20,1737,30924,17.803108808290155,1633.2857142857142,17.185233490152036
2019-02-21,1713,30957,18.071803852889666,1637.7142857142858,17.072666114717013
2019-02-22,1688,28977,17.166469194312796,1638.2857142857142,17.103709432272332
2019-02-23,1483,24131,16.271746459878624,1644.4285714285713,17.173063540883724
2019-02-24,1408,22348,15.872159090909092,1645.0,17.152778611431593
2019-02-25,1710,30045,17.57017543859649,1649.142857142857,17.219690017718797
2019-02-26,1772,30932,17.455981941309254,1651.7142857142858,17.32880101709096
2019-02-27,1741,30748,17.661114302125217,1648.5714285714287,17.46354027807828
2019-02-28,1742,32297,18.540183696900115,1647.857142857143,17.574156385954726
2019-03-01,1706,30589,17.930246189917938,1652.857142857143,17.54395121687156
2019-03-02,1461,25151,17.21492128678987,1648.4285714285713,17.639473941100704
2019-03-03,1403,23355,16.64647184604419,1648.857142857143,17.63316796609199
2019-03-04,1745,30291,17.358739255014328,1646.2857142857142,17.481670063087698
2019-03-05,1741,31555,18.12464101091327,1620.5714285714287,17.155087430077515
2019-03-06,1744,30724,17.61697247706422,1610.857142857143,17.162431768863456
2019-03-07,1724,30135,17.47969837587007,1609.857142857143,17.151945205511257
2019-03-08,1526,23873,15.644167758846658,1606.142857142857,17.35034354512984
2019-03-09,1393,24052,17.266331658291456,1606.7142857142858,17.218825038044805
2019-03-10,1396,23136,16.573065902578797,1606.4285714285713,17.31520308831167
2019-03-11,1719,32227,18.747527632344386,1614.2857142857142,17.282569713970314
2019-03-12,1745,30021,17.20401146131805,1641.5714285714287,17.48033691241114
2019-03-13,1742,31864,18.29161882893226,1652.857142857143,18.012941706568263
2019-03-14,1779,30690,17.25126475548061,1659.0,18.244586516077756
2019-03-15,1717,29238,17.02853814793244,1661.142857142857,18.21194416029549
2019-03-16,1472,30904,20.994565217391305,1670.2857142857142,18.476253033901713
2019-03-17,1439,26182,18.19457956914524,1681.0,18.64766026621794
2019-03-18,1734,32112,18.519031141868513,1681.142857142857,18.54699804593259
2019-03-19,1809,34469,19.054173576561638,1678.4285714285713,18.480494783675372
2019-03-20,1817,35416,19.491469455145843,1679.5714285714287,17.876831026750747
2019-03-21,1780,29453,16.546629213483147,1682.7142857142858,17.755262555985006
2019-03-22,1698,28124,16.56301531213192,1688.7142857142858,17.869258750647294
2019-03-23,1480,24818,16.768918918918917,1688.0,17.94340120138239
2019-03-24,1461,25339,17.34360027378508,1687.5714285714287,17.625278222044336
2019-03-25,1776,34307,19.317004504504503,1685.2857142857142,17.92716889805792
2019-03-26,1804,35310,19.573170731707318,1689.857142857143,18.195540781626196
2019-03-27,1814,31318,17.264608599779493,1686.142857142857,18.260680484111152
2019-03-28,1764,32916,18.65986394557823,1690.0,18.596771382018968
2019-03-29,1730,31904,18.441618497109825,1690.142857142857,18.387886664235825
2019-03-30,1454,25045,17.22489683631362,1687.4285714285713,18.364348468469718
2019-03-31,1488,29308,19.696236559139784,1685.7142857142858,18.65713230414415
2019-04-01,1777,31728,17.85481148002251,1691.5714285714287,18.53666895457797
2019-04-02,1785,34644,19.408403361344536,1691.142857142857,18.671280986631185
2019-04-03,1802,34804,19.314095449500556,1692.857142857143,18.690312485165997
2019-04-04,1805,32159,17.81662049861496,1691.857142857143,18.190734367669517
2019-04-05,1727,33476,19.38390272148234,1701.142857142857,18.1167803777361
2019-04-06,1466,25447,17.3581173260573,1710.4285714285713,17.88870731067144
2019-04-07,1481,23991,16.199189736664415,1717.0,17.78021562926474
2019-04-08,1842,31935,17.3371335504886,1721.2857142857142,17.73011842296202
2019-04-09,1850,32952,17.811891891891893,1730.142857142857,17.44066685634604
2019-04-10,1848,34289,18.55465367965368,1740.857142857143,17.22097103735519
2019-04-11,1835,32050,17.465940054495913,1748.0,17.167508362461728
2019-04-12,1789,31053,17.357741755170487,1756.2857142857142,17.228970486828022
2019-04-13,1541,24379,15.82024659312135,1756.7142857142858,17.22053353704191
2019-04-14,1531,24228,15.824951012410189,1758.5714285714287,16.975794879036574
2019-04-15,1900,33758,17.76736842105263,1756.0,16.895630315861865
2019-04-16,1853,32896,17.752833243389098,1755.4285714285713,16.903668008300496
2019-04-17,1861,31342,16.841483073616335,1757.4285714285713,16.90224555057852
2019-04-18,1817,30716,16.90478811227298,1755.142857142857,17.01815306742893
2019-04-19,1785,31084,17.414005602240895,1741.0,17.031952502162348
2019-04-20,1555,24585,15.810289389067524,1743.2857142857142,17.01857290024427
2019-04-21,1515,25204,16.636303630363038,1740.2857142857142,17.293547367988516
2019-04-22,1801,32173,17.863964464186562,1742.4285714285713,17.2905395840144
2019-04-23,1869,33005,17.65917602996255,1745.2857142857142,17.17330332663056
2019-04-24,1840,34530,18.766304347826086,1741.5714285714287,17.247307580028277
2019-04-25,1832,30931,16.88373362445415,1736.5714285714287,17.247237177235103
2019-04-26,1805,29951,16.593351800554018,1732.142857142857,17.26570230220603
2019-04-27,1529,24966,16.328319162851535,1721.0,17.31399262128851
2019-04-28,1480,24621,16.63581081081081,1692.142857142857,17.315282825218468
2019-04-29,1770,31848,17.99322033898305,1659.0,17.353945878867872
2019-04-30,1791,32233,17.99720826353992,1627.4285714285713,17.52495334170359
2019-05-01,1638,30754,18.775335775335776,1621.0,17.93030320330624
2019-05-02,1600,27447,17.154375,1628.0,18.20236199712762
2019-05-03,1584,28180,17.79040404040404,1632.0,18.066750192782198
2019-05-04,1484,28442,19.165768194070083,1638.2857142857142,18.0771918304937
2019-05-05,1529,28348,18.540222367560496,1666.142857142857,17.987706172618985
2019-05-06,1798,30645,17.04393770856507,1674.142857142857,17.705904499051005
2019-05-07,1835,33159,18.070299727520435,1674.0,17.513393931777333
2019-05-08,1833,33267,18.148936170212767,1680.5714285714287,17.136771584725302
2019-05-09,1656,25141,15.181763285024154,1678.0,16.83164952767851
2019-05-10,1583,26029,16.442830069488313,1684.857142857143,16.764933151729654
2019-05-11,1530,25290,16.529411764705884,1692.0,17.023476919340414
2019-05-12,1511,24787,16.404367968232958,1703.857142857143,17.049247743816434
2019-05-13,1846,30601,16.576923076923077,1738.0,17.419286083422858
2019-05-14,1885,37474,19.880106100795757,1777.2857142857142,17.467896088873474
2019-05-15,1916,35119,18.329331941544886,1786.2857142857142,17.394328432055566
2019-05-16,1895,33678,17.77203166226913,1793.2857142857142,17.52584729373657
2019-05-17,1858,31183,16.783100107642625,1801.142857142857,17.683528907230915
2019-05-18,1593,25511,16.01443816698054,1802.2857142857142,17.65175463745457
2019-05-19,1560,27027,17.325,1801.0,17.443047167791967
2019-05-20,1901,33611,17.68069437138348,1798.7142857142858,17.548677252684865
2019-05-21,1893,37212,19.65768621236133,1798.142857142857,17.800344104313048
2019-05-22,1907,32168,16.86837965390666,1799.0,18.014577408252844
2019-05-23,1879,34783,18.511442256519427,1794.857142857143,18.190412530021998
2019-05-24,1854,34382,18.544768069039915,1788.5714285714287,18.131327258258086
2019-05-25,1599,28005,17.5140712945591,1790.4285714285713,18.054910684973667
2019-05-26,1531,28409,18.555845852384063,1792.2857142857142,18.265380258225093
2019-05-27,1857,32065,17.26709746903608,1793.857142857143,18.120359406764646
2019-05-28,1906,36448,19.12277019937041,1794.4285714285713,18.175320265424023
2019-05-29,1920,35216,18.341666666666665,1800.0,18.306835285440787
2019-05-30,1890,33068,17.496296296296297,1810.857142857143,18.09079436760087
2019-05-31,1858,35171,18.929494079655544,1826.4285714285713,18.463987680773016
2019-06-01,1638,30196,18.434676434676433,1833.142857142857,18.834204182903772
2019-06-02,1607,27389,17.04355942750467,1835.7142857142858,19.08961108250572
2019-06-03,1966,39083,19.879450661241098,1840.5714285714287,19.60090644380108
2019-06-04,1953,42408,21.714285714285715,1848.0,19.782706466827104
2019-06-05,1938,39011,20.12951496388029,1853.857142857143,19.717121362273225
2019-06-06,1924,40549,21.075363825363826,1857.857142857143,19.768565690454075
2019-06-07,1910,38586,20.202094240837695,1861.0,19.83098679461136
2019-06-08,1679,30181,17.975580702799284,1866.0,19.43072809958405
2019-06-09,1635,28455,17.40366972477064,1857.0,19.17283548569639
2019-06-10,1988,40389,20.31639839034205,1866.4285714285713,18.954244386452025
2019-06-11,1988,37598,18.91247484909457,1868.4285714285713,18.850826706070993
2019-06-12,1875,34358,18.324266666666666,1869.142857142857,18.78636471900669
2019-06-13,1990,38895,19.545226130653266,1869.2857142857142,18.93809335420362
2019-06-14,1924,37476,19.47817047817048,1877.857142857143,18.75966255736904
2019-06-15,1684,29511,17.524346793349167,1880.142857142857,18.669157881179597
2019-06-16,1636,30210,18.465770171149146,1904.857142857143,18.580423357370076
2019-06-17,2048,39050,19.0673828125,1914.2857142857142,18.35008810690988
2019-06-18,2004,36631,18.278942115768462,1918.7142857142858,18.28769692789466
2019-06-19,2048,36256,17.703125,1918.0,18.47876488790204
2019-06-20,2056,36870,17.932879377431906,1920.857142857143,18.454669356205788
2019-06-21,1955,37226,19.04143222506394,1913.7142857142858,18.513325808416926
2019-06-22,1679,31669,18.861822513400835,1916.7142857142858,18.680461061719846
2019-06-23,1656,30300,18.297101449275363,1918.5714285714287,18.936568317213016
2019-06-24,1998,38917,19.47797797797798,1912.0,19.29256778070711
2019-06-25,2025,39384,19.448888888888888,1917.0,19.412923119696536
2019-06-26,2061,40181,19.495875788452206,1917.0,19.432492591320802
2019-06-27,2010,41054,20.424875621890546,1920.5714285714287,19.588655798915614
2019-06-28,1990,39569,19.88391959798995,1929.142857142857,19.43381207555877
2019-06-29,1679,31899,18.998808814770697,1931.5714285714287,19.44957875310801
2019-06-30,1681,32595,19.390243902439025,1923.0,19.523524105239602
2019-07-01,2058,37855,18.39407191448008,1932.7142857142858,19.154014168329898
2019-07-02,2042,39940,19.559255631733595,1939.7142857142858,19.133253847423184
2019-07-03,2001,40047,20.013493253373312,1948.7142857142858,19.207312814511052
2019-07-04,2078,37068,17.83830606352262,1950.142857142857,19.17090980369544
2019-07-05,2039,40247,19.738597351642962,1945.4285714285713,19.40075138205014
2019-07-06,1742,33999,19.517221584385762,1948.0,19.601162852135353
2019-07-07,1691,32358,19.135422826729744,1961.0,19.840699325362817
2019-07-08,2025,40506,20.002962962962965,1963.857142857143,20.109202245063866
2019-07-09,2060,43182,20.9621359223301,1967.142857142857,20.29376731787197
2019-07-10,2092,45376,21.690248565965582,1965.0,20.066598678924645
2019-07-11,2098,41368,19.717826501429933,1968.142857142857,19.925994950946322
2019-07-12,2062,43365,21.030552861299707,1975.4285714285713,19.678668284891334
2019-07-13,1727,30960,17.927041111754487,1978.4285714285713,19.385388621654638
2019-07-14,1713,31093,18.151196730881495,1979.0,18.921937081696633
2019-07-15,2076,37932,18.271676300578033,1980.4285714285713,19.002299085965117
2019-07-16,2081,39350,18.909178279673235,1979.5714285714287,18.707495258642144
2019-07-17,2096,38663,18.446087786259543,1984.4285714285713,18.910665584122825
2019-07-18,2108,42751,20.2803605313093,1986.7142857142858,18.91277918011604
2019-07-19,2056,38996,18.96692607003891,1983.7142857142858,18.90886574266815
2019-07-20,1761,34074,19.34923339011925,1984.7142857142858,18.983621883338806
2019-07-21,1729,31409,18.16599190283401,1988.5714285714287,19.198072837498756
2019-07-22,2055,37492,18.24428223844282,1985.7142857142858,19.183746565647784
2019-07-23,2088,40575,19.432471264367816,1990.0,19.224836294308158
2019-07-24,2123,42348,19.947244465379182,1992.857142857143,19.486568493890868
2019-07-25,2088,42136,20.18007662835249,1994.4285714285713,19.571393952763515
2019-07-26,2086,40165,19.254554170661553,1996.0,19.842885647921662
2019-07-27,1781,37724,21.181358787198203,1999.2857142857142,20.234443688181493
2019-07-28,1740,32642,18.75977011494253,1995.5714285714287,20.232715256823763
2019-07-29,2066,41619,20.144724104549855,1999.857142857143,20.09630609057187
2019-07-30,2111,46808,22.173377546186643,2003.7142857142858,20.008964263608995
2019-07-31,2097,41804,19.935145445875058,2002.142857142857,19.971272168908364
2019-08-01,2118,40719,19.225212464589234,2001.7142857142858,20.047534962752003
2019-08-02,2113,39393,18.643161381921438,2008.857142857143,20.089714533017496
2019-08-03,1770,37024,20.917514124293785,2013.7142857142858,19.89957834676573
2019-08-04,1737,33513,19.293609671848014,2022.7142857142858,20.033777145503155
2019-08-05,2116,43251,20.439981096408317,2026.7142857142858,19.905012270718938
2019-08-06,2145,44707,20.842424242424244,2028.5714285714287,19.910968385625203
2019-08-07,2160,45089,20.874537037037037,2038.2857142857142,19.814948569019265
2019-08-08,2146,39323,18.32385834109972,2043.0,19.60964678377544
2019-08-09,2126,39724,18.684854186265287,2042.0,19.350423039798933
2019-08-10,1838,37211,20.24537540805223,2042.0,19.22341671279261
2019-08-11,1770,31606,17.856497175141243,2041.7142857142858,18.944769094235347
2019-08-12,2109,39281,18.625414888572784,2040.142857142857,19.04945711308795
2019-08-13,2145,42800,19.953379953379955,2036.142857142857,19.210642998776052
2019-08-14,2158,40838,18.924003707136237,2032.7142857142858,19.111327280536425
2019-08-15,2135,40686,19.056674473067915,2028.857142857143,19.332221094463875
2019-08-16,2098,41568,19.813155386081984,2036.5714285714287,19.33084916368104
2019-08-17,1814,35464,19.550165380374864,2035.857142857143,19.510072588231566
2019-08-18,1743,33819,19.40275387263339,2039.142857142857,19.819350633344282
2019-08-19,2163,40266,18.615811373092928,2042.0,20.235450501460868
2019-08-20,2140,45385,21.207943925233646,2046.7142857142858,20.17512777385205
2019-08-21,2181,45995,21.088950022925264,2055.5714285714284,20.166742893134472
2019-08-22,2155,47344,21.96937354988399,2060.4285714285716,20.530221176624337
2019-08-23,2131,41322,19.390896292820273,2052.714285714286,20.841624943754802
2019-08-24,1876,36566,19.49147121535181,2062.5714285714284,20.912869325127037
2019-08-25,1777,39000,21.947101857062464,2069.0,20.833867736689633
2019-08-26,2109,43858,20.795637743006164,2078.285714285714,20.409156714762837
2019-08-27,2209,47950,21.706654594839293,2083.4285714285716,20.337690417278388
2019-08-28,2226,45713,20.535938903863432,2091.4285714285716,20.279089235079358
2019-08-29,2220,42172,18.996396396396396,2107.4285714285716,19.6601619562477
2019-08-30,2167,40936,18.890632210429164,2122.8571428571427,19.26123619580923
2019-08-31,1932,36865,19.08126293995859,2129.5714285714284,18.79940661336511
2019-09-01,1889,33274,17.61461090524087,2138.8571428571427,18.548559445643523
2019-09-02,2217,39913,18.00315741993685,2146.4285714285716,18.556804747069645
2019-09-03,2256,41677,18.473847517730498,2162.0,18.47871794623254
2019-09-04,2291,43025,18.78000872981231,2164.0,18.25722788007783
2019-09-05,2273,43310,19.054113506379235,2171.285714285714,18.5278946579742
2019-09-06,2276,41751,18.34402460456942,2176.714285714286,18.445403686675018
2019-09-07,1946,34115,17.53083247687564,2181.1428571428573,18.506763592162578
2019-09-08,1940,37848,19.509278350515466,2182.1428571428573,18.498218269452853
2019-09-09,2255,39295,17.425720620842572,2181.714285714286,18.48847392335588
2019-09-10,2287,43232,18.903366856143418,2180.285714285714,18.453890658070655
2019-09-11,2298,43019,18.720191470844213,2174.0,18.500259640268528
2019-09-12,2270,43098,18.98590308370044,2167.8571428571427,18.27192158537525
2019-09-13,2266,41019,18.101941747572816,2172.8571428571427,18.43936386723866
2019-09-14,1902,33961,17.855415352260778,2174.4285714285716,18.411517476873282
2019-09-15,1897,33977,17.91091196626252,2175.0,18.54265308777787
2019-09-16,2290,42589,18.597816593886463,2178.1428571428573,18.336801064102893
2019-09-17,2298,42992,18.708442123585726,2177.0,18.15002487366765
2019-09-18,2302,45207,19.63814074717637,2180.0,17.99855293826928
2019-09-19,2292,40213,17.544938917975568,2180.4285714285716,17.918422657374634
2019-09-20,2258,37922,16.794508414526128,2177.4285714285716,17.784792622020582
2019-09-21,1923,32297,16.795111804472178,2185.8571428571427,17.87311324234354
2019-09-22,1900,32965,17.35,2192.4285714285716,17.742707153613303
2019-09-23,2269,40076,17.66240634640811,2194.285714285714,17.92981070453158
2019-09-24,2357,45553,19.326686465846414,2200.285714285714,18.12425981301542
2019-09-25,2348,43967,18.725298126064736,2213.1428571428573,18.00861436113816
2019-09-26,2305,43460,18.85466377440347,2220.1428571428573,18.34613909909902
2019-09-27,2300,41758,18.155652173913044,2228.714285714286,18.664378418194616
2019-09-28,2013,32179,15.985593641331347,2229.1428571428573,18.918072119199604
2019-09-29,1949,38420,19.712673165726013,2232.1428571428573,19.143590345054555
2019-09-30,2329,46324,19.890081580077286,2238.8571428571427,19.11017384861402
2019-10-01,2360,49802,21.102542372881356,2238.1428571428573,19.18703524051378
2019-10-02,2369,48100,20.303925707049387,2235.4285714285716,19.46234160812986
2019-10-03,2352,43796,18.62074829931973,2235.8571428571427,19.677495441597575
2019-10-04,2295,42902,18.69368191721133,2239.8571428571427,19.579312382973285
2019-10-05,1994,35718,17.91273821464393,2244.285714285714,19.517940642902822
2019-10-06,1952,41419,21.21875,2245.4285714285716,19.65746637127253
2019-10-07,2357,45261,19.202800169707256,2246.1428571428573,20.090880290813317
2019-10-08,2391,49429,20.672940192388122,2251.285714285714,20.406565003136684
2019-10-09,2377,50584,21.280605805637357,2257.4285714285716,21.269371108527686
2019-10-10,2357,51040,21.65464573610522,2261.1428571428573,20.84493896205939
2019-10-11,2331,48726,20.903474903474905,2257.5714285714284,20.72217922205956
2019-10-12,2037,48791,23.952380952380953,2257.4285714285716,20.61301442470106
2019-10-13,1978,36094,18.24772497472194,2264.4285714285716,20.28008840394519
2019-10-14,2332,42777,18.343481989708405,2266.285714285714,19.65353563754559
2019-10-15,2390,47582,19.90878661087866,2271.0,19.14200465665275
2019-10-16,2426,45973,18.95012366034625,2267.1428571428573,18.221799559688595
2019-10-17,2370,40927,17.268776371308018,2269.5714285714284,18.234244147975723
2019-10-18,2364,40951,17.322758037225043,2285.8571428571427,18.230088269758998
2019-10-19,2010,35197,17.51094527363184,2293.285714285714,18.023158533958966
2019-10-20,1995,36578,18.334837092731828,2298.4285714285716,17.96285886749892
2019-10-21,2446,44797,18.314390842191333,2307.714285714286,18.160484536954183
2019-10-22,2442,45080,18.46027846027846,2312.5714285714284,18.6188442549772
2019-10-23,2462,45616,18.528025995125915,2323.8571428571427,18.65595259959753
2019-10-24,2435,45418,18.652156057494867,2318.285714285714,18.61929313762094
2019-10-25,2398,49234,20.531276063386155,2315.4285714285716,18.695272870093195
2019-10-26,2089,37123,17.77070368597415,2320.714285714286,18.654183127510915
2019-10-27,1956,35361,18.078220858895705,2327.1428571428573,18.620291671030166
2019-10-28,2426,45721,18.846248969497115,2335.8571428571427,18.64863521959317
2019-10-29,2479,45050,18.172650262202502,2335.5714285714284,18.47734154872069
2019-10-30,2507,45855,18.29078579976067,2332.0,18.526363392031136
2019-10-31,2496,47051,18.850560897435898,2341.285714285714,18.5240247791925
2019-11-01,2396,46320,19.332220367278797,2313.1428571428573,18.51785359717564
2019-11-02,2064,37387,18.113856589147286,2316.4285714285716,18.55125710545298
2019-11-03,2021,36503,18.061850569025236,2308.0,18.666637378689785
2019-11-04,2229,41912,18.803050695379095,2308.5714285714284,18.6350143933418
2019-11-05,2502,46053,18.406474820143885,2314.285714285714,18.539583428370467
2019-11-06,2448,46753,19.098447712418302,2328.285714285714,18.44052449182121
2019-11-07,2500,46573,18.6292,2334.5714285714284,18.633556562036564
2019-11-08,2436,45466,18.664203612479476,2373.4285714285716,18.710301304759867
2019-11-09,2162,37663,17.4204440333025,2378.0,18.951872666004395
2019-11-10,2065,40088,19.413075060532687,2383.5714285714284,19.346045825819182
2019-11-11,2501,48370,19.340263894442224,2385.8571428571427,19.481063586436942
2019-11-12,2534,50927,20.097474348855563,2386.0,19.61549912171964
2019-11-13,2487,54360,21.857659831121833,2381.5714285714284,19.59391527543905
2019-11-14,2516,49249,19.574324324324323,2354.0,19.72431236691362
2019-11-15,2437,47778,19.60525235945835,2333.285714285714,20.060374594945035
2019-11-16,2131,36801,17.26935710933834,2309.8571428571427,20.320530459514796
2019-11-17,1872,38050,20.325854700854702,2294.4285714285716,20.13885912472594
2019-11-18,2356,51108,21.69269949066214,2276.5714285714284,20.16322373848829
2019-11-19,2370,51947,21.91856540084388,2265.0,20.08918938492997
2019-11-20,2379,48974,20.58596048759983,2261.1428571428573,20.19512859201526
2019-11-21,2391,47210,19.74487662066081,2286.8571428571427,19.92301401069015
2019-11-22,2356,44969,19.087011884550083,2315.0,19.37674005849607
2019-11-23,2104,37895,18.01093155893536,2338.1428571428573,19.018536064198127
2019-11-24,2052,37800,18.42105263157895,2369.5714285714284,18.721008921490938
2019-11-25,2553,45619,17.868781825303564,2388.714285714286,18.4677804367855
2019-11-26,2532,49149,19.411137440758292,2411.714285714286,18.35823909429089
2019-11-27,2599,48090,18.50327048864948,2419.285714285714,18.364426300554644
2019-11-28,2525,45380,17.972277227722774,2435.4285714285716,18.276496313925254
2019-11-29,2517,46112,18.320222487087804,2435.1428571428573,18.287233703388804
2019-11-30,2157,38943,18.054242002781642,2445.5714285714284,18.04325163411678
2019-12-01,2165,38549,17.80554272517321,2444.8571428571427,18.092129062932905
2019-12-02,2551,45775,17.94394355154841,2454.0,18.337274693205252
2019-12-03,2605,46117,17.703262955854125,2460.0,18.485577638303358
2019-12-04,2594,48885,18.845412490362374,2466.285714285714,18.53170039756068
2019-12-05,2589,50973,19.6882966396292,2470.8571428571427,18.47969588704598
2019-12-06,2559,49538,19.358343102774523,2482.0,18.519926958228897
2019-12-07,2201,40448,18.377101317582916,2483.714285714286,18.714509678056935
2019-12-08,2197,38319,17.441511151570325,2483.714285714286,18.677886701958244
2019-12-09,2629,47915,18.225561049828833,2481.1428571428573,18.519104090384836
2019-12-10,2617,49894,19.065341994650364,2471.0,18.74782723923055
2019-12-11,2594,48220,18.58905165767155,2468.285714285714,19.374589379143742
2019-12-12,2571,47761,18.576818358615323,2459.714285714286,19.415199758787715
2019-12-13,2488,52147,20.959405144694532,2454.4285714285716,19.57587798623721
2019-12-14,2182,49672,22.76443629697525,2444.4285714285716,19.647535058401974
2019-12-15,2137,37880,17.72578380907815,2445.8571428571427,19.802741854727582
2019-12-16,2592,50156,19.35030864197531,2452.0,20.09562614867116
2019-12-17,2547,49837,19.56694149980369,2461.714285714286,19.778487787960273
2019-12-18,2604,51235,19.675499231950845,2467.0,19.085106976591696
2019-12-19,2614,53919,20.627008416220352,2466.8571428571427,19.226942569409317
2019-12-20,2556,47898,18.739436619718308,2460.5714285714284,19.045871341569384
2019-12-21,2219,39744,17.910770617395222,2467.4285714285716,18.85912687738053
2019-12-22,2136,39983,18.718632958801496,2457.4285714285716,18.665772775804054
2019-12-23,2548,46075,18.082810047095762,2438.4285714285716,18.201581615520602
2019-12-24,2595,47384,18.259730250481695,2425.8571428571427,18.024171938658785
2019-12-25,2534,46428,18.322020520915547,2426.285714285714,17.952117656040024
2019-12-26,2481,43114,17.377670294236196,2427.5714285714284,17.784520739847604
2019-12-27,2468,43184,17.497568881685574,2415.1428571428573,17.583743150836014
2019-12-28,2222,38677,17.406390639063908,2412.5714285714284,17.509829693577224
2019-12-29,2145,37635,17.545454545454547,2325.1428571428573,17.660496897293616
2019-12-30,2461,41043,16.677366924014628,2263.4285714285716,17.873852092657906
2019-12-31,2577,45722,17.742336049670158,2223.1428571428573,18.285518177132833
2020-01-01,1922,37242,19.37669094693028,2211.285714285714,18.544098984121568
2020-01-02,2049,38667,18.871156661786237,2212.4285714285716,18.72608003140684
2020-01-03,2186,44549,20.379231473010066,2185.1428571428573,19.06852037643433
2020-01-04,2139,41104,19.21645628798504,2138.0,19.296187163667536
2020-01-05,2153,40518,18.819321876451465,2200.8571428571427,19.68515873638743
2020-01-06,2270,43299,19.07444933920705,2277.8571428571427,19.652946689539185
2020-01-07,2247,43448,19.336003560302625,2333.0,19.435251546871893
2020-01-08,2362,52199,22.09949195596952,2353.285714285714,19.56372046445855
2020-01-09,2588,48255,18.64567233384853,2361.714285714286,19.69570574018119
2020-01-10,2572,48496,18.855365474339035,2417.8571428571427,19.6114689186422
2020-01-11,2281,45884,20.115738711091627,2480.8571428571427,19.58605556989148
2020-01-12,2212,43672,19.743218806509947,2542.8571428571427,19.241472517117582
2020-01-13,2663,49225,18.484791588434096,2562.0,19.277028301061335
2020-01-14,2688,51497,19.15811011904762,2577.285714285714,19.43665480851325
2020-01-15,2796,55046,19.687410586552218,2586.714285714286,19.119493766761952
2020-01-16,2722,51431,18.894562821454812,2596.5714285714284,19.127805779184502
2020-01-17,2679,53507,19.972751026502426,2612.714285714286,19.284311468280162
2020-01-18,2347,42001,17.89561141883255,2622.285714285714,19.333178806730974
2020-01-19,2281,45167,19.801402893467777,2619.714285714286,19.25451858820572
2020-01-20,2776,54355,19.580331412103746,2625.285714285714,19.382583577596897
2020-01-21,2755,53723,19.500181488203268,2637.5714285714284,19.35532154771938
2020-01-22,2778,53162,19.13678905687545,2651.0,19.430865091151805
2020-01-23,2761,54643,19.791017747193045,2656.0,19.48693164054291
2020-01-24,2765,54697,19.781916817359857,2661.8571428571427,19.493940434706094
2020-01-25,2441,44974,18.424416222859485,2668.8571428571427,19.504664456872284
2020-01-26,2316,46769,20.193868739205527,2672.5714285714284,19.481403986346567
2020-01-27,2817,55296,19.629392971246006,2675.0,19.363721825403324
2020-01-28,2804,54889,19.575249643366618,2679.0,19.395490345126813
2020-01-29,2804,53203,18.973965763195434,2677.4285714285716,19.31487121393642
2020-01-30,2778,52691,18.96724262059035,2678.5714285714284,19.134975040472344
2020-01-31,2793,55872,20.004296455424274,2682.0,18.87273813036474
2020-02-01,2430,43400,17.86008230452675,2691.1428571428573,18.97137252082223
2020-02-02,2324,44004,18.934595524956972,2697.714285714286,19.078800970691553
2020-02-03,2841,50552,17.793734600492783,2704.4285714285716,19.033113971795586
2020-02-04,2868,58122,20.265690376569037,2706.0,18.937584765508156
2020-02-05,2850,56219,19.725964912280702,2711.4285714285716,18.91936971992052
2020-02-06,2825,52679,18.647433628318584,2713.8571428571427,19.02818230770814
2020-02-07,2804,54217,19.335592011412267,2719.1428571428573,19.33269098535044
2020-02-08,2468,43764,17.73257698541329,2715.0,19.503209025954302
2020-02-09,2341,46109,19.696283639470312,2715.4285714285716,19.7054433710178
2020-02-10,2878,57345,19.925295343988882,2714.1428571428573,20.156225985803452
2020-02-11,2839,60923,21.459316660796055,2722.1428571428573,20.036905648508796
2020-02-12,2853,60317,21.141605327725202,2718.1428571428573,20.08968739063945
2020-02-13,2816,61397,21.802911931818183,2713.4285714285716,20.16414748968021
2020-02-14,2860,52911,18.50034965034965,2707.285714285714,19.951942284328307
2020-02-15,2440,44169,18.102049180327867,2711.1428571428573,19.692327014173713
2020-02-16,2308,46662,20.21750433275563,2707.8571428571427,19.57759995322155
2020-02-17,2835,52277,18.439858906525572,2716.714285714286,19.434158052111023
2020-02-18,2866,56294,19.642009769713887,2710.5714285714284,19.6533129298921
2020-02-19,2830,57558,20.33851590106007,2714.4285714285716,19.634854690974453
2020-02-20,2878,59859,20.798818624044475,2732.5714285714284,19.50428132340273
2020-02-21,2817,56437,20.034433794817183,2697.285714285714,19.625590947487066
2020-02-22,2467,44339,17.972841507904338,2706.0,19.58785545058861
2020-02-23,2435,47004,19.303490759753593,2721.285714285714,19.589887592160984
2020-02-24,2588,49920,19.28902627511592,2728.1428571428573,19.471864777301395
2020-02-25,2927,56719,19.37786129142467,2742.1428571428573,19.446362473361575
2020-02-26,2937,59776,20.352740892066734,2743.0,19.848024015210832
2020-02-27,2926,58440,19.972658920027342,2753.5714285714284,20.022057021176686
2020-02-28,2915,57880,19.855917667238423,2798.1428571428573,20.318600065618256
2020-02-29,2473,51400,20.78447230084917,2801.285714285714,20.51124101177863
2020-03-01,2509,51489,20.52172180151455,2806.285714285714,20.64384311083543
2020-03-02,2900,61958,21.364827586206896,2812.714285714286,20.737761962044683
2020-03-03,2949,61122,20.726347914547304,2808.1428571428573,20.869340643247376
2020-03-04,2972,63247,21.280955585464334,2812.285714285714,20.59580234835617
2020-03-05,2971,61292,20.63009087849209,2823.1428571428573,20.59035051873942
2020-03-06,2883,59900,20.776968435657302,2784.5714285714284,20.61373473646217
2020-03-07,2502,47212,18.869704236610712,2784.0,20.682612029290606
2020-03-08,2585,52950,20.483558994197292,2789.1428571428573,20.75194550188385
2020-03-09,2630,56620,21.52851711026616,2793.4285714285716,20.91956092881988
2020-03-10,2945,62459,21.20848896434635,2812.0,20.86384968247616
2020-03-11,3008,65473,21.76628989361702,2834.1428571428573,21.159843867288533
2020-03-12,3001,65432,21.80339886704432,2842.0,21.586435006645626
2020-03-13,3013,61426,20.386989711251246,2909.5714285714284,21.793332083522568
2020-03-14,2657,55642,20.941663530297326,2936.5714285714284,22.06348412954949
2020-03-15,2640,61960,23.46969696969697,2954.285714285714,22.321465339784456
2020-03-16,3103,71297,22.97679664840477,2973.4285714285716,22.458414282678792
2020-03-17,3134,72394,23.09955328653478,2989.1428571428573,22.55431250928152
2020-03-18,3132,73828,23.572158365261814,3007.8571428571427,22.66830318757272
2020-03-19,3135,71359,22.762041467304627,3015.4285714285716,22.672287382607788
2020-03-20,3123,65765,21.05827729747038,3014.0,22.58461327824698
2020-03-21,2788,60610,21.739598278335723,3006.5714285714284,22.260110486502274
2020-03-22,2693,63279,23.497586334942444,3008.0,22.092350116235263
2020-03-23,3093,69169,22.36307791787908,3013.1428571428573,22.055523811202022
2020-03-24,3082,64192,20.828033744321868,3012.0,22.429496121148354
2020-03-25,3142,70374,22.397835773392742,3023.5714285714284,22.426015193968887
2020-03-26,3171,71361,22.5042573320719,3052.1428571428573,22.200025501262925
2020-03-27,3115,73751,23.676083467094703,3063.8571428571427,22.36435520253329
2020-03-28,2869,62301,21.71523178807947,3082.0,22.896912728886456
2020-03-29,2893,63402,21.91565848600069,3092.1428571428573,22.895612371414092
2020-03-30,3175,74655,23.513385826771653,3096.714285714286,22.848507593097946
2020-03-31,3209,78800,24.555936428794016,3106.5714285714284,22.73922682500617
2020-04-01,3213,71935,22.388733271086213,3112.285714285714,22.803774815404285
2020-04-02,3203,71025,22.174523883858882,3103.714285714286,22.86266945052909
2020-04-03,3184,72949,22.911118090452263,3110.285714285714,22.42191831964554
2020-04-04,2909,64484,22.167067720866278,3111.285714285714,21.979581274736088
2020-04-05,2833,63255,22.32792093187434,3115.5714285714284,21.84938163603592
2020-04-06,3221,65799,20.428127910586774,3109.714285714286,21.922805123848246
2020-04-07,3216,69014,21.459577114427862,3110.714285714286,21.624538667894758
2020-04-08,3243,69651,21.477335800185013,3110.714285714286,21.390928689011492
2020-04-09,3162,71741,22.688488298545224,3121.1428571428573,21.166470020835952
2020-04-10,3191,66447,20.823252898777813,3118.1428571428573,21.121112462180697
2020-04-11,2909,59727,20.531797868683395,3122.8571428571427,21.066407012381806
2020-04-12,2906,60319,20.75671025464556,3127.4285714285716,21.004890120534217
2020-04-13,3200,64354,20.110625,3142.714285714286,20.851515639568248
2020-04-14,3249,68478,21.07663896583564,3148.4285714285716,20.792492333384796
2020-04-15,3275,68928,21.04671755725191,3158.285714285714,20.657325200460537
2020-04-16,3269,70659,21.61486693178342,3152.714285714286,20.696366094373097
2020-04-17,3231,65945,20.410089755493654,3155.8571428571427,20.945615285203992
2020-04-18,2978,58326,19.585627938213566,3163.8571428571427,20.87514665403534
2020-04-19,2867,60293,21.029996512033485,3167.714285714286,20.88075964295782
2020-04-20,3222,70418,21.855369335816263,3166.714285714286,20.860189618806224
2020-04-21,3305,68028,20.583358547655067,3176.285714285714,20.80095562358756
2020-04-22,3302,69626,21.086008479709268,3177.285714285714,20.940745075821706
2020-04-23,3262,70038,21.470876762722256,3183.714285714286,20.9583397656254
2020-04-24,3298,65945,19.995451788963006,3192.714285714286,20.775652735046737
2020-04-25,2985,61384,20.564154103852598,3191.8571428571427,21.233735277431265
2020-04-26,2912,61598,21.15315934065934,3196.1428571428573,21.32164557350435
2020-04-27,3285,67594,20.576560121765603,3207.5714285714284,21.233004462919684
2020-04-28,3299,78483,23.78993634434677,3193.714285714286,21.258289366009315
2020-04-29,3332,72309,21.70138055222089,3190.714285714286,21.17061090235888
2020-04-30,3342,69682,20.850388988629565,3187.0,20.89316224098165
2020-05-01,3201,64572,20.17244611059044,3162.1428571428573,20.924402607477827
2020-05-02,2964,59133,19.950404858299596,3147.1428571428573,20.276622990166636
2020-05-03,2886,55443,19.21101871101871,3146.285714285714,20.127546806132333
2020-05-04,3111,64694,20.79524268723883,3146.714285714286,20.097926854521575
2020-05-05,3194,61502,19.25547902316844,3163.8571428571427,20.20810479002849
2020-05-06,3326,68708,20.65784726398076,3181.714285714286,20.191696307982173
2020-05-07,3345,69051,20.64304932735426,3192.5714285714284,20.390112560415982
2020-05-08,3321,69554,20.943691659138814,3207.4285714285716,20.475706639977286
2020-05-09,3089,61272,19.835545483975398,3235.8571428571427,20.931231025240624
2020-05-10,2962,61017,20.59993247805537,3241.8571428571427,21.186294242703838
2020-05-11,3215,68783,21.394401244167963,3245.285714285714,21.434208707197055
2020-05-12,3393,76153,22.44414972001179,3251.5714285714284,21.56952934260346
2020-05-13,3368,75589,22.44328978622328,3249.4285714285716,21.570948302648986
2020-05-14,3369,75393,22.378450578806767,3250.5714285714284,21.57788435556748
2020-05-15,3365,73663,21.890936106983656,3266.714285714286,21.55356398552151
2020-05-16,3074,61005,19.84547820429408,3265.8571428571427,21.324944680545343
2020-05-17,2970,61326,20.64848484848485,3266.4285714285716,21.487850410118938
2020-05-18,3328,70634,21.224158653846153,3268.4285714285716,21.69036304437833
2020-05-19,3387,70598,20.843814585178624,3272.1428571428573,21.703921441025695
2020-05-20,3372,79524,23.583629893238435,3269.1428571428573,22.01868233393151
2020-05-21,3383,80502,23.796039018622526,3260.5714285714284,22.25569308949897
2020-05-22,3391,74554,21.98584488351519,3259.8571428571427,22.259008544263132
2020-05-23,3053,67315,22.048804454634787,3261.5714285714284,22.26442502074688
2020-05-24,2910,64915,22.307560137457045,3267.285714285714,22.14470700049359
2020-05-25,3323,70605,21.247366837195305,3267.285714285714,21.94349083563569
2020-05-26,3399,70977,20.881729920564872,3261.714285714286,21.85183757747242
2020-05-27,3412,77608,22.745603751465417,3261.8571428571427,21.80084829856632
2020-05-28,3383,75737,22.387525864617203,3276.285714285714,21.671794658395363
2020-05-29,3352,71546,21.344272076372317,3299.714285714286,21.73539545476965
2020-05-30,3054,66247,21.691879502292075,3310.714285714286,21.58884386822175
2020-05-31,3011,64448,21.40418465626038,3320.8571428571427,21.21388230526888
2020-06-01,3487,75642,21.692572411815313,3331.5714285714284,21.126711172498233
2020-06-02,3476,69019,19.855868814729575,3342.4285714285716,21.004850667505554
2020-06-03,3483,70081,20.12087281079529,3343.1428571428573,20.746388079474382
2020-06-04,3458,75306,21.777327935222672,3338.714285714286,20.774313761370074
2020-06-05,3428,70244,20.49124854142357,3330.285714285714,20.8780336218592
2020-06-06,3059,60821,19.88264138607388,3326.0,21.328355985860608
2020-06-07,2980,64367,21.5996644295302,3322.714285714286,21.566332041791583
2020-06-08,3428,76851,22.418611435239207,3317.4285714285716,21.36892782137162
2020-06-09,3446,79286,23.00812536273941,3297.4285714285716,21.555397007841872
2020-06-10,3460,75382,21.786705202312138,3283.4285714285716,21.88050430054392
2020-06-11,3421,69773,20.39549839228296,3285.1428571428573,21.8283081597325
2020-06-12,3288,71667,21.79653284671533,3285.0,21.696056653268506
2020-06-13,2961,65611,22.15839243498818,3293.4285714285716,21.43180234732183
2020-06-14,2992,63533,21.234291443850267,3295.714285714286,21.455697329927574
2020-06-15,3427,73656,21.492850889991246,3307.0,21.63789143715246
2020-06-16,3505,74160,21.158345221112697,3336.714285714286,21.638272328288583
2020-06-17,3476,76312,21.95397008055236,3362.285714285714,21.355044291625124
2020-06-18,3500,75848,21.670857142857145,3375.8571428571427,21.616960267044355
2020-06-19,3496,76210,21.799199084668192,3381.5714285714284,21.77383883494581
2020-06-20,3140,63352,20.175796178343948,3385.8571428571427,21.96657472677715
2020-06-21,3087,71210,23.067703271784904,3374.285714285714,22.091349461745583
2020-06-22,3467,78323,22.591000865301414,3381.714285714286,22.57655358934257
2020-06-23,3535,79564,22.507496463932107,3373.285714285714,22.767631886279073
2020-06-24,3395,77499,22.82739322533137,3363.285714285714,23.10287179937745
2020-06-25,3552,89039,25.067286036036037,3354.4285714285716,22.88937463776473
2020-06-26,3437,79521,23.136747163223742,3352.714285714286,22.8739970074312
2020-06-27,3070,69144,22.522475570032572,3356.4285714285716,23.123678280425857
2020-06-28,3025,65259,21.573223140495866,3371.5714285714284,23.239289996185224
2020-06-29,3455,77680,22.483357452966715,3369.8571428571427,22.627538883692587
2020-06-30,3561,86373,24.25526537489469,3376.0,22.308660389110543
2020-07-01,3501,82752,23.63667523564696,3370.1428571428573,22.170869581129185
2020-07-02,3540,73579,20.785028248587572,3362.285714285714,22.35761932969712
2020-07-03,3480,72748,20.904597701149424,3362.0,22.29928358499917
2020-07-04,3029,65299,21.55793991416309,3359.5714285714284,21.667202784909414
2020-07-05,2970,67955,22.88047138047138,3363.5714285714284,21.245641561309117
2020-07-06,3453,76225,22.07500724008109,3365.5714285714284,21.308187168050807
2020-07-07,3544,70280,19.830699774266364,3368.714285714286,21.435914134297633
2020-07-08,3529,73000,20.685746670444885,3380.0,21.509407549759164
2020-07-09,3554,75426,21.222847495779405,3386.714285714286,21.493858416046294
2020-07-10,3502,76339,21.798686464877214,3395.1428571428573,21.370305478071803
2020-07-11,3108,68601,22.072393822393824,3401.714285714286,21.89353619078107
2020-07-12,3017,68702,22.771627444481272,3413.0,22.0517491307967
2020-07-13,3512,74490,21.21013667425968,3410.5714285714284,22.24750778047675
2020-07-14,3590,84341,23.493314763231197,3415.714285714286,22.355649882037937
2020-07-15,3608,78630,21.793237250554323,3417.0,22.12499533579835
2020-07-16,3537,79912,22.593158043539724,3424.4285714285716,22.371975523522924
2020-07-17,3538,79802,22.55568117580554,3437.285714285714,22.366466191378745
2020-07-18,3117,63767,20.457811998716714,3442.0,22.30273529010566
2020-07-19,3069,75192,24.500488758553274,3434.8571428571427,22.408358909415373
2020-07-20,3602,76260,21.171571349250417,3440.5714285714284,22.51013109194097
2020-07-21,3623,83500,23.047198454319624,3437.4285714285716,22.526514359691163
2020-07-22,3558,80171,22.532602585722316,3437.8571428571427,22.93556319503932
2020-07-23,3577,83364,23.305563321218898,3441.285714285714,22.403947485362853
2020-07-24,3516,79709,22.670364050056882,3440.4285714285716,22.565000616941408
2020-07-25,3120,72762,23.321153846153845,3442.8571428571427,22.55649188955823
2020-07-26,3093,64270,20.779178790817976,3450.285714285714,22.99769903896632
2020-07-27,3596,80187,22.298943270300335,3447.1428571428573,23.451615952491206
2020-07-28,3640,83675,22.98763736263736,3447.714285714286,23.755524984301264
2020-07-29,3610,92492,25.621052631578948,3453.8571428571427,23.60937938945981
2020-07-30,3555,94147,26.482981715893107,3452.4285714285716,23.741105991003213
2020-07-31,3520,87288,24.797727272727272,3450.4285714285716,23.531334323370775
2020-08-01,3163,70529,22.298134682263672,3448.1428571428573,23.536372252959318
2020-08-02,3083,66905,21.701265001621795,3450.0,23.000152321402574
2020-08-03,3582,74615,20.830541596873257,3458.714285714286,22.446009547829984
2020-08-04,3624,83435,23.022902869757175,3469.4285714285716,22.26898472981073
2020-08-05,3623,79226,21.867513110681756,3463.4285714285716,22.40669341551838
2020-08-06,3616,81736,22.603982300884955,3464.714285714286,23.207686236391854
2020-08-07,3595,84693,23.55855354659249,3466.8571428571427,23.945187403080237
2020-08-08,3121,72601,23.262095482217237,3470.0,24.652557363775536
2020-08-09,3092,84437,27.308214747736095,3470.0,25.44818845087778
2020-08-10,3597,93497,25.993049763691964,3464.714285714286,26.062819327225235
2020-08-11,3646,101995,27.974492594624245,3464.0,26.281752584994155
2020-08-12,3623,99404,27.43693072039746,3468.4285714285716,26.403800946127728
2020-08-13,3579,96298,26.90639843531713,3471.5714285714284,25.65832976875135
2020-08-14,3590,90077,25.09108635097493,3475.5714285714284,25.229529556204227
2020-08-15,3152,76015,24.116434010152282,3468.714285714286,24.284710039192476
2020-08-16,3114,68788,22.089916506101478,3473.8571428571427,23.59585166625942
2020-08-17,3625,83344,22.99144827586207,3492.5714285714284,23.151233329908763
2020-08-18,3598,76856,21.360755975541966,3493.0,22.718834090949958
2020-08-19,3659,82748,22.614922109866082,3503.714285714286,22.31032851076662
2020-08-20,3710,88276,23.794070080862532,3509.285714285714,22.335678212015406
2020-08-21,3593,79277,22.064291678263288,3512.4285714285716,22.078213686884425
2020-08-22,3227,68596,21.25689494886892,3522.1428571428573,22.1514920203605
2020-08-23,3153,70209,22.267364414843005,3531.714285714286,22.332797143381704
2020-08-24,3647,77277,21.18919659994516,3528.5714285714284,22.362254438926282
2020-08-25,3666,80189,21.873704309874523,3541.0,22.557378919671283
2020-08-26,3726,88992,23.884057971014492,3546.285714285714,22.884212554426703
2020-08-27,3688,88513,24.00027114967462,3547.8571428571427,23.16545957408702
2020-08-28,3680,86223,23.43016304347826,3561.8571428571427,23.458477263700043
2020-08-29,3264,76850,23.54473039215686,3579.0,23.738084670039758
2020-08-30,3164,76683,24.236093552465235,3586.5714285714284,23.605326379015533
2020-08-31,3745,87035,23.240320427236316,3594.285714285714,23.521795240507384
2020-09-01,3786,90224,23.830956154252508,3598.5714285714284,23.31390517923267
2020-09-02,3779,86746,22.954749933844933,3597.4285714285716,23.21221852791367
2020-09-03,3742,87621,23.415553180117584,3601.8571428571427,23.059063200387335
2020-09-04,3710,81527,21.974932614555257,3599.714285714286,23.009526808445877
2020-09-05,3256,74344,22.832923832923832,3600.1428571428573,22.85402053583483
2020-09-06,3195,74009,23.16400625978091,3606.8571428571427,23.094970679704197
2020-09-07,3730,85393,22.893565683646113,3622.4285714285716,23.065468313096904
2020-09-08,3789,86171,22.742412245975192,3627.714285714286,23.18087215972702
2020-09-09,3826,94278,24.641400940930474,3651.1428571428573,23.05532497891668
2020-09-10,3851,89378,23.209036613866527,3673.5714285714284,23.194996433792852
2020-09-11,3747,85367,22.782759540966108,3687.1428571428573,23.195896947707087
2020-09-12,3420,75083,21.954093567251462,3689.714285714286,23.32478120526168
2020-09-13,3352,80923,24.14170644391408,3693.285714285714,23.174132578800158
2020-09-14,3825,87592,22.899869281045753,3691.1428571428573,23.018618484848425
2020-09-15,3807,90015,23.64460204885737,3696.8571428571427,22.89378124535849
2020-09-16,3851,90833,23.58686055569982,3685.1428571428573,22.743530268405426
2020-09-17,3836,84854,22.12043795620438,3672.285714285714,22.372537607459126
2020-09-18,3787,82969,21.90889886453657,3672.4285714285716,22.418393037625616
2020-09-19,3338,69772,20.90233672857999,3685.5714285714284,22.247642171524607
2020-09-20,3262,70279,21.544757817290005,3689.4285714285716,22.48142080428804
2020-09-21,3826,88843,23.220857292211186,3695.0,22.59140432206529
2020-09-22,3899,87530,22.449345986150295,3697.4285714285716,22.801617207723357
2020-09-23,3878,97816,25.223310985043838,3703.5714285714284,22.956186841418837
2020-09-24,3875,88700,22.89032258064516,3712.5714285714284,23.274153769775904
2020-09-25,3804,88939,23.380389064143007,3713.0,23.150225009119392
2020-09-26,3381,74329,21.984324164448388,3714.4285714285716,23.473819152310508
2020-09-27,3325,79037,23.770526315789475,3729.4285714285716,23.479756971849632
2020-09-28,3829,85591,22.353355967615567,3754.1428571428573,23.915138613349786
2020-09-29,3909,96609,24.714504988488105,3778.8571428571427,24.22234047735005
2020-09-30,3983,100630,25.264875721817724,3800.4285714285716,24.515349984354106
2020-10-01,4048,104997,25.937994071146246,3821.714285714286,24.74415957309279
2020-10-02,3977,101536,25.530802112144833,3853.0,25.371369307815126
2020-10-03,3532,84893,24.035390713476783,3878.0,26.166421834295278
2020-10-04,3474,88143,25.372193436960277,3900.5714285714284,26.52151720932384
2020-10-05,4048,108259,26.743824110671937,3912.0,26.72486578609254
2020-10-06,4084,123663,30.279872673849166,3934.714285714286,26.62195760925394
2020-10-07,4141,114915,27.75054334701763,3963.5714285714284,26.67493989848333
2020-10-08,4128,112948,27.36143410852713,3982.0,26.457898030461923
2020-10-09,4136,102616,24.810444874274662,3991.714285714286,26.117290643278604
2020-10-10,3734,91133,24.406266738082486,4007.714285714286,25.278827285677114
2020-10-11,3603,85942,23.852900360810438,4019.0,24.87874966467459
2020-10-12,4116,100264,24.35957240038873,4036.714285714286,24.52013463210312
2020-10-13,4196,102427,24.410629170638703,4049.714285714286,24.571310728505193
2020-10-14,4220,105289,24.95,4042.5714285714284,24.577527315169693
2020-10-15,4252,105667,24.85112888052681,4052.5714285714284,24.732569786281015
2020-10-16,4227,106388,25.16867754908919,4070.1428571428573,25.069501427663827
2020-10-17,3684,90073,24.449782844733985,4080.1428571428573,25.399595056960436
2020-10-18,3673,91598,24.938197658589708,4091.714285714286,25.941962280529708
2020-10-19,4239,113258,26.718093890068413,4103.142857142857,26.16277449823047
2020-10-20,4266,113993,26.721284575714954,4113.0,26.241697125561966
2020-10-21,4301,123639,28.746570564984886,4130.571428571428,26.67382128444589
2020-10-22,4332,114351,26.39681440443213,4146.142857142857,27.28497700157265
2020-10-23,4296,110498,25.721135940409685,4151.857142857143,27.930330597018756
2020-10-24,3807,104596,27.47465195692146,4162.571428571428,28.547104337658546
2020-10-25,3782,110496,29.216287678476995,4177.857142857143,28.720688630812116
2020-10-26,4279,133657,31.235569058191167,4188.142857142857,29.056436307044144
2020-10-27,4341,134739,31.038700760193503,4197.142857142857,29.763432290256354
2020-10-28,4408,132071,29.96166061705989,4218.285714285715,29.927483274918647
2020-10-29,4404,126602,28.74704813805631,4221.571428571428,30.05791411341668
2020-10-30,4359,133691,30.670107822895158,4246.571428571428,29.723793111903323
2020-10-31,3955,113204,28.62300884955752,4260.142857142857,29.146610432133315
2020-11-01,3805,114642,30.129303547963207,4242.0,29.168672396906782
2020-11-02,4454,128706,28.896722047597667,4246.142857142857,29.09872091625828
2020-11-03,4436,119765,26.998422001803426,4246.0,28.6327034150396
2020-11-04,4281,128927,30.116094370474187,4259.428571428572,28.37247821545387
2020-11-05,4433,125265,28.257387773516808,4270.714285714285,28.392037764509002
2020-11-06,4358,119444,27.40798531436439,4269.714285714285,28.777282297077768
2020-11-07,4049,108519,26.801432452457398,4283.428571428572,29.39331909848449
2020-11-08,3884,117554,30.266220391349126,4316.0,29.387981534993436
2020-11-09,4447,140496,31.593433775579044,4325.857142857143,29.23167767777529
2020-11-10,4532,141900,31.310679611650485,4344.857142857143,29.09253392847318
2020-11-11,4509,135625,30.078731426036814,4335.857142857143,28.988257899676135
2020-11-12,4502,122289,27.163260772989783,4340.0,28.404390191620596
2020-11-13,4491,118715,26.43397906924961,4353.428571428572,27.480906290185914
2020-11-14,3986,103921,26.071500250878074,4358.571428571428,26.788318584843797
2020-11-15,3913,102439,26.179146434960387,4366.0,26.427993655030352
2020-11-16,4541,114111,25.129046465536227,4367.571428571428,26.242029428874076
2020-11-17,4568,120881,26.462565674255693,4371.142857142857,26.192496040390868
2020-11-18,4561,125685,27.55645691734269,4382.0,26.291868832855283
2020-11-19,4513,116713,25.861511189895857,4380.571428571428,26.193914565601144
2020-11-20,4516,117810,26.08724534986714,4378.571428571428,26.226853650157846
2020-11-21,4062,108728,26.767109798129,4379.428571428572,26.182198287735293
2020-11-22,3903,99501,25.4934665641814,4383.571428571428,26.230902388245624
2020-11-23,4527,114803,25.35962005743318,4393.142857142857,26.328509336164434
2020-11-24,4574,119610,26.14997813729777,4395.571428571428,26.30003613421846
2020-11-25,4590,128049,27.89738562091503,4398.571428571428,26.08153050790165
2020-11-26,4580,121575,26.54475982532751,4405.857142857143,26.024005874807738
2020-11-27,4533,117350,25.887932936245313,4415.428571428572,26.032119111207766
2020-11-28,4083,103045,25.23757041391134,4431.142857142857,26.081176766596847
2020-11-29,3954,99209,25.090794132524028,4439.714285714285,25.9148528606904
2020-11-30,4594,116763,25.41641271223335,4446.714285714285,25.930076968598893
2020-12-01,4684,124095,26.49338172502135,4459.142857142857,25.72484350646366
2020-12-02,4650,124309,26.733118279569894,4465.571428571428,25.62231406748851
2020-12-03,4629,123369,26.65132858068697,4472.857142857143,25.491134095997204
2020-12-04,4620,112965,24.4512987012987,4476.0,25.294422005143367
2020-12-05,4128,101218,24.51986434108527,4476.0,25.058604022954764
2020-12-06,4005,96811,24.172534332084894,4481.142857142857,24.901985760102967
2020-12-07,4616,110966,24.0394280762565,4497.714285714285,24.638082279285275
2020-12-08,4684,116363,24.84265584970111,4497.857142857143,24.61380023462267
2020-12-09,4686,120134,25.636790439607342,4505.571428571428,24.805913622802677
2020-12-10,4745,117695,24.80400421496312,4503.857142857143,25.054994886871402
2020-12-11,4621,112204,24.28132438866046,4517.571428571428,25.480904870641695
2020-12-12,4182,108166,25.864658058345288,4521.857142857143,25.50847382404823
2020-12-13,3993,103483,25.91610318056599,4524.142857142857,25.515334471583213
2020-12-14,4712,127322,27.020797962648558,4515.428571428572,25.82108792580771
2020-12-15,4714,118018,25.035638523546883,4520.857142857143,25.977323466028814
2020-12-16,4702,120770,25.68481497235219,4521.0,25.683588120307753
2020-12-17,4684,126207,26.944278394534585,4539.714285714285,25.542878354592975
2020-12-18,4659,118222,25.3749731702082,4547.714285714285,25.119335548807136
2020-12-19,4183,99591,23.80851063829787,4552.857142857143,25.01613906799969
2020-12-20,4124,102816,24.931134820562562,4560.142857142857,24.832077105221593
2020-12-21,4768,114699,24.05599832214765,4562.0,24.34519260085318
2020-12-22,4750,115488,24.31326315789474,4544.571428571428,23.961387906963747
2020-12-23,4753,115956,24.396381232905533,4527.857142857143,23.834643326283572
2020-12-24,4697,110549,23.536086863955717,4513.857142857143,23.733736762250327
2020-12-25,4537,102937,22.688340312982145,4487.857142857143,23.697202954220636
2020-12-26,4066,93198,22.921298573536646,4471.714285714285,23.80550569727625
2020-12-27,4026,97529,24.224788872329857,4459.142857142857,23.600969839015512
2020-12-28,4586,109148,23.800261665939818,4471.142857142857,23.40083145503809
2020-12-29,4637,116256,25.07138235928402,4356.285714285715,23.288031547328387
2020-12-30,4665,107130,22.964630225080384,4329.428571428572,23.228877496338367
2020-12-31,4781,105828,22.135118176113785,4305.142857142857,23.42079414231851
2021-01-01,3733,81748,21.898740959014198,4254.714285714285,23.612400647940216
2021-01-02,3878,87283,22.5072202166065,4209.0,23.755914409314546
2021-01-03,3856,98591,25.568205394190873,4170.428571428572,25.47544797540496
2021-01-04,4233,106424,25.141507205291756,4106.428571428572,26.971822408918502
2021-01-05,4317,112570,26.075978688904332,4192.142857142857,28.681253533002486
2021-01-06,4395,153831,35.00136518771331,4248.285714285715,30.615014862061376
2021-01-07,4333,141298,32.60973921070852,4304.142857142857,32.27850275909361
2021-01-08,4333,146736,33.864758827602124,4400.714285714285,34.199648792013406
2021-01-09,4271,153942,36.04354952001873,4493.714285714285,35.54645514908504
2021-01-10,4247,158042,37.21262067341653,4590.285714285715,35.89910684170994
2021-01-11,4909,189436,38.58952943573029,4696.285714285715,36.08355648296692
2021-01-12,4968,176382,35.5036231884058,4806.714285714285,36.03382623357582
2021-01-13,5071,190010,37.469927036087554,4852.714285714285,35.644817401954846
2021-01-14,5075,172047,33.90088669950739,4890.571428571428,35.28709372925805
2021-01-15,5106,171136,33.51664708186447,4924.428571428572,34.79140447057536
2021-01-16,4593,153041,33.32048769867189,4961.857142857143,34.88517804950565
2021-01-17,4512,156605,34.708554964539005,4991.714285714285,35.767937390670625
2021-01-18,5146,180726,35.11970462495142,5017.0,36.17198871953003
2021-01-19,5230,189117,36.160038240917785,5036.428571428572,36.603714233152594
2021-01-20,5280,230468,43.64924242424242,5061.142857142857,37.67593878887857
2021-01-21,5252,192902,36.72924600152323,5066.285714285715,37.71308202362152
2021-01-22,5242,191536,36.53872567722244,5094.714285714285,37.18607891737094
2021-01-23,4766,194577,40.82605958875367,5104.571428571428,36.74769316699693
2021-01-24,4548,159037,34.96855760773967,5117.714285714285,35.13930761484742
2021-01-25,5345,167997,31.43068288119738,5130.428571428572,34.42440931078088
2021-01-26,5299,175351,33.09133798829968,5136.428571428572,33.61450808664215
2021-01-27,5372,174002,32.390543559195834,5137.285714285715,32.11905974639749
2021-01-28,5341,169443,31.72495787305748,5152.714285714285,32.20050291583674
2021-01-29,5284,163114,30.869417108251326,5155.571428571428,32.063940176983756
2021-01-30,4772,144868,30.357921207041073,5176.571428571428,31.931721859889162
2021-01-31,4656,165468,35.53865979381443,5184.285714285715,31.620414152232993
2021-02-01,5365,163497,30.474743709226466,5192.285714285715,31.425210530091295
2021-02-02,5446,175175,32.16580976863753,5200.571428571428,31.154647707385013
2021-02-03,5426,163927,30.211389605602655,5211.714285714285,30.890703146143505
2021-02-04,5397,163845,30.35853251806559,5221.428571428572,29.85348804798277
2021-02-05,5342,154787,28.975477349307376,5227.428571428572,29.665003828167517
2021-02-06,4850,138275,28.510309278350515,5232.571428571428,29.221761811393893
2021-02-07,4724,133586,28.278154106689247,5235.428571428572,28.91823031272877
2021-02-08,5407,157643,29.155354170519697,5238.428571428572,28.65262019874682
2021-02-09,5482,159324,29.06311565122218,5246.142857142857,28.65705004686546
2021-02-10,5446,152960,28.08666911494675,5251.571428571428,28.631991835719294
2021-02-11,5418,154409,28.499261720191953,5277.0,28.487720942468997
2021-02-12,5396,156519,29.00648628613788,5268.428571428572,28.266296946375892
2021-02-13,4888,138501,28.334901800327334,5258.714285714285,28.051702294000652
2021-02-14,4902,133669,27.26825785393717,5267.714285714285,28.00493570026464
2021-02-15,5347,147606,27.605386197867965,5266.714285714285,27.954284773106767
2021-02-16,5414,149215,27.560953084595493,5268.857142857143,27.703443964851314
2021-02-17,5509,152926,27.7593029587947,5297.285714285715,27.601934642537707
2021-02-18,5411,152291,28.14470523008686,5276.857142857143,27.481031717947097
2021-02-19,5411,147453,27.25060062834966,5243.428571428572,27.55872332673984
2021-02-20,5087,140525,27.624336544132102,5223.571428571428,27.65080111898788
2021-02-21,4759,125742,26.4219373818029,5203.428571428572,27.65056324686711
2021-02-22,5113,143927,28.149227459417173,5209.285714285715,27.69311819617972
2021-02-23,5275,148784,28.205497630331752,5211.142857142857,27.82785645449808
2021-02-24,5368,149003,27.75763785394933,5188.285714285715,27.6308920266243
2021-02-25,5452,155069,28.44258987527513,5193.714285714285,27.46242263740757
2021-02-26,5424,152923,28.19376843657817,5246.428571428572,27.349975018381013
2021-02-27,4927,129312,26.24558554901563,5271.571428571428,27.239191477145113
2021-02-28,4797,121089,25.242651657285805,5292.285714285715,27.18143558875604
2021-03-01,5482,149999,27.3620941262313,5285.571428571428,26.970884557280897
2021-03-02,5451,149521,27.430012841680426,5274.142857142857,26.673929399959636
2021-03-03,5513,150799,27.35334663522583,5271.428571428572,26.581272109397037
2021-03-04,5405,145766,26.96873265494912,5272.857142857143,26.78251355738738
2021-03-05,5344,139559,26.11508233532934,5230.571428571428,26.641203983847756
2021-03-06,4908,125630,25.596984515077423,5235.714285714285,26.44964782611648
2021-03-07,4807,128113,26.651341793218222,5237.142857142857,26.376459510595616
2021-03-08,5186,136770,26.372927111453915,5252.142857142857,26.26122184067677
2021-03-09,5487,143151,26.08911973756151,5263.285714285715,26.326485675261914
2021-03-10,5523,148243,26.841028426579758,5271.0,26.464815923323922
2021-03-11,5510,144153,26.162068965517243,5276.428571428572,26.4417951069258
2021-03-12,5422,144073,26.571929177425304,5319.571428571428,26.621990234277444
2021-03-13,4962,131817,26.565296251511487,5333.428571428572,27.248278491171032
2021-03-14,4845,128345,26.49019607843137,5347.0,27.333593608382923
2021-03-15,5488,151657,27.634293002915452,5353.285714285715,27.589853420243546
2021-03-16,5584,170162,30.47313753581662,5373.142857142857,27.881437715060457
2021-03-17,5618,154148,27.43823424706301,5367.428571428572,28.024864076297483
2021-03-18,5554,155267,27.95588764854159,5366.571428571428,28.172590618867392
2021-03-19,5561,159117,28.61301924114368,5368.285714285715,28.08462668338597
2021-03-20,4922,135696,27.56928078017066,5362.714285714285,27.749304059758423
2021-03-21,4839,133190,27.524281876420748,5357.714285714285,27.866377271770578
2021-03-22,5500,148602,27.018545454545453,5366.142857142857,27.772376167923287
2021-03-23,5545,155958,28.125879170423804,5348.857142857143,27.643651780533016
2021-03-24,5583,157763,28.257746731148128,5345.571428571428,27.55818516804487
2021-03-25,5613,153223,27.297879921610548,5333.571428571428,27.68644233126011
2021-03-26,5440,150753,27.711948529411764,5332.428571428572,27.878257656502964
2021-03-27,4899,132131,26.971014492753625,5330.428571428572,28.043656894780362
2021-03-28,4755,135147,28.422082018927444,5326.428571428572,27.926059284094293
2021-03-29,5492,155760,28.361252731245447,5320.571428571428,27.82184466704953
2021-03-30,5531,161968,29.283673838365576,5325.571428571428,27.77613251575065
2021-03-31,5555,152399,27.434563456345636,5329.857142857143,27.75314522668064
2021-04-01,5572,148039,26.5683776022972,5343.857142857143,27.42297054716414
2021-04-02,5475,149971,27.391963470319634,5335.428571428572,27.36592008599151
2021-04-03,4929,132147,26.81010346926354,5341.142857142857,27.214309783826348
2021-04-04,4853,126716,26.110859262311973,5342.142857142857,27.42985296089024
2021-04-05,5433,151917,27.961899503036996,5344.857142857143,27.803494293275357
2021-04-06,5571,157227,28.222401723209476,5349.714285714285,27.93576287305414
2021-04-07,5562,160983,28.94336569579288,5345.857142857143,28.100968701394475
2021-04-08,5591,163167,29.183866928993023,5335.142857142857,28.26661823929657
2021-04-09,5509,156003,28.317843528771103,5360.285714285715,28.227770104601444
2021-04-10,4902,137092,27.966544267645858,5369.571428571428,28.179497365272425
2021-04-11,4778,130298,27.27040602762662,5375.285714285715,28.170196232313994
2021-04-12,5609,155313,27.689962560171153,5370.857142857143,28.188816475756926
2021-04-13,5636,157157,27.884492547906316,5369.0,28.14728320391959
2021-04-14,5602,161776,28.878257765083898,5386.285714285715,28.037958899821717
2021-04-15,5560,162987,29.314208633093525,5394.571428571428,28.227735469903184
2021-04-16,5496,154037,28.027110625909753,5388.714285714285,28.247857813524053
2021-04-17,5023,136632,27.20127413896078,5390.0,28.419894750562367
2021-04-18,4836,138304,28.59884201819686,5393.714285714285,28.770746748179075
2021-04-19,5568,154962,27.830818965517242,5396.714285714285,28.961557448225278
2021-04-20,5645,164206,29.08875110717449,5406.571428571428,28.953038114810113
2021-04-21,5628,176349,31.334221748400854,5399.0,29.144376646841295
2021-04-22,5581,171057,30.64988353341695,5404.285714285715,29.092072195061128
2021-04-23,5565,155639,27.967475292003595,5405.285714285715,29.10527358563746
2021-04-24,4970,141847,28.540643863179074,5401.285714285715,28.938826957569628
2021-04-25,4873,137578,28.232710855735686,5403.714285714285,28.468304832560822
2021-04-26,5575,155672,27.92322869955157,5400.714285714285,28.193578407951414
2021-04-27,5617,156847,27.923624710699663,5395.428571428572,28.27784542743157
2021-04-28,5645,158289,28.040566873339237,5404.857142857143,28.207730753229544
2021-04-29,5560,159721,28.726798561151078,5397.142857142857,28.394241481187617
2021-04-30,5528,157865,28.55734442836469,5319.142857142857,28.725153132750133
2021-05-01,5036,141259,28.049841143764894,5262.714285714285,28.7201969517775
2021-05-02,4819,142345,29.53828595144221,5236.142857142857,28.717149440156877
2021-05-03,5029,152075,30.23961026048916,5212.285714285715,28.619969904772706
2021-05-04,5222,145636,27.88893144389123,5195.428571428572,28.510219882130695
2021-05-05,5459,152957,28.01923429199487,5192.285714285715,28.35160960533894
2021-05-06,5393,151255,28.046541813461896,5232.142857142857,28.29530792455509
2021-05-07,5410,150339,27.78909426987061,5235.0,28.191021581991926
2021-05-08,5014,135075,26.939569206222576,5287.142857142857,29.113610756426965
2021-05-09,5098,148577,29.144174185955276,5320.428571428572,29.975986983963484
2021-05-10,5049,148994,29.50960586254704,5357.571428571428,30.456412020694927
2021-05-11,5587,191897,34.34705566493646,5376.142857142857,30.810445484978494
2021-05-12,5692,193846,34.055867884750526,5374.0,31.248564352697564
2021-05-13,5653,177558,31.40951707058199,5338.142857142857,31.46110193767427
2021-05-14,5540,167681,30.267328519855596,5413.571428571428,31.34027220598481
2021-05-15,4999,150002,30.00640128025605,5413.142857142857,30.570471785574323
2021-05-16,4847,148473,30.631937280792243,5402.571428571428,29.879888818160186
2021-05-17,5577,159858,28.663797740720817,5402.571428571428,29.52647343821022
2021-05-18,5584,161704,28.958452722063036,5413.714285714285,29.153466988926063
2021-05-19,5618,164168,29.221787112851548,5407.714285714285,28.720580417375608
2021-05-20,5653,163573,28.935609410932248,5410.857142857143,28.244158077200815
2021-05-21,5618,155373,27.6562833748665,5417.571428571428,28.18776205774812
2021-05-22,4957,133721,26.976195279402866,5420.0,28.27393815649898
2021-05-23,4869,132909,27.296980899568698,5433.285714285715,28.077184368033226
2021-05-24,5624,158985,28.26902560455192,5426.0,27.88553638720897
2021-05-25,5601,165575,29.56168541331905,5421.857142857143,27.868513976296494
2021-05-26,5711,159020,27.844510593591316,5427.0,27.757268431675207
2021-05-27,5602,154582,27.59407354516244,5427.142857142857,27.474625516424414
2021-05-28,5589,153905,27.537126498479154,5418.285714285715,27.624999985718148
2021-05-29,4993,130804,26.197476467053875,5428.714285714285,27.556441573029385
2021-05-30,4870,123301,25.31848049281314,5403.714285714285,27.619426434555976
2021-05-31,5562,163087,29.321646889608054,5412.428571428572,27.82935457748237
2021-06-01,5674,165010,29.08177652449771,5409.285714285715,27.93186726148674
2021-06-02,5536,156588,28.285404624277458,5404.285714285715,27.97105102441958
2021-06-03,5663,164587,29.063570545647185,5404.285714285715,28.094518316880713
2021-06-04,5567,157294,28.25471528650979,5409.285714285715,28.019701255670974
2021-06-05,4958,131247,26.471762807583705,5401.285714285715,28.006137188269552
2021-06-06,4870,127510,26.182751540041068,5414.571428571428,28.20580364437549
2021-06-07,5597,161182,28.797927461139896,5399.571428571428,28.32271812819015
2021-06-08,5618,162848,28.986828052687788,5401.0,28.475064572697818
2021-06-09,5629,167086,29.68306981701901,5420.857142857143,28.634722213599908
2021-06-10,5558,166084,29.881971932349767,5410.714285714285,28.812466843711626
2021-06-11,5577,163524,29.321140398063473,5362.857142857143,28.994915279924957
2021-06-12,5097,140623,27.589366293898372,5366.142857142857,28.99223852440512
2021-06-13,4799,131622,27.426963950823087,5372.0,29.059358558103842
2021-06-14,5262,158255,30.07506651463322,5387.285714285715,28.949022635855414
2021-06-15,5641,163409,28.968090764048927,5387.857142857143,28.892445868722227
2021-06-16,5670,170967,30.15291005291005,5373.0,29.09422247295574
2021-06-17,5665,164906,29.10962047661077,5385.0,28.991098954864718
2021-06-18,5581,161431,28.925103028131158,5421.428571428572,28.642898795325852
2021-06-19,4993,144806,29.001802523532945,5418.571428571428,28.388733593792853
2021-06-20,4883,130401,26.70509932418595,5430.714285714285,28.135438388269765
2021-06-21,5517,152477,27.637665397861156,5427.0,28.137055952994817
2021-06-22,5621,152829,27.188934353317915,5430.142857142857,27.836136744748753
2021-06-23,5755,163326,28.37984361424848,5437.571428571428,27.699166796250275
2021-06-24,5639,164213,29.120943429686115,5432.0,27.613921393208024
2021-06-25,5603,150265,26.81866857040871,5433.857142857143,27.63597539346191
2021-06-26,5045,141477,28.04301288404361,5428.571428571428,27.878607162062824
2021-06-27,4844,126469,26.108381502890172,5412.428571428572,27.907419698863606
2021-06-28,5530,153690,27.792043399638338,5408.0,27.81830591361601
2021-06-29,5584,161307,28.887356733524356,5412.714285714285,27.7266751708698
2021-06-30,5642,161257,28.581531371853952,5394.0,27.387226211273592
2021-07-01,5608,159812,28.497146932952923,5389.142857142857,27.327193094882094
2021-07-02,5636,147535,26.177253371185238,5392.0,27.244314308061174
2021-07-03,4914,126127,25.66687016687017,5392.142857142857,27.002009988922318
2021-07-04,4810,123560,25.68814968814969,5380.857142857143,27.045176342595223
2021-07-05,5550,151026,27.21189189189189,5378.571428571428,26.937802398974927
2021-07-06,5585,151863,27.19122649955237,5363.142857142857,27.122450511546976
2021-07-07,5563,160680,28.883695847564265,5356.714285714285,27.18383035362394
2021-07-08,5592,155153,27.74552932761087,5365.714285714285,27.448016292753444
2021-07-09,5528,151853,27.46979015918958,5364.571428571428,27.56039694788401
2021-07-10,4869,127064,26.096529061408912,5365.285714285715,27.73177552870441
2021-07-11,4873,134190,27.53745126205623,5372.428571428572,27.697386360895543
2021-07-12,5542,155168,27.998556477805845,5383.285714285715,28.03555905398712
2021-07-13,5590,158705,28.39087656529517,5391.285714285715,28.347872084868353
2021-07-14,5613,160773,28.642971672902192,5406.0,28.8490517626834
2021-07-15,5668,170679,30.11273817925194,5396.285714285715,29.134990418423545
2021-07-16,5584,165599,29.655981375358166,5397.285714285715,29.444106864235028
2021-07-17,4972,147195,29.60478680611424,5401.285714285715,29.559884097011604
2021-07-18,4805,141935,29.53902185223725,5391.571428571428,29.76551908538613
2021-07-19,5549,167371,30.162371598486214,5374.0,29.748718023838997
2021-07-20,5618,164053,29.20131719473122,5363.714285714285,29.781950209693907
2021-07-21,5545,166807,30.082416591523895,5360.714285714285,29.692205007366194
2021-07-22,5545,166323,29.995130748422003,5370.0,29.66850197362036
2021-07-23,5512,164746,29.888606676342526,5384.571428571428,29.67953511811955
2021-07-24,4951,143463,28.97657038982024,5378.142857142857,29.740340000685055
2021-07-25,4870,143047,29.373100616016426,5397.714285714285,29.989867554538357
2021-07-26,5651,170884,30.239603609980534,5413.142857142857,30.1449691663038
2021-07-27,5573,165111,29.626951372689753,5422.285714285715,30.25721371366786
2021-07-28,5682,180853,31.82910946849701,5433.428571428572,30.367824386326276
2021-07-29,5653,175700,31.080842030780115,5442.714285714285,30.415262465931395
2021-07-30,5576,171040,30.674318507890963,5441.714285714285,30.37366778195017
2021-07-31,5029,149617,29.75084509842911,5454.285714285715,30.565805170074515
2021-08-01,4935,146595,29.70516717325228,5457.285714285715,30.49059635018427
2021-08-02,5644,169029,29.948440822111976,5455.714285714285,30.615498595141446
2021-08-03,5661,175332,30.971913089560147,5452.285714285715,30.656749718139316
2021-08-04,5703,178519,31.3026477292653,5454.285714285715,30.470479872203562
2021-08-05,5642,180291,31.955157745480324,5450.857142857143,30.23852024838991
2021-08-06,5552,171907,30.96307636887608,5453.571428571428,30.36608967459964
2021-08-07,5043,143458,28.446956176878842,5453.714285714285,30.417662265983562
2021-08-08,4911,137908,28.08144980655671,5452.0,30.54261223141146
2021-08-09,5663,174655,30.84142680558008,5456.142857142857,30.6917746473467
2021-08-10,5662,177407,31.332921229247617,5466.0,30.80729928024241
2021-08-11,5691,183121,32.17729748726059,5477.142857142857,31.192328359892127
2021-08-12,5671,187139,32.99929465702698,5472.142857142857,31.4633306669128
2021-08-13,5621,178589,31.77174879914606,5469.0,31.564997326565923
2021-08-14,5121,159479,31.14215973442687,5483.285714285715,31.506255517597683
2021-08-15,4876,146175,29.978465955701395,5486.714285714285,31.2079364289914
2021-08-16,5641,177991,31.553093423151925,5495.285714285715,30.96352738346403
2021-08-17,5762,178171,30.921728566469977,5496.428571428572,30.813407494359314
2021-08-18,5715,171959,30.089063867016623,5474.571428571428,30.68960804759624
2021-08-19,5731,179314,31.288431338335368,5489.0,30.61343407413185
2021-08-20,5629,172928,30.72090957541304,5485.571428571428,30.34499576802426
2021-08-21,4968,150409,30.275563607085346,5470.0,30.305963861166845
2021-08-22,4977,146549,29.445248141450673,5465.142857142857,30.406047552958494
2021-08-23,5617,166679,29.67402528039879,5469.571428571428,30.43500720557196
2021-08-24,5653,173256,30.64850521846807,5486.571428571428,30.403821495275857
2021-08-25,5681,174916,30.789649709558176,5509.0,30.540678262207912
2021-08-26,5762,181452,31.491148906629643,5518.857142857143,30.551670784665305
2021-08-27,5748,175329,30.502609603340293,5536.857142857143,30.678808736822457
2021-08-28,5125,160072,31.233560975609755,5564.285714285715,30.906170022366982
2021-08-29,5046,148969,29.522195798652398,5592.714285714285,30.78366904345051
2021-08-30,5743,175529,30.56399094549887,5594.428571428572,30.638241417470017
2021-08-31,5845,188443,32.24003421727973,5594.714285714285,30.446787871651214
2021-09-01,5880,176001,29.932142857142857,5583.0,29.99728649775246
2021-09-02,5774,175952,30.47315552476619,5574.714285714285,29.90939806140012
2021-09-03,5750,167684,29.162434782608695,5579.428571428572,29.72554339922161
2021-09-04,5043,141643,28.087051358318462,5565.0,29.30635426909689
2021-09-05,4988,144188,28.906976744186046,5555.285714285715,29.435357949027225
2021-09-06,5776,169104,29.277008310249307,5561.714285714285,29.554099706358762
2021-09-07,5744,168332,29.305710306406684,5566.714285714285,29.68138245194732
2021-09-08,5812,179214,30.835168616655196,5595.428571428572,29.89282144826905
2021-09-09,5819,182160,31.304347826086957,5602.714285714285,29.88447920876707
2021-09-10,5785,173859,30.05341400172861,5610.285714285715,29.94548743266131
2021-09-11,5244,155050,29.567124332570557,5619.142857142857,30.24773746860941
2021-09-12,5039,145368,28.848581067672157,5633.0,30.18190541204157
2021-09-13,5829,173145,29.704065877509006,5640.285714285715,29.945338808509558
2021-09-14,5806,182433,31.421460558043403,5649.142857142857,30.027204681897445
2021-09-15,5909,179482,30.374344220680317,5645.285714285715,30.12653139831847
2021-09-16,5870,174036,29.64838160136286,5670.0,30.434644419787958
2021-09-17,5847,179073,30.626475115443817,5671.285714285715,30.668228900948396
2021-09-18,5217,157879,30.26241134751773,5665.714285714285,30.61203323005646
2021-09-19,5212,161600,31.005372217958556,5656.428571428572,30.59028521926015
2021-09-20,5838,182958,31.339157245632066,5657.0,30.672667788295474
2021-09-21,5767,178939,31.028090861799896,5644.571428571428,30.655294359105085
2021-09-22,5844,176618,30.22210814510609,5629.142857142857,30.543092933764143
2021-09-23,5874,177542,30.225059584610147,5596.714285714285,30.150406861073975
2021-09-24,5760,175708,30.50486111111111,5581.571428571428,29.931808283365797
2021-09-25,5109,150598,29.47700137013114,5575.714285714285,29.70500202931993
2021-09-26,4985,140859,28.256569709127383,5567.428571428572,29.684432237023657
2021-09-27,5732,170865,29.808967201674808,5557.142857142857,29.462691071171783
2021-09-28,5726,168576,29.44044708347887,5555.142857142857,29.32284392422622
2021-09-29,5786,174032,30.078119599032146,5563.857142857143,29.02864394954874
2021-09-30,5802,166360,28.672871423647017,5574.142857142857,29.08055295773945
2021-10-01,5746,169656,29.525931082492168,5605.714285714285,29.824528822211853
2021-10-02,5170,141749,27.41760154738878,5624.428571428572,29.849048967387695
2021-10-03,5057,144731,28.61993276646233,5633.428571428572,29.825774621718374
2021-10-04,5953,208455,35.01679825298169,5639.142857142857,29.92442198179697
2021-10-05,5857,173438,29.612088099709748,5644.0,29.70643182715523
2021-10-06,5849,174974,29.915199179346896,5643.714285714285,29.634805201853787
2021-10-07,5842,171541,29.363402944197194,5631.857142857143,29.542969209539933
2021-10-08,5780,161840,28.0,5609.0,28.558867404910625
2021-10-09,5168,139103,26.916215170278637,5615.285714285715,28.502316895883414
2021-10-10,4974,139158,27.97708082026538,5615.857142857143,28.328983054954044
2021-10-11,5793,162946,28.12808562057656,5615.142857142857,28.25166390898182
2021-10-12,5901,172405,29.216234536519234,5619.857142857143,28.458589273313
2021-10-13,5853,167992,28.701862292841277,5625.0,28.61937263374645
2021-10-14,5837,168235,28.82216892239164,5634.857142857143,28.523896058674975
2021-10-15,5813,171184,29.448477550318252,5645.142857142857,28.749441737284606
2021-10-16,5204,145929,28.041698693312835,5636.0,28.683675052107223
2021-10-17,5043,137718,27.308744794765023,5645.714285714285,28.836406814697682
2021-10-18,5865,174231,29.70690537084399,5666.571428571428,28.958919728365714
2021-10-19,5837,167848,28.75586774027754,5674.142857142857,28.91406635273455
2021-10-20,5921,176274,29.770984630974496,5683.0,28.771247587638097
2021-10-21,5983,177574,29.67975931806786,5683.428571428572,28.77770457664256
2021-10-22,5866,170903,29.1345039209001,5691.0,28.537312890632457
2021-10-23,5266,142403,27.041967337637676,5704.714285714285,28.470505847626832
2021-10-24,5046,138028,27.353943717796273,5702.428571428572,28.812863069208912
2021-10-25,5918,165847,28.024163568773233,5696.0,28.693909818218035
2021-10-26,5933,167834,28.28821843923816,5702.0,28.3640991700732
2021-10-27,5905,189949,32.16748518204911,5691.285714285715,28.479577815815084
2021-10-28,5938,171294,28.847086561131693,5691.0,28.578272386094785
2021-10-29,5908,158487,26.825829383886255,5683.428571428572,28.701699025216566
2021-10-30,5191,144571,27.850317857830863,5690.142857142857,28.857992712109926
2021-10-31,5044,141458,28.044805709754165,5697.428571428572,28.50664133188627
2021-11-01,5865,169429,28.888150042625746,5674.285714285715,28.473010248163067
2021-11-02,5980,175706,29.38227424749164,5636.714285714285,28.765461042240304
2021-11-03,5956,176941,29.708025520483545,5630.571428571428,28.825139243702363
2021-11-04,5776,165261,28.611668975069254,5648.428571428572,29.011536150710647
2021-11-05,5645,162988,28.87298494242693,5656.857142857143,28.883427709201175
2021-11-06,5148,145524,28.268065268065268,5656.428571428572,28.692269861803826
2021-11-07,5169,151708,29.349584058812148,5654.714285714285,28.524189115462878
2021-11-08,5924,165821,27.99139095205942,5674.428571428572,28.571307084481678
2021-11-09,5977,167620,28.04416931571022,5707.857142857143,28.525276941441614
2021-11-10,5944,169591,28.531460296096906,5731.142857142857,28.358192597930984
2021-11-11,5914,171160,28.94149475820088,5737.714285714285,28.245630459410087
2021-11-12,5879,167850,28.550773941146453,5744.714285714285,28.45833577244611
2021-11-13,5311,143920,27.098474863490868,5748.285714285715,28.694706881293335
2021-11-14,5215,148949,28.56164908916587,5754.714285714285,29.00940488207275
2021-11-15,5973,176086,29.480328143311567,5769.571428571428,29.214031111601958
2021-11-16,6002,178252,29.698767077640788,5776.142857142857,29.5806776311609
2021-11-17,5989,184068,30.734346301552847,5780.142857142857,29.865729478853677
2021-11-18,6018,182790,30.373878364905284,5774.571428571428,29.934009019438726
2021-11-19,5925,184370,31.11729957805907,5779.0,29.791106902458555
2021-11-20,5339,155332,29.093837797340324,5782.428571428572,29.769159853720623
2021-11-21,5176,150309,29.039605873261205,5779.428571428572,29.665091040821654
2021-11-22,6004,170994,28.480013324450365,5775.857142857143,29.41487881606235
2021-11-23,6026,178039,29.545137736475272,5760.571428571428,29.046307167848738
2021-11-24,5968,179075,30.005864611260055,5750.285714285715,29.04749397306202
2021-11-25,5993,171534,28.622392791590187,5754.142857142857,29.137852025872814
2021-11-26,5818,166030,28.53729804056377,5756.857142857143,29.232984488263067
2021-11-27,5267,153281,29.1021454338333,5754.571428571428,29.24738244889496
2021-11-28,5203,154384,29.672112242936766,5762.142857142857,29.217669519756548
2021-11-29,6023,175546,29.145940561182137,5761.142857142857,29.499335233792657
2021-11-30,6010,178172,29.6459234608985,5786.428571428572,29.586643663360633
2021-12-01,6021,179413,29.797874107291147,5802.714285714285,29.551556064681233
2021-12-02,5986,183136,30.594052789842966,5803.0,29.400071387187456
2021-12-03,5995,174745,29.148457047539615,5786.571428571428,29.328178147138512
2021-12-04,5381,155277,28.856532243077496,5792.142857142857,29.30271488249087
2021-12-05,5205,148924,28.61171950048031,5785.714285714285,29.274122042914183
2021-12-06,5908,169221,28.64268788083954,5783.714285714285,28.97107249595834
2021-12-07,6049,178250,29.46768060836502,5783.428571428572,28.90764842773816
2021-12-08,5976,176876,29.59772423025435,5781.0,28.740730377459375
2021-12-09,5972,170039,28.472705961152045,5780.0,28.78520578108998
2021-12-10,5993,172026,28.704488569998333,5785.0,28.985862157719648
2021-12-11,5364,148519,27.688105891126025,5779.0,28.928349317593874
2021-12-12,5198,150342,28.923047325894576,5781.857142857143,28.941597328539142
2021-12-13,5943,178571,30.047282517247183,5778.571428571428,28.951247743665494
2021-12-14,6007,174594,29.065090727484602,5766.142857142857,28.909166821252203
2021-12-15,5996,178024,29.69046030687125,5765.857142857143,28.850510035718617
2021-12-16,5949,169786,28.540258867036478,5757.428571428572,28.871455183252262
2021-12-17,5906,167789,28.409922113105317,5764.857142857143,28.741597952443325
2021-12-18,5362,146262,27.2775083923909,5770.571428571428,28.64869229369638
2021-12-19,5139,149389,29.069663358630084,5766.0,28.49271104261417
2021-12-20,5995,174684,29.138281901584655,5756.428571428572,28.479236455352584
2021-12-21,6047,171824,28.414751116255996,5748.857142857143,28.068768706749783
2021-12-22,5964,170562,28.598591549295776,5722.0,27.66557613890422
2021-12-23,5882,167319,28.445936756205374,5705.714285714285,27.317372631381378
2021-12-24,5853,149466,25.5366478728857,5669.142857142857,27.17133923001244
2021-12-25,5174,126531,24.455160417471976,5637.714285714285,27.288092404779565
2021-12-26,5025,133827,26.63223880597015,5615.0,27.37415555369892
2021-12-27,5739,161358,28.116048092002092,5606.142857142857,27.546581868840914
2021-12-28,5827,170335,29.23202333962588,5610.571428571428,27.757914390836167
2021-12-29,5805,169512,29.201033591731267,5560.714285714285,27.894638328236542
2021-12-30,5820,172580,29.652920962199314,5536.0,28.19196424136317
2021-12-31,5884,158962,27.015975526852483,5444.571428571428,28.546270989994035
2022-01-01,4825,122614,25.41222797927461,5366.285714285715,29.290328273302965
2022-01-02,4852,139318,28.713520197856553,5319.857142857143,30.27099396457806
2022-01-03,5099,156010,30.59619533241812,5265.285714285715,30.9644320932903
2022-01-04,5279,181811,34.44042432278841,5181.428571428572,31.674116217302878
2022-01-05,5480,197640,36.065693430656935,5230.428571428572,32.47394499337289
2022-01-06,5438,187649,34.506987863184996,5276.714285714285,33.03372141907102
2022-01-07,5297,169418,31.983764394940533,5389.285714285715,33.150593900277904
2022-01-08,5168,160265,31.011029411764707,5496.142857142857,32.53136999372772
2022-01-09,5176,168903,32.63195517774343,5568.571428571428,31.752007408857093
2022-01-10,5887,184936,31.414302700866315,5637.428571428572,31.254846015274683
2022-01-11,6027,181448,30.105856976937115,5728.714285714285,30.9149435930479
2022-01-12,5987,183263,30.610155336562553,5740.0,30.66078825738591
2022-01-13,5920,183679,31.026858108108108,5742.285714285715,30.090374673772548
2022-01-14,5936,175732,29.6044474393531,5760.714285714285,29.81823264659712
2022-01-15,5247,153380,29.23194206213074,5764.142857142857,29.841096858712085
2022-01-16,5192,148694,28.639060092449924,5777.714285714285,29.85615382406715
2022-01-17,6016,177528,29.5093085106383,5790.142857142857,29.738640050721635
2022-01-18,6051,183139,30.26590646174186,5807.0,29.731246478636034
2022-01-19,6082,186812,30.71555409404801,5819.285714285715,29.775661388031892
2022-01-20,6007,181437,30.204261694689528,5827.714285714285,30.021636180712076
2022-01-21,6054,178912,29.552692434753883,5837.428571428572,30.202094690650945
2022-01-22,5333,157552,29.542846427901743,5828.142857142857,30.403356776470556
2022-01-23,5251,159425,30.3608836412112,5829.857142857143,30.506629629179805
2022-01-24,6084,187220,30.77251808021039,5833.857142857143,30.560252085625514
2022-01-25,5986,189605,31.674741062479118,5816.428571428572,30.703312206929812
2022-01-26,6094,191586,31.4384640630128,5823.285714285715,31.02741403004981
2022-01-27,6035,184548,30.579618889809446,5815.714285714285,31.097499415444855
2022-01-28,5932,181247,30.554113283884018,5802.142857142857,30.98833235243934
2022-01-29,5381,171178,31.811559189741683,5806.714285714285,30.862410315834886
2022-01-30,5198,160366,30.85148133897653,5804.0,30.82103067602765
2022-01-31,5989,179720,30.008348639171814,5802.142857142857,30.782043511003398
2022-02-01,6018,185314,30.793286806247924,5814.285714285715,30.710268311470404
2022-02-02,6075,189229,31.14880658436214,5805.285714285715,30.732702315364286
2022-02-03,6022,182507,30.306708734639656,5807.0,30.592471501652533
2022-02-04,6017,180821,30.051686887153068,5802.0,30.594469970925793
2022-02-05,5318,170009,31.968597216998873,5801.857142857143,30.543894061877772
2022-02-06,5210,155622,29.86986564299424,5813.714285714285,30.368759487885704
2022-02-07,5954,178753,30.02233792408465,5822.857142857143,30.392358629733103
2022-02-08,6017,183153,30.43925544291175,5822.714285714285,30.325086870778104
2022-02-09,6158,184265,29.92286456641767,5838.0,30.09057364096326
2022-02-10,6086,185452,30.471902727571475,5858.571428571428,30.308267737430754
2022-02-11,6016,177958,29.580784574468087,5888.142857142857,30.572797522709454
2022-02-12,5425,164524,30.32700460829493,5902.714285714285,30.825877996755704
2022-02-13,5354,168082,31.393724318266717,5896.142857142857,30.818712976422287
2022-02-14,6161,196376,31.874046421035548,5900.285714285715,31.02757443702036
2022-02-15,6119,197098,32.210818761235494,5915.142857142857,31.636738732171043
2022-02-16,6112,182582,29.87270942408377,5906.571428571428,32.03579665459143
2022-02-17,6115,195276,31.93393295175797,5891.428571428572,32.50598216138957
2022-02-18,6120,207131,33.84493464052287,5900.0,33.425713881479076
2022-02-19,5365,177691,33.12041006523765,5884.428571428572,33.84204331444733
2022-02-20,5248,182027,34.68502286585366,5863.0,34.54640681695399
2022-02-21,6221,238340,38.31216846166211,5861.571428571428,38.388792199650084
2022-02-22,6010,211102,35.12512479201331,5829.0,41.25264258026397
2022-02-23,5962,207497,34.803253941630324,5868.285714285715,44.10101864997166
2022-02-24,6105,359161,58.83063063063063,5914.714285714285,46.6574352393592
2022-02-25,5892,317531,53.891887304820095,5873.428571428572,48.5727665341627
2022-02-26,5640,299253,53.05904255319149,5862.428571428572,50.63203875512981
2022-02-27,5573,293028,52.57993899156648,5861.428571428572,52.33156191160315
2022-02-28,5932,306800,51.71948752528658,5836.428571428572,50.558696586629914
2022-03-01,5933,293921,49.540030338783076,5834.0,49.53494368898084
2022-03-02,5955,278098,46.69991603694375,5837.857142857143,48.14164932439045
2022-03-03,5930,275274,46.42057335581787,5830.142857142857,46.70029909804366
2022-03-04,5875,274513,46.7256170212766,5790.428571428572,45.588116004709725
2022-03-05,5667,245415,43.30598200105876,5769.428571428572,44.219625176103754
2022-03-06,5519,234505,42.49048740713897,5758.142857142857,43.14868997642757
2022-03-07,5654,248404,43.93420587194906,5757.857142857143,42.25127434954091
2022-03-08,5786,231212,39.96059453854131,5797.285714285715,41.22086651114362
2022-03-09,5876,230359,39.203369639210344,5807.142857142857,40.849250831773396
2022-03-10,5928,237942,40.138663967611336,5823.142857142857,41.38927329442658
2022-03-11,6151,243043,39.512762152495526,5904.857142857143,41.15403017206517
2022-03-12,5736,233482,40.70467224546722,5969.714285714285,41.306889377181975
2022-03-13,5631,260550,46.27064464571124,6013.285714285715,41.55384369016973
2022-03-14,6226,263282,42.28750401541921,6050.857142857143,41.44314224282723
2022-03-15,6240,256031,41.03060897435898,6042.571428571428,41.462643314428014
2022-03-16,6181,253001,40.932049830124576,6021.857142857143,41.03780690580171
2022-03-17,6191,243701,39.36375383621386,6014.714285714285,39.76917947682805
2022-03-18,6093,241583,39.64926965370097,5991.285714285715,39.056900423675586
2022-03-19,5591,210953,37.73081738508317,5961.142857142857,38.551805015614306
2022-03-20,5581,208675,37.39025264289554,5954.142857142857,38.22074710958682
2022-03-21,6062,226122,37.30155064335203,5943.571428571428,38.178871255033464
2022-03-22,6029,226057,37.494941117930004,5940.714285714285,38.01524267403264
2022-03-23,6132,236785,38.61464448793216,5944.571428571428,37.803837189889904
2022-03-24,6117,238995,39.070622854340364,5938.714285714285,37.92923688969286
2022-03-25,6073,233834,38.50386958669521,5946.428571428572,38.05573684917289
2022-03-26,5618,203658,36.250978996084015,5952.428571428572,38.35093915693689
2022-03-27,5540,212005,38.268050541516246,5947.285714285715,38.370931826639875
2022-03-28,6116,233552,38.18705035971223,5940.714285714285,38.184242146222424
2022-03-29,6071,240177,39.561357272278045,5951.571428571428,37.75624469974823
2022-03-30,6096,236248,38.75459317585302,5950.857142857143,37.60977998505479
2022-03-31,6071,229264,37.76379509141822,5948.142857142857,37.51450979487934
2022-04-01,6149,218338,35.50788746137583,5937.857142857143,37.729421103045624
2022-04-02,5613,197722,35.22572599323,5944.428571428572,37.62496227788564
2022-04-03,5521,207596,37.60115921028799,5959.571428571428,37.7322321245563
2022-04-04,6044,239895,39.69142951687624,5979.571428571428,37.959273288555686
2022-04-05,6117,237524,38.830145496158245,5959.571428571428,38.445784099591336
2022-04-06,6202,245013,39.50548210254757,5952.285714285715,38.82862459955679
2022-04-07,6211,244422,39.35308323941394,5943.285714285715,38.84673361463945
2022-04-08,6009,233831,38.913463138625396,5952.142857142857,38.32848765913792
2022-04-09,5562,210831,37.905609492988134,5961.285714285715,38.23291529886903
2022-04-10,5458,205919,37.72792231586662,5947.571428571428,37.9334329695874
2022-04-11,6106,220205,36.063707828365544,5923.0,37.61244156413189
2022-04-12,6181,235874,38.16113897427601,5926.285714285715,37.126651263540076
2022-04-13,6106,228420,37.40910579757615,5930.571428571428,36.766361863254225
2022-04-14,6039,224084,37.10614340122537,5936.285714285715,36.07197645316654
2022-04-15,6032,214214,35.51293103448276,5926.571428571428,35.7738013746715
2022-04-16,5592,197865,35.38358369098712,5914.142857142857,35.36128834290166
2022-04-17,5498,180704,32.867224445252816,5922.714285714285,35.388313356852485
2022-04-18,6038,205150,33.9764822789003,5935.142857142857,35.44150037061335
2022-04-19,6094,214957,35.2735477518871,5933.428571428572,35.39871810133034
2022-04-20,6166,231831,37.598280895231916,5924.571428571428,35.164948589288
2022-04-21,6126,229593,37.47845249755142,5932.142857142857,35.27419626935598
2022-04-22,6020,211985,35.21345514950166,5926.428571428572,35.38497270176574
2022-04-23,5530,186622,33.74719710669078,5917.285714285715,35.46359167964114
2022-04-24,5551,186691,33.6319582057287,5905.285714285715,35.145469247997404
2022-04-25,5998,208442,34.751917305768586,5894.857142857143,34.72638371856268
2022-04-26,6030,216018,35.82388059701493,5900.428571428572,34.45337014369576
2022-04-27,6082,215129,35.371423873725746,5908.0,34.10029316391903
2022-04-28,6053,209100,34.544853791508345,5906.857142857143,33.99266850645261
2022-04-29,6059,201779,33.30236012543324,5856.714285714285,34.04983977246807
2022-04-30,5583,174612,31.275658248253627,5794.714285714285,33.933852949714684
2022-05-01,5543,182246,32.878585603463826,5764.428571428572,34.02632658955965
2022-05-02,5647,198504,35.15211616787675,5755.857142857143,34.13902214455216
2022-05-03,5596,195927,35.01197283774125,5741.714285714285,34.23446638358423
2022-05-04,5870,211430,36.018739352640544,5727.571428571428,34.475590958101705
2022-05-05,5993,211755,35.333722676455864,5725.0,34.46614854157585
2022-05-06,5960,202464,33.97046979865772,5747.857142857143,34.62855503160364
2022-05-07,5484,180772,32.963530269876,5775.571428571428,34.42232945226681
2022-05-08,5525,181289,32.8124886877828,5799.142857142857,34.04985715984911
2022-05-09,5807,210730,36.288961598071296,5799.857142857143,33.836198592388946
2022-05-10,5790,194361,33.56839378238342,5811.428571428572,33.652439800001424
2022-05-11,6035,201638,33.411433305716656,5804.142857142857,33.607532751639916
2022-05-12,5998,202961,33.838112704234746,5773.428571428572,33.88088989632309
2022-05-13,6041,197445,32.68415825194504,5815.142857142857,33.92650915974714
2022-05-14,5433,177383,32.649180931345484,5845.142857142857,34.44442909559713
2022-05-15,5310,184395,34.72598870056497,5839.428571428572,34.863956257094294
2022-05-16,6099,223274,36.60829644203968,5843.857142857143,35.23099221439991
2022-05-17,6000,223163,37.19383333333333,5842.0,35.459779162387285
2022-05-18,5995,217907,36.34812343619683,5848.142857142857,35.376874154037914
2022-05-19,6029,219500,36.407364405374025,5859.571428571428,34.922750668852515
2022-05-20,6028,206674,34.28566688785667,5855.285714285715,34.2681182015894
2022-05-21,5476,175609,32.06884587289993,5862.142857142857,33.735774475209965
2022-05-22,5390,170039,31.54712430426716,5870.0,33.2876246100626
2022-05-23,6069,194365,32.02586917119789,5865.857142857143,32.81931064739012
2022-05-24,6048,202411,33.46742724867725,5856.857142857143,32.43406330010082
2022-05-25,6050,200927,33.211074380165286,5858.428571428572,32.17957197503112
2022-05-26,6000,198775,33.12916666666667,5845.857142857143,32.155999925097824
2022-05-27,5965,188428,31.588935456831518,5825.857142857143,32.07852653001717
2022-05-28,5487,166187,30.287406597412065,5806.857142857143,31.93765387753737
2022-05-29,5302,166388,31.382119954734062,5809.142857142857,31.683229281661472
2022-05-30,5929,186666,31.48355540563333,5797.714285714285,31.296340607272793
2022-05-31,5915,192127,32.48131868131868,5802.714285714285,31.339040303915912
2022-06-01,6066,190655,31.43010220903396,5787.0,31.35358943449099
2022-06-02,5920,180092,30.420945945945945,5777.714285714285,31.578713900435446
2022-06-03,6000,191327,31.887833333333333,5789.285714285715,31.71284349425868
2022-06-04,5377,163403,30.389250511437606,5805.428571428572,31.729305030636798
2022-06-05,5237,172601,32.957991216345235,5802.714285714285,31.931794386444203
2022-06-06,6010,194859,32.42246256239601,5807.142857142857,32.353234976877395
2022-06-07,6028,196492,32.59654943596549,5794.571428571428,32.4149527744159
2022-06-08,6047,198629,32.84752769968579,5781.857142857143,32.339894510300866
2022-06-09,5951,198591,33.37103007897832,5818.285714285715,31.861320798924112
2022-06-10,5912,191075,32.31985791610284,5763.0,31.67147534305783
2022-06-11,5288,157920,29.863842662632376,5756.857142857143,31.33631963535396
2022-06-12,5492,162607,29.60797523670794,5755.0,31.12366794398827
2022-06-13,5623,174839,31.09354437133203,5761.285714285715,30.872593826903195
2022-06-14,5985,181049,30.25045948203843,5765.714285714285,30.800241825859977
2022-06-15,6034,189220,31.358965860125952,5792.428571428572,30.80140194124387
2022-06-16,5995,189523,31.61351125938282,5765.857142857143,31.00435502384652
2022-06-17,5943,189067,31.81339390880027,5811.714285714285,31.18073870623458
2022-06-18,5475,163549,29.871963470319635,5814.714285714285,31.654592004148032
2022-06-19,5306,164638,31.0286468149265,5810.571428571428,31.947738429982305
2022-06-20,5944,192159,32.328230148048455,5814.285714285715,32.02164757434029
2022-06-21,6006,201606,33.56743256743257,5825.571428571428,32.15237637543164
2022-06-22,6005,200633,33.41099084096586,5805.714285714285,32.409289068791416
2022-06-23,6021,193460,32.130875269888726,5812.0,32.52209920337468
2022-06-24,6022,197091,32.72849551643972,5821.0,32.599207374809744
2022-06-25,5336,168993,31.67035232383808,5821.714285714285,32.43831574368496
2022-06-26,5350,170228,31.818317757009346,5830.0,32.29727671376635
2022-06-27,6007,197438,32.86798734809389,5834.428571428572,32.448063770385964
2022-06-28,6011,195004,32.44119114955914,5821.571428571428,32.290265017772526
2022-06-29,6063,196585,32.423717631535546,5822.428571428572,31.900335560802343
2022-06-30,6052,200844,33.18638466622604,5821.0,31.70563741145965
2022-07-01,5932,187593,31.62390424814565,5814.0,31.63285487129892
2022-07-02,5342,154602,28.9408461250468,5816.428571428572,31.408343063318487
2022-07-03,5340,162632,30.455430711610486,5809.428571428572,31.636875586572444
2022-07-04,5958,192792,32.358509566968785,5807.571428571428,31.674498253538616
2022-07-05,6028,186082,30.869608493696084,5819.142857142857,31.914750653241644
2022-07-06,6014,204617,34.02344529431327,5840.714285714285,32.3603809940681
2022-07-07,6039,202003,33.449743334989236,5843.285714285715,32.5003533250869
2022-07-08,6013,200267,33.305671046066855,5843.571428571428,32.514861546104775
2022-07-09,5493,176107,32.060258510831964,5842.571428571428,32.80147950846167
2022-07-10,5358,168430,31.43523702874207,5852.714285714285,32.59010106930457
2022-07-11,5960,193462,32.46006711409396,5843.428571428572,32.74838777160441
2022-07-12,6021,197946,32.87593423019432,5831.857142857143,32.69759207164129
2022-07-13,6085,198029,32.54379622021364,5811.0,32.553634117717365
2022-07-14,5974,206448,34.557750251088045,5797.142857142857,32.39582104556346
2022-07-15,5932,195460,32.95010114632502,5782.285714285715,32.42731126267572
2022-07-16,5347,166038,31.052552833364505,5767.714285714285,32.39085108097224
2022-07-17,5261,159569,30.330545523664703,5755.714285714285,32.49808746734827
2022-07-18,5856,191377,32.68049863387978,5754.571428571428,32.523552291877955
2022-07-19,5919,193082,32.620712958269976,5750.571428571428,32.623983061140855
2022-07-20,6001,199800,33.29445092484586,5741.142857142857,32.72124463192025
2022-07-21,5966,207235,34.736004022795846,5735.857142857143,32.9542688657962
2022-07-22,5904,198688,33.65311653116531,5756.285714285715,32.70064775502429
2022-07-23,5281,167584,31.733383828820298,5764.0,32.618958283360215
2022-07-24,5224,166968,31.961715160796324,5758.428571428572,32.67302651516327
2022-07-25,5999,185400,30.905150858476414,5759.142857142857,32.56419860837298
2022-07-26,5973,191428,32.04888665662146,5759.571428571428,32.43041159176814
2022-07-27,5962,200758,33.67292854746729,5782.428571428572,32.292954154516295
2022-07-28,5971,202860,33.974208675263775,5804.428571428572,32.514940444301054
2022-07-29,5907,193257,32.71660741493144,5796.857142857143,32.680044788049535
2022-07-30,5441,167426,30.771181768057343,5802.714285714285,33.04462257433579
2022-07-31,5378,180247,33.5156191892897,5815.571428571428,33.161713416341456
2022-08-01,5946,190634,32.060881264715775,5806.857142857143,33.110092114170584
2022-08-02,6014,208090,34.60093116062521,5805.142857142857,33.155544659644455
2022-08-03,6052,208749,34.49256444150694,5790.285714285715,33.415300084143986
2022-08-04,5910,198652,33.61285956006768,5776.571428571428,33.14501554479666
2022-08-05,5895,194740,33.03477523324852,5770.0,32.9968266958421
2022-08-06,5337,173930,32.589469739554055,5760.285714285715,32.88815491935184
2022-08-07,5282,167036,31.623627413858387,5739.571428571428,32.557201857464456
2022-08-08,5900,183039,31.023559322033897,5736.857142857143,32.34398664616493
2022-08-09,5946,201214,33.840228725193406,5738.714285714285,32.15399119017227
2022-08-10,5907,190063,32.17589300829524,5727.428571428572,31.81316545821076
2022-08-11,5891,189221,32.12035308097097,5704.285714285715,31.83124658658814
2022-08-12,5908,187312,31.704807041299933,5704.285714285715,31.908922131382322
2022-08-13,5258,158811,30.203689615823507,5707.714285714285,31.5210502603748
2022-08-14,5120,162561,31.7501953125,5712.428571428572,31.430891422729925
2022-08-15,5900,186247,31.56728813559322,5713.857142857143,31.502762932865988
2022-08-16,5970,185817,31.125125628140704,5700.0,31.868383954155806
2022-08-17,5940,187376,31.544781144781144,5710.571428571428,32.2022958330656
2022-08-18,5901,192511,32.623453651923406,5730.428571428572,32.25716022476316
2022-08-19,5811,199109,34.26415419032869,5731.142857142857,32.394989269382066
2022-08-20,5332,173509,32.541072768192045,5732.857142857143,32.54998994981532
2022-08-21,5259,168994,32.13424605438296,5742.0,32.702486714037605
2022-08-22,5905,192102,32.53209144792549,5742.857142857143,32.50072268777551
2022-08-23,5982,192681,32.21013039117352,5751.0,32.17191616355579
2022-08-24,6004,195804,32.612258494337105,5741.0,32.056177310696306
2022-08-25,5907,184364,31.211105468088707,5745.857142857143,32.099831615145604
2022-08-26,5868,187556,31.96250852079073,5756.428571428572,32.55274120903023
2022-08-27,5262,166968,31.7309007981756,5753.0,32.71581230502093
2022-08-28,5293,171704,32.439826185528055,5759.142857142857,32.822563536676384
2022-08-29,5979,213465,35.70245860511791,5768.714285714285,32.821627478845734
2022-08-30,5958,198709,33.35162806310843,5758.428571428572,32.771206021029926
2022-08-31,6047,201725,33.35951711592525,5769.857142857143,32.483687379968416
2022-09-01,5974,186416,31.204553063274187,5756.571428571428,32.2461847380798
2022-09-02,5796,183209,31.609558316080054,5747.714285714285,31.752197737754276
2022-09-03,5342,158755,29.71827031074504,5747.0,31.447567614654652
2022-09-04,5200,160042,30.77730769230769,5742.571428571428,31.710702707516393
2022-09-05,5917,190791,32.24454960283928,5763.857142857143,32.574087173431145
2022-09-06,5953,185848,31.219217201411052,5789.571428571428,32.75756583816401
2022-09-07,6016,211772,35.201462765957444,5812.142857142857,33.021319430135506
2022-09-08,6123,228071,37.248244324677444,5856.428571428572,33.33866541445972
2022-09-09,5976,196574,32.89390896921017,5872.0,33.33160894708715
2022-09-10,5500,173605,31.564545454545456,5867.142857142857,33.56083331859894
2022-09-11,5510,181823,32.998729582577134,5860.142857142857,33.33544778568055
2022-09-12,6026,194008,32.19515433123133,5846.142857142857,32.73946267468632
2022-09-13,5919,194284,32.82378780199358,5846.857142857143,33.12748977132936
2022-09-14,5967,200633,33.623764035528744,5839.857142857143,33.12132216714854
2022-09-15,6025,199285,33.07634854771784,5811.142857142857,33.07944569447675
2022-09-16,5981,212984,35.61009864571142,5802.428571428572,33.014732592194505
2022-09-17,5451,171823,31.521372225279766,5818.285714285715,33.435807208493465
2022-09-18,5309,173634,32.70559427387455,5835.571428571428,34.33888409397546
2022-09-19,5965,189342,31.74216261525566,5818.571428571428,35.06038004185361
2022-09-20,6030,215701,35.771310116086234,5797.857142857143,35.2136764362438
2022-09-21,6088,243187,39.94530223390276,5803.0,35.906618991371246
2022-09-22,5906,225177,38.12682018286488,5808.142857142857,37.02343306610438
2022-09-23,5836,214083,36.68317340644277,5789.571428571428,38.3347191755421
2022-09-24,5487,199573,36.37197011117186,5773.428571428572,38.493466563048266
2022-09-25,5345,216597,40.52329279700655,5743.142857142857,38.037408118858515
2022-09-26,5835,238775,40.921165381319625,5728.857142857143,37.8159052897233
2022-09-27,5917,218234,36.88254182862937,5741.571428571428,38.13636816053286
2022-09-28,5876,215960,36.75289312457454,5737.571428571428,37.84140087618232
2022-09-29,5806,212362,36.57630037891836,5738.0,36.93629429753099
2022-09-30,5925,230639,38.9264135021097,5749.857142857143,35.95368780096725
2022-10-01,5459,187283,34.30719912071808,5754.0,35.473182450118415
2022-10-02,5348,182835,34.18754674644727,5767.0,34.83652576036438
2022-10-03,5918,201466,34.04291990537344,5789.857142857143,34.27804656730306
2022-10-04,5946,199304,33.51900437268752,5782.428571428572,33.41266196226085
2022-10-05,5967,192712,32.2962962962963,5775.428571428572,33.656840804534816
2022-10-06,5966,194891,32.666946027489104,5755.142857142857,33.466006921597426
2022-10-07,5873,193038,32.868721266814234,5745.571428571428,34.4323832585767
2022-10-08,5410,194849,36.01645101663586,5744.428571428572,34.83545673293029
2022-10-09,5206,171026,32.851709565885514,5741.857142857143,35.176770599206336
2022-10-10,5851,238765,40.80755426422834,5727.714285714285,35.429638398683345
2022-10-11,5938,215790,36.34051869316268,5719.714285714285,35.79307189142486
2022-10-12,5949,206344,34.68549336022861,5707.428571428572,35.41519850909768
2022-10-13,5867,202042,34.43702062382819,5719.142857142857,35.48338955663381
2022-10-14,5817,205996,35.41275571600482,5724.571428571428,34.66683843075649
2022-10-15,5324,177669,33.371337340345605,5738.428571428572,34.46101453885836
2022-10-16,5288,176244,33.329046898638424,5745.285714285715,34.359037272098995
2022-10-17,5889,206655,35.09169638308711,5762.714285714285,34.40043897245186
2022-10-18,6035,210620,34.89975144987572,5770.428571428572,33.99463590145728
2022-10-19,5997,203728,33.97165249291312,5769.571428571428,33.70672497962958
2022-10-20,5989,207979,34.72683252629821,5759.714285714285,33.661716473238265
2022-10-21,5871,191231,32.57213421904275,5759.285714285715,33.35336433230213
2022-10-22,5318,166751,31.35596088755171,5739.428571428572,33.21785031436097
2022-10-23,5219,172300,33.01398735389922,5723.857142857143,33.22020158866531
2022-10-24,5886,193845,32.93323139653415,5723.0,33.09444912323129
2022-10-25,5896,200176,33.95115332428765,5732.857142857143,33.30795375860613
2022-10-26,5888,200122,33.98811141304348,5753.857142857143,33.60748777375527
2022-10-27,5983,202504,33.84656526826007,5786.0,33.573763958424436
2022-10-28,5940,202356,34.06666666666667,5795.571428571428,33.74542946912569
2022-10-29,5465,182819,33.45269899359561,5798.857142857143,33.933326157116944
2022-10-30,5444,178443,32.7779206465834,5804.428571428572,34.22640296434033
2022-10-31,5953,203205,34.13488997144297,5800.428571428572,34.3743627538932
2022-11-01,5919,208742,35.26643014022639,5778.428571428572,34.718722703196114
2022-11-02,5927,213607,36.03964906360722,5765.857142857143,34.94454797781649
2022-11-03,5955,207724,34.88228379513014,5747.571428571428,35.332959614997044
2022-11-04,5786,211057,36.47718631178707,5746.857142857143,35.37678405658262
2022-11-05,5377,188375,35.033475915938254,5740.857142857143,35.542179182032676
2022-11-06,5316,188701,35.496802106847255,5739.857142857143,35.9125285436023
2022-11-07,5948,204859,34.44166106254203,5737.285714285715,36.008654078584186
2022-11-08,5877,214065,36.424196018376726,5756.571428571428,35.756949005790226
2022-11-09,5920,228702,38.6320945945946,5752.285714285715,35.37908703452405
2022-11-10,5937,211091,35.555162540003366,5747.714285714285,35.05011270953808
2022-11-11,5921,205549,34.715250802229356,5732.857142857143,34.924536605854314
2022-11-12,5347,173181,32.388442117074995,5734.714285714285,35.23526872935082
2022-11-13,5284,175397,33.19398183194549,5731.571428571428,34.987167825438625
2022-11-14,5844,196140,33.562628336755644,5722.714285714285,34.8560412619731
2022-11-15,5890,227350,38.59932088285229,5721.857142857143,34.634118583668865
2022-11-16,5898,217609,36.89538826720922,5719.714285714285,34.611527935071614
2022-11-17,5875,203494,34.63727659574468,5717.714285714285,34.61447495989263
2022-11-18,5915,196152,33.16179205409975,5718.0,34.67172716514473
2022-11-19,5332,171852,32.230307576894226,5717.857142857143,34.06382864540776
2022-11-20,5270,175041,33.214611005692596,5712.428571428572,33.79271759602098
2022-11-21,5846,198550,33.96339377352036,5705.857142857143,33.63942775761214
2022-11-22,5889,202252,34.3440312446935,5705.857142857143,33.64524831068543
2022-11-23,5860,205086,34.9976109215017,5706.428571428572,33.3163791408871
2022-11-24,5829,195646,33.564247726882826,5715.142857142857,32.90967197601996
2022-11-25,5915,196393,33.20253592561285,5724.285714285715,32.715239846421085
2022-11-26,5336,159697,29.92822338830585,5723.285714285715,32.53919205457946
2022-11-27,5331,161890,30.367660851622585,5739.142857142857,32.30274602227363
2022-11-28,5910,192680,32.602368866328256,5760.142857142857,32.073329680337984
2022-11-29,5882,194763,33.11169670180211,5742.285714285715,31.9536237092228
2022-11-30,5971,199088,33.34248869536091,5742.142857142857,31.942910848689618
2022-12-01,5976,190983,31.958333333333332,5730.285714285715,31.846806641663395
2022-12-02,5790,187391,32.36459412780656,5731.857142857143,31.65884065962538
2022-12-03,5335,159267,29.85323336457357,5734.714285714285,31.47349830754047
2022-12-04,5248,155839,29.694931402439025,5713.714285714285,31.472010519035223
2022-12-05,5921,185248,31.28660699206215,5697.0,31.38174950423504
2022-12-06,5902,187768,31.814300237207725,5693.857142857143,31.603416362537292
2022-12-07,5824,194126,33.332074175824175,5691.857142857143,31.795054488214635
2022-12-08,5859,183542,31.326506229732036,5683.714285714285,31.83018702777318
2022-12-09,5768,195629,33.91626213592233,5682.428571428572,31.761019703757345
2022-12-10,5321,165987,31.19470024431498,5687.857142857143,31.819294273045127
2022-12-11,5191,155423,29.940859179348873,5688.857142857143,31.711733097083375
2022-12-12,5912,182104,30.802435723951284,5674.428571428572,31.775072975245507
2022-12-13,5940,191400,32.22222222222222,5678.142857142857,31.33952825372241
2022-12-14,5831,189969,32.57914594409192,5678.571428571428,31.034210444858694
2022-12-15,5758,182931,31.769885376866966,5680.0,31.276103251412557
2022-12-16,5794,178846,30.867449085260613,5656.714285714285,31.365579608120658
2022-12-17,5324,154702,29.05747558226897,5648.428571428572,31.45332646023337
2022-12-18,5201,164529,31.63410882522592,5646.428571428572,31.420420643371887
2022-12-19,5749,180684,31.428770220907985,5654.571428571428,31.355026134921296
2022-12-20,5882,193144,32.83645018701122,5649.0,31.23130342210822
2022-12-21,5817,188173,32.34880522606154,5648.714285714285,31.03114008263231
2022-12-22,5815,182080,31.312123817712813,5647.428571428572,30.451448991377273
2022-12-23,5755,172658,30.00139009556907,5630.285714285715,30.143666650603958
2022-12-24,5322,147187,27.656332205937616,5595.857142857143,29.66727149511151
2022-12-25,5192,143176,27.576271186440678,5578.571428571428,29.378276848049747
2022-12-26,5629,164785,29.27429383549476,5569.142857142857,29.462778504784307
2022-12-27,5641,166419,29.501684098564084,5553.571428571428,29.537070077083715
2022-12-28,5696,172736,30.325842696629213,5643.142857142857,29.588302690173002
2022-12-29,5749,183414,31.903635414854758,5604.428571428572,29.47813836502206
2022-12-30,5646,172324,30.521431101664895,5536.714285714285,29.54470384314384
2022-12-31,5949,166661,28.014960497562615,5483.285714285715,29.656874768660206
2023-01-01,4921,131908,26.80512091038407,5427.428571428572,29.724503811191024
2023-01-02,5155,153311,29.740252182347234,5373.285714285715,29.687352383210982
2023-01-03,5267,159521,30.28688057717866,5328.428571428572,29.798640813334295
2023-01-04,5305,163390,30.799245994344957,5218.0,30.160546434459707
2023-01-05,5370,169926,31.643575418994413,5229.571428571428,31.27126743766582
2023-01-06,5332,166894,31.300450112528132,5295.285714285715,31.61604504855808
2023-01-07,5176,158118,30.548299845440493,5356.714285714285,31.991672354955263
2023-01-08,5002,172970,34.58016793282687,5412.285714285715,32.518218927994546
2023-01-09,5615,180543,32.153695458593056,5469.571428571428,32.620081102338766
2023-01-10,5697,187524,32.91627172195893,5525.0,32.877958858491084
2023-01-11,5694,196358,34.48507200561995,5536.0,33.21618139559644
2023-01-12,5771,186730,32.35661063940392,5565.857142857143,32.71569464783865
2023-01-13,5720,189364,33.1055944055944,5587.142857142857,32.5913291124136
2023-01-14,5253,172907,32.91585760517799,5602.285714285715,32.59492024009318
2023-01-15,5211,161941,31.076760698522357,5619.0,32.4009100273278
2023-01-16,5764,180316,31.283136710617626,5633.571428571428,32.57474733886925
2023-01-17,5803,191159,32.94140961571601,5642.0,32.45410782956389
2023-01-18,5811,192501,33.127000516262264,5641.428571428572,32.083116441555845
2023-01-19,5873,197177,33.57347182019411,5628.428571428572,32.13071647569551
2023-01-20,5779,186437,32.261117840456826,5642.571428571428,32.068290352200684
2023-01-21,5249,159144,30.31891788912174,5650.428571428572,31.987502722857066
2023-01-22,5120,160819,31.4099609375,5662.428571428572,32.03529945026853
2023-01-23,5863,180851,30.846153846153847,5656.428571428572,32.12663604571768
2023-01-24,5858,189658,32.375896210310685,5670.857142857143,32.18700113556496
2023-01-25,5895,197256,33.46157760814249,5681.857142857143,32.24849041517811
2023-01-26,5831,199495,34.21282798833819,5698.857142857143,32.4834647736554
2023-01-27,5880,192180,32.683673469387756,5686.285714285715,32.666902288521484
2023-01-28,5326,163771,30.749342846413818,5682.0,32.78086632632689
2023-01-29,5239,173174,33.054781446841,5686.0,32.73041109917299
2023-01-30,5775,185552,32.13021645021645,5690.285714285715,32.51030275979526
2023-01-31,5828,193336,33.173644474948524,5684.571428571428,32.46943551270072
2023-02-01,5923,196101,33.10839101806517,5680.428571428572,32.3474184934323
2023-02-02,5861,191491,32.67206961269408,5672.857142857143,31.96784996874172
2023-02-03,5840,189202,32.397602739726025,5680.142857142857,32.346874022516396
2023-02-04,5297,158355,29.895223711534832,5683.142857142857,32.53143190703942
2023-02-05,5186,157643,30.397801774006943,5677.142857142857,32.70602690844245
2023-02-06,5826,202648,34.78338482663921,5676.285714285715,32.68670355642772
2023-02-07,5849,201589,34.465549666609675,5659.857142857143,32.98077028918052
2023-02-08,5881,201898,34.330556027886416,5646.714285714285,33.2956971611844
2023-02-09,5855,190503,32.53680614859095,5644.857142857143,33.36576347868632
2023-02-10,5725,197261,34.456069868995634,5647.428571428572,33.097231628513256
2023-02-11,5205,167079,32.09971181556196,5665.714285714285,32.95034498310285
2023-02-12,5173,159785,30.888265996520396,5660.571428571428,32.795167175868436
2023-02-13,5844,192289,32.90366187542779,5652.142857142857,33.02664877802675
2023-02-14,5977,199855,33.43734314873682,5665.142857142857,32.57166001898571
2023-02-15,5845,194313,33.24431137724551,5682.428571428572,32.35412702371499
2023-02-16,5796,197975,34.157177363699105,5694.857142857143,32.384320420192516
2023-02-17,5816,181873,31.27114855570839,5705.857142857143,32.423561331129186
2023-02-18,5326,162853,30.576980848666917,5695.428571428572,32.739350288975146
2023-02-19,5260,163584,31.099619771863118,5692.857142857143,32.78834383146921
2023-02-20,5921,196449,33.17834825198446,5684.0,32.53112486182821
2023-02-21,5904,210465,35.64786585365854,5645.142857142857,32.748470574236805
2023-02-22,5827,195713,33.58726617470396,5637.857142857143,32.7903778463636
2023-02-23,5734,185533,32.35664457621207,5641.0,33.22154051107445
2023-02-24,5544,181802,32.792568542568546,5630.285714285715,33.35841984539093
2023-02-25,5275,162841,30.870331753554503,5624.857142857143,33.432810252639456
2023-02-26,5282,180210,34.117758424839074,5633.714285714285,33.96170406185199
2023-02-27,5846,199562,34.136503592199794,5640.857142857143,34.68103244979877
2023-02-28,5866,212165,36.16859870439823,5676.857142857143,35.16358871341094
2023-03-01,5889,219598,37.28952283919171,5677.714285714285,35.74115189163688
2023-03-02,5784,216275,37.39194329183956,5668.142857142857,35.837382265954496
2023-03-03,5796,209644,36.17046238785369,5664.714285714285,35.76760447938662
2023-03-04,5281,184377,34.91327400113615,5652.285714285715,35.87228566711763
2023-03-05,5215,181437,34.79137104506232,5622.714285714285,35.51544278552947
2023-03-06,5822,195899,33.64805908622466,5622.857142857143,35.434805868791805
2023-03-07,5779,213253,36.901367018515316,5619.428571428572,35.27628421492854
2023-03-08,5682,197686,34.79162266807462,5620.142857142857,35.11211561944706
2023-03-09,5785,213047,36.82748487467589,5623.0,35.23036292683139
2023-03-10,5772,202371,35.060810810810814,5619.285714285715,35.619962885823846
2023-03-11,5286,178477,33.764093832765795,5629.142857142857,35.64321395275081
2023-03-12,5235,186466,35.61910219675263,5647.571428571428,36.056269996112384
2023-03-13,5796,210831,36.375258799171846,5648.857142857143,36.26904066123709
2023-03-14,5848,216751,37.0641244870041,5647.285714285715,36.70124908038353
2023-03-15,5811,218976,37.68301497160557,5663.0,36.65060176698726
2023-03-16,5794,222008,38.316879530548846,5655.714285714285,36.67814735263635
2023-03-17,5761,219415,38.08626974483597,5657.571428571428,36.58253516552794
2023-03-18,5396,180278,33.409562638991844,5652.142857142857,36.54099193293651
2023-03-19,5184,185649,35.8119212962963,5653.714285714285,36.25040663665424
2023-03-20,5809,207416,35.70597348941298,5651.0,35.9969501298164
2023-03-21,5810,213653,36.77332185886403,5646.428571428572,35.62465281120768
2023-03-22,5822,207548,35.64891789762968,5623.0,35.55497632236962
2023-03-23,5775,211034,36.54268398268398,5614.714285714285,35.069749507676605
2023-03-24,5729,203266,35.48018851457497,5611.857142857143,34.92620434739202
2023-03-25,5232,172247,32.92182721712538,5609.571428571428,34.9498093858491
2023-03-26,5126,166161,32.41533359344518,5609.428571428572,35.115015386730086
2023-03-27,5789,200885,34.70115736742097,5602.0,35.11220016911444
2023-03-28,5794,214022,36.938557128063515,5613.142857142857,35.12571945115983
2023-03-29,5821,214244,36.8053599037966,5625.142857142857,35.0767451018575
2023-03-30,5723,209021,36.52297745937445,5637.0,35.20228406770628
2023-03-31,5807,206583,35.57482348889272,5629.714285714285,35.15328140440245
2023-04-01,5316,173190,32.57900677200903,5630.714285714285,34.97817440561168
2023-04-02,5209,173429,33.29410635438664,5628.142857142857,34.65677651974645
2023-04-03,5738,197147,34.35813872429418,5634.714285714285,34.45339745025852
2023-04-04,5801,207170,35.71280813652818,5619.857142857143,34.2896185279581
2023-04-05,5803,200526,34.55557470273996,5609.857142857143,34.03787653335107
2023-04-06,5769,202488,35.09932397295892,5603.857142857143,33.60981251352426
2023-04-07,5703,196345,34.42837103278976,5595.0,33.15116972184265
2023-04-08,5246,161665,30.816812809759817,5597.142857142857,32.85411499296547
2023-04-09,5167,156548,30.297658215598993,5604.285714285715,32.87164498405338
2023-04-10,5676,176794,31.147639182522905,5606.428571428572,32.64057676977769
2023-04-11,5816,195612,33.6334250343879,5608.285714285715,32.26762443489249
2023-04-12,5853,202972,34.67828464035537,5608.428571428572,32.27470829743137
2023-04-13,5784,193659,33.481846473029044,5618.714285714285,32.619037057240405
2023-04-14,5716,181870,31.817704688593423,5628.0,32.740678469964315
2023-04-15,5247,161956,30.866399847531923,5629.714285714285,32.56530340622247
2023-04-16,5239,171357,32.707959534262265,5619.0,32.531971836920846
2023-04-17,5741,183707,31.999129071590314,5626.142857142857,32.63087255870811
2023-04-18,5828,188861,32.405799588194924,5628.428571428572,32.72261108739376
2023-04-19,5778,199023,34.44496365524403,5618.142857142857,32.553677499789124
2023-04-20,5834,199372,34.17415152553994,5577.714285714285,32.57475880234292
2023-04-21,5732,186060,32.45987438939288,5568.285714285715,32.663567928050284
2023-04-22,5175,153614,29.683864734299515,5558.428571428572,32.78883769640256
2023-04-23,4956,162832,32.85552865213882,5562.714285714285,32.66380451779037
2023-04-24,5675,185123,32.62079295154185,5557.714285714285,32.9784670286517
2023-04-25,5759,191675,33.28268796666088,5555.285714285715,33.33086842509263
2023-04-26,5808,194973,33.56973140495868,5571.0,33.515400791067144
2023-04-27,5799,210949,36.37678910156924,5594.142857142857,33.52384170990691
2023-04-28,5715,199606,34.92668416447944,5569.857142857143,33.55097379247503
2023-04-29,5285,163706,30.9755912961211,5569.714285714285,33.744351520058174
2023-04-30,5118,168457,32.91461508401719,5558.571428571428,34.27610018746248
2023-05-01,5505,180623,32.81071752951862,5549.571428571428,34.068930873689794
2023-05-02,5758,199436,34.63633205974297,5559.571428571428,33.798505688073945
2023-05-03,5730,213683,37.29197207678883,5540.857142857143,33.92960504113653
2023-05-04,5736,200339,34.92660390516039,5548.714285714285,33.63200752022794
2023-05-05,5785,191100,33.03370786516854,5547.0,33.78562455516472
2023-05-06,5154,164378,31.89328676755918,5517.428571428572,34.21683954181749
2023-05-07,5173,159491,30.831432437657064,5512.571428571428,34.02113646824734
2023-05-08,5493,186136,33.886036774076096,5509.714285714285,34.090154064920924
2023-05-09,5551,209022,37.654836966312374,5505.857142857143,34.172348033867465
2023-05-10,5696,204612,35.922050561797754,5520.285714285715,34.53102080908771
2023-05-11,5716,202402,35.40972708187544,5518.857142857143,34.495391311408525
2023-05-12,5758,193521,33.609065647794374,5549.428571428572,34.2139671989238
2023-05-13,5255,180793,34.403996194100856,5573.571428571428,33.84541906087917
2023-05-14,5163,157895,30.582025953902768,5580.0,33.77287091657179
2023-05-15,5707,182145,31.91606798668302,5573.714285714285,33.40081842794602
2023-05-16,5720,200629,35.075,5573.428571428572,33.34421210736862
2023-05-17,5741,203313,35.41421355164606,5571.571428571428,32.92919199374033
2023-05-18,5672,186072,32.80535966149506,5559.285714285715,33.17396686731684
2023-05-19,5756,191173,33.212821403752606,5556.857142857143,33.68515374042188
2023-05-20,5242,165117,31.498855398702784,5559.571428571428,33.73559993562761
2023-05-21,5077,163964,32.29545006893835,5565.0,33.61692542162463
2023-05-22,5690,201963,35.49437609841828,5570.142857142857,34.00400138148513
2023-05-23,5739,203322,35.42812336644015,5556.142857142857,33.87846122336686
2023-05-24,5779,199858,34.58349195362519,5550.857142857143,33.62868649164604
2023-05-25,5708,202719,35.51489138051857,5558.857142857143,33.50320862562894
2023-05-26,5658,182946,32.334040296924705,5555.428571428572,33.10736033321711
2023-05-27,5205,154851,29.75043227665706,5545.0,32.88115522519811
2023-05-28,5133,161264,31.417105006818623,5539.285714285715,32.772433936724376
2023-05-29,5666,185411,32.723438051535474,5554.714285714285,32.72769016906138
2023-05-30,5666,191764,33.8446876103071,5559.285714285715,32.738067038519034
2023-05-31,5739,194107,33.822442934309116,5544.0,32.82561667293036
2023-06-01,5816,204733,35.20168500687758,5530.142857142857,32.902419668098325
2023-06-02,5690,184394,32.406678383128295,5536.142857142857,32.72211171940065
2023-06-03,5098,154792,30.36327971753629,5542.0,32.954542263543864
2023-06-04,5036,160924,31.95472597299444,5547.428571428572,33.20382506402103
2023-06-05,5708,179581,31.461282410651716,5536.285714285715,33.225105037892874
2023-06-06,5707,202437,35.47170141930962,5536.428571428572,33.56618477084508
2023-06-07,5777,205473,35.5674225376493,5549.428571428572,33.79609258533464
2023-06-08,5738,202842,35.35064482398048,5554.428571428572,33.63860278594159
2023-06-09,5691,198014,34.794236513793706,5524.714285714285,34.060315688316024
2023-06-10,5189,165906,31.972634418963192,5520.0,33.755304513202404
2023-06-11,5071,156452,30.852297377243147,5508.857142857143,33.45864241604091
2023-06-12,5500,189273,34.41327272727273,5502.428571428572,33.26087520862025
2023-06-13,5674,189152,33.33662319351428,5497.571428571428,33.11369987695705
2023-06-14,5699,190864,33.49078785751886,5491.0,32.83133941983842
2023-06-15,5693,193370,33.96627437203583,5491.0,32.941940315688775
2023-06-16,5657,191003,33.76400919215132,5519.0,32.80873903522767
2023-06-17,5143,154270,29.996111219132803,5527.714285714285,33.02837948821548
2023-06-18,5071,160378,31.626503648195623,5534.571428571428,33.30331652823236
2023-06-19,5696,190707,33.48086376404494,5541.571428571428,33.60524349633133
2023-06-20,5735,200003,34.87410636442895,5556.285714285715,34.561401905389076
2023-06-21,5747,203532,35.41534713763703,5586.857142857143,38.08653143415267
2023-06-22,5742,207170,36.07976314872867,5588.428571428572,38.736925217811226
2023-06-23,5760,233033,40.457118055555554,5594.714285714285,39.33420849293274
2023-06-24,5357,292878,54.67201792047788,5602.428571428572,39.83994099685201
2023-06-25,5082,183863,36.17926013380559,5599.142857142857,40.09472169427055
2023-06-26,5740,216179,37.66184668989547,5582.428571428572,39.94910473651565
2023-06-27,5789,222380,38.41423389186388,5565.285714285715,39.33053467994693
2023-06-28,5724,212926,37.19881201956674,5539.714285714285,36.27191555529222
2023-06-29,5625,197215,35.06044444444444,5542.571428571428,35.78483527297503
2023-06-30,5640,203757,36.12712765957447,5542.857142857143,35.377900812772516
2023-07-01,5178,172229,33.26168404789494,5534.857142857143,35.00569969886916
2023-07-02,5102,167191,32.76969815758526,5536.714285714285,34.90757513012356
2023-07-03,5742,199898,34.813305468477886,5546.571428571428,35.01864014425707
2023-07-04,5733,205292,35.80882609454038,5537.714285714285,34.87987770802528
2023-07-05,5737,209469,36.51194003834757,5533.285714285715,34.671132314189336
2023-07-06,5694,204061,35.837899543378995,5521.857142857143,34.57087561090115
2023-07-07,5578,196099,35.15579060595196,5509.285714285715,34.67574626836807
2023-07-08,5147,163677,31.800466291043325,5496.714285714285,34.74901405772198
2023-07-09,5022,161045,32.0679012345679,5485.428571428572,34.6169997988478
2023-07-10,5654,200985,35.54740007074638,5483.428571428572,34.59123849587012
2023-07-11,5645,205036,36.321700620017715,5492.285714285715,34.73273649441194
2023-07-12,5658,201356,35.58784022622835,5490.142857142857,34.979396303853136
2023-07-13,5680,202535,35.65757042253521,5482.714285714285,35.025315558357235
2023-07-14,5640,203865,36.14627659574468,5481.857142857143,35.05203258588719
2023-07-15,5132,172061,33.52708495713172,5488.714285714285,35.073376049545296
2023-07-16,4970,160975,32.38933601609658,5498.285714285715,35.140066372810246
2023-07-17,5648,201828,35.73441926345609,5501.714285714285,35.477454128516996
2023-07-18,5693,207630,36.471104865624454,5505.571428571428,35.55824896912087
2023-07-19,5725,206413,36.05467248908297,5508.0,35.43783833614716
2023-07-20,5704,216862,38.01928471248247,5509.857142857143,35.504405769184935
2023-07-21,5667,208046,36.71184047997177,5512.142857142857,35.50431116899791
2023-07-22,5149,168291,32.68421052631579,5506.0,35.612484557347386
2023-07-23,4983,163718,32.85530804736103,5499.714285714285,35.66391930448747
2023-07-24,5664,202396,35.73375706214689,5485.142857142857,35.47202271247118
2023-07-25,5650,210340,37.2283185840708,5478.714285714285,35.37465097952405
2023-07-26,5681,206872,36.414715719063544,5460.428571428572,35.3647092760321
2023-07-27,5602,205459,36.67600856836844,5464.285714285715,35.61973940670565
2023-07-28,5622,202562,36.03023834934187,5458.714285714285,35.46468204862117
2023-07-29,5021,163758,32.61461860187214,5461.571428571428,35.26930370718299
2023-07-30,5010,173549,34.640518962075845,5454.428571428572,35.355681051627094
2023-07-31,5625,194897,34.648355555555554,5458.428571428572,35.29272930740191
2023-08-01,5670,203330,35.860670194003525,5458.142857142857,35.191688648446615
2023-08-02,5631,208456,37.01935713017226,5464.285714285715,35.229224515071515
2023-08-03,5630,204005,36.235346358792185,5461.857142857143,35.036952157266455
2023-08-04,5620,198515,35.3229537366548,5457.0,35.106861554739154
2023-08-05,5064,166491,32.877369668246445,5451.0,35.008098943005685
2023-08-06,4993,166240,33.294612457440415,5447.285714285715,34.933459036936725
2023-08-07,5591,196455,35.13772133786443,5446.285714285715,34.8618817758029
2023-08-08,5628,197933,35.16933191186923,5445.142857142857,34.6749502930082
2023-08-09,5605,204565,36.49687778768956,5453.714285714285,34.478127437535505
2023-08-10,5623,200934,35.734305530855416,5452.714285714285,34.399050659333746
2023-08-11,5612,190889,34.014433357091946,5460.142857142857,34.334491242874186
2023-08-12,5124,161404,31.49960967993755,5466.0,34.309595377934876
2023-08-13,4986,163247,32.74107501002808,5477.285714285715,34.14926428953567
2023-08-14,5643,195732,34.685805422647526,5485.428571428572,34.02130011913179
2023-08-15,5669,198387,34.99506085729406,5477.714285714285,34.13310239644847
2023-08-16,5684,201069,35.374560168895144,5472.0,34.409908746543934
2023-08-17,5680,197883,34.83855633802817,5479.714285714285,34.60585494692541
2023-08-18,5558,193402,34.79704929830874,5474.857142857143,34.710006880918485
2023-08-19,5084,169995,33.43725413060582,5483.285714285715,34.789623087258754
2023-08-20,5040,171928,34.112698412698414,5480.285714285715,35.57870171200452
2023-08-21,5609,198642,35.41486896059904,5490.0,35.864490015240776
2023-08-22,5728,203644,35.552374301675975,5516.285714285715,36.105653943416904
2023-08-23,5663,231606,40.89811054211549,5517.285714285715,36.203836709112274
2023-08-24,5748,211751,36.83907446068198,5516.285714285715,35.96140217387026
2023-08-25,5742,209498,36.485196795541626,5514.857142857143,35.87506401883253
2023-08-26,5091,173728,34.12453349047338,5510.571428571428,36.2193344703456
2023-08-27,5033,163148,32.415656666004374,5514.714285714285,35.678599473715714
2023-08-28,5599,194904,34.81050187533488,5514.142857142857,35.9830751078642
2023-08-29,5698,216309,37.96226746226746,5512.714285714285,36.05866208742644
2023-08-30,5692,211247,37.112965565706254,5526.0,35.71577789390203
2023-08-31,5744,223846,38.97040389972145,5537.428571428572,35.75220457845177
2023-09-01,5732,212166,37.01430565247732,5543.0,35.78682654234124
2023-09-02,5184,164459,31.72434413580247,5534.857142857143,35.42217106700377
2023-09-03,5113,167045,32.670643457852535,5531.571428571428,35.43556718645066
2023-09-04,5638,197628,35.05285562256119,5515.285714285715,35.35253308456201
2023-09-05,5641,199746,35.40967913490516,5501.857142857143,35.57508780840869
2023-09-06,5669,210925,37.20673840183454,5500.857142857143,36.064369256819255
2023-09-07,5630,216131,38.38916518650089,5499.714285714285,36.361762992587074
2023-09-08,5638,217470,38.572188719404046,5510.428571428572,36.444832578951704
2023-09-09,5177,181968,35.149314274676456,5507.428571428572,36.72108075540907
2023-09-10,5105,177411,34.75239960822723,5516.142857142857,36.77641331480793
2023-09-11,5713,203579,35.6343427271136,5517.428571428572,36.42096775742241
2023-09-12,5620,209870,37.34341637010676,5522.285714285715,36.00540624179528
2023-09-13,5730,215414,37.59406631762653,5510.571428571428,35.82568505212819
2023-09-14,5639,202446,35.90104628480227,5503.142857142857,35.68486700286828
2023-09-15,5672,202282,35.663258110014105,5502.285714285715,35.78426388530246
2023-09-16,5095,172676,33.89126594700687,5521.142857142857,36.12907982607203
2023-09-17,5053,170623,33.766673263407874,5528.0,36.250512966969865
2023-09-18,5707,207336,36.33012090415279,5538.571428571428,36.48332341369349
2023-09-19,5752,228683,39.75712795549374,5546.142857142857,36.78545310352928
2023-09-20,5778,222130,38.44409830391139,5569.0,36.554282720179515
2023-09-21,5713,214413,37.53071941186767,5576.0,36.740972337979066
2023-09-22,5725,216280,37.77816593886463,5569.571428571428,36.806039084728994
2023-09-23,5255,169595,32.273073263558516,5563.428571428572,36.31314707216954
2023-09-24,5102,178945,35.073500588004705,5552.285714285715,36.04965433201177
2023-09-25,5662,208280,36.78558813140233,5557.142857142857,35.91087274509677
2023-09-26,5709,207276,36.30688386757751,5548.857142857143,35.37713440090997
2023-09-27,5700,208618,36.599649122807016,5545.428571428572,35.42081776542169
2023-09-28,5747,210106,36.559248303462674,5559.0,35.02083473796463
2023-09-29,5667,192916,34.04199752955709,5555.571428571428,34.71248968437809
2023-09-30,5231,170420,32.57885681514051,5559.142857142857,34.63830382318198
2023-10-01,5197,167726,32.27361939580527,5562.714285714285,34.74423043009227
2023-10-02,5638,195228,34.62717275629656,5554.857142857143,34.77421634156427
2023-10-03,5734,205206,35.787582839204745,5546.857142857143,35.007109685293564
2023-10-04,5725,213778,37.34113537117904,5561.714285714285,36.66804954046093
2023-10-05,5692,209290,36.76914968376669,5547.714285714285,37.749881123706636
2023-10-06,5611,200157,35.67225093566209,5574.428571428572,38.561425420323985
2023-10-07,5335,235836,44.20543580131209,5567.714285714285,39.431204022987764
2023-10-08,5099,203177,39.8464404785252,5574.142857142857,40.00985341413154
2023-10-09,5825,234794,40.30798283261802,5583.428571428572,40.48118037684911
2023-10-10,5687,238149,41.87603305785124,5597.857142857143,41.16190523317909
2023-10-11,5770,238830,41.39168110918544,5581.571428571428,40.08352450921678
2023-10-12,5757,230674,40.06843842278965,5580.142857142857,39.59500485631796
2023-10-13,5712,230978,40.437324929971986,5557.857142857143,39.3886707919047
2023-10-14,5221,191385,36.65677073357595,5564.142857142857,39.14035846908531
2023-10-15,5089,185376,36.42680290823345,5557.428571428572,38.963089030282774
2023-10-16,5669,220318,38.86364438172517,5550.0,38.87170450037129
2023-10-17,5731,230030,40.13784679811551,5548.428571428572,38.653191722518535
2023-10-18,5723,229783,40.15079503756771,5543.142857142857,38.70222447486482
2023-10-19,5705,224941,39.42874671340929,5531.285714285715,38.78781960760221
2023-10-20,5701,221813,38.90773548500263,5540.285714285715,38.50797688015607
2023-10-21,5184,191808,37.0,5533.714285714285,38.2445101369148
2023-10-22,5006,185352,37.025968837395126,5542.285714285715,37.92188846990424
2023-10-23,5732,211538,36.90474528960223,5538.142857142857,37.7304164487296
2023-10-24,5685,217699,38.293579595426564,5537.142857142857,37.832261853626854
2023-10-25,5783,219132,37.892443368493865,5540.714285714285,38.02552625864016
2023-10-26,5676,216190,38.08844256518675,5568.285714285715,38.30316173838579
2023-10-27,5694,225600,39.620653319283456,5563.714285714285,38.856318426337346
2023-10-28,5209,199780,38.35285083509311,5568.285714285715,39.08557466594719
2023-10-29,5199,202602,38.96941719561454,5562.285714285715,38.93673256829066
2023-10-30,5700,232428,40.77684210526316,5568.714285714285,38.92394809216427
2023-10-31,5717,228099,39.89837327269547,5559.0,38.652001629966094
2023-11-01,5741,211559,36.8505486848981,5568.714285714285,38.12811105748751
2023-11-02,5721,217392,37.99895123230205,5559.285714285715,37.689881716108495
2023-11-03,5626,212196,37.717028083896196,5519.428571428572,36.986920716487134
2023-11-04,5277,183036,34.68561682774303,5522.285714285715,36.72282132493222
2023-11-05,5133,184284,35.90181180596143,5525.428571428572,36.809811928262135
2023-11-06,5421,194376,35.856115107913666,5521.714285714285,36.88090117276332
2023-11-07,5737,218291,38.04967753181105,5525.428571428572,36.70120137673205
2023-11-08,5763,215879,37.459482908207534,5516.857142857143,37.010003288330516
2023-11-09,5695,219238,38.49657594381036,5512.428571428572,36.76494410050459
2023-11-10,5652,206067,36.45912951167728,5554.0,36.881362430426485
2023-11-11,5217,192232,36.84723020893234,5549.714285714285,36.75363683844557
2023-11-12,5102,174419,34.18639749117993,5553.714285714285,36.807072822326234
2023-11-13,5712,209465,36.671043417366946,5552.285714285715,36.76088525502979
2023-11-14,5707,212047,37.15559838794463,5555.571428571428,36.89038657715015
2023-11-15,5791,219094,37.83353479537213,5565.142857142857,36.94057138238433
2023-11-16,5685,217015,38.173262972735266,5577.0,37.06043717679766
2023-11-17,5675,212050,37.36563876651982,5582.714285714285,37.31250250223242
2023-11-18,5284,196557,37.198523845571536,5586.714285714285,37.316005883603395
2023-11-19,5185,181607,35.02545805207329,5574.142857142857,37.62587665492657
2023-11-20,5752,221081,38.43550069541029,5581.0,37.545158092650745
2023-11-21,5735,213228,37.18012205754141,5567.285714285715,37.51169334785741
2023-11-22,5703,228135,40.002630194634406,5553.285714285715,37.241004552112436
2023-11-23,5733,215608,37.608233036804464,5538.428571428572,37.043592558900066
2023-11-24,5579,207156,37.131385552966485,5520.714285714285,36.80240061266773
2023-11-25,5186,183085,35.30370227535673,5508.142857142857,37.03392305798797
2023-11-26,5081,170943,33.643574099586694,5501.0,36.73977157103368
2023-11-27,5628,206813,36.74715707178394,5504.142857142857,37.003681683313445
2023-11-28,5647,219108,38.800779174783074,5520.428571428572,37.048950862178756
2023-11-29,5653,214495,37.94356978595436,5519.714285714285,37.323925867317776
2023-11-30,5755,227067,39.45560382276282,5529.285714285715,38.830693558940816
2023-12-01,5693,213193,37.44826980502371,5536.428571428572,39.10296352689761
2023-12-02,5181,192881,37.228527311329856,5543.428571428572,39.04065819534754
2023-12-03,5148,227495,44.19094794094794,5554.571428571428,39.155582081896775
2023-12-04,5678,219472,38.653046847481505,5542.428571428572,38.98785031885658
2023-12-05,5696,218525,38.36464185393258,5535.571428571428,38.89339294698872
2023-12-06,5731,222065,38.74803699179899,5532.428571428572,38.38742633111214
2023-12-07,5670,217056,38.28148148148148,5532.428571428572,36.869472063157865
2023-12-08,5645,207663,36.78706820194863,5528.0,36.15863304502617
2023-12-09,5159,173790,33.68676100019383,5537.142857142857,35.7905443277977
2023-12-10,5148,172794,33.565268065268064,5534.714285714285,35.717808606733165
2023-12-11,5647,190175,33.67717372055959,5537.428571428572,35.96672636410583
2023-12-12,5760,206139,35.788020833333334,5549.571428571428,35.97597840107503
2023-12-13,5714,218497,38.238886944347215,5547.714285714285,36.22240913487666
2023-12-14,5689,227696,40.02390578309017,5545.0,36.31771426517887
2023-12-15,5730,211161,36.851832460732986,5557.857142857143,36.576935221008185
2023-12-16,5146,182229,35.41177613680529,5543.714285714285,36.90168890063319
2023-12-17,5129,175578,34.232403977383505,5541.714285714285,36.81528149254349
2023-12-18,5737,203616,35.491720411364824,5538.0,36.68762632618443
2023-12-19,5661,215465,38.06129659070835,5520.285714285715,36.722502918232
2023-12-20,5700,214514,37.6340350877193,5528.142857142857,36.54515659231873
2023-12-21,5663,221595,39.13031961857673,5530.0,36.32142426882854
2023-12-22,5606,207960,37.095968605066,5505.428571428572,36.00389316655039
2023-12-23,5201,177720,34.17035185541242,5484.857142857143,35.8024075431283
2023-12-24,5142,167970,32.66627771295216,5468.428571428572,35.84159194100751
2023-12-25,5565,185142,33.26900269541779,5452.142857142857,35.59214819146493
2023-12-26,5517,202203,36.65089722675367,5439.428571428572,35.64506362702387
2023-12-27,5585,211718,37.90832587287377,5448.285714285715,36.07657846606094
2023-12-28,5549,207445,37.3842133717787,5547.142857142857,36.26620420244952
2023-12-29,5517,206702,37.466376653978614,5447.428571428572,36.40632466038494
2023-12-30,5263,195736,37.19095572867186,5376.285714285715,36.55792420551127
2023-12-31,5834,198319,33.99365786767227,5321.285714285715,36.552531498397435
2024-01-01,4867,166694,34.24984590096569,5275.142857142857,36.651025318283835
2024-01-02,5019,189277,37.71209404263798,5228.285714285715,36.606782594458856
2024-01-03,5200,196927,37.870576923076925,5202.857142857143,36.51025190530879
2024-01-04,5226,198973,38.07367011098354,5089.571428571428,37.047474414705
2024-01-05,5189,192806,37.1566775872037,5155.571428571428,37.69958205199299
2024-01-06,5085,185680,36.515240904621436,5242.142857142857,38.04953687129868
2024-01-07,5041,190319,37.754215433445744,5310.285714285715,38.27958128126602
2024-01-08,5329,206843,38.81459936198161,5382.428571428572,38.595402419286145
2024-01-09,5625,225910,40.16177777777778,5444.571428571428,39.114881317110935
2024-01-10,5677,224133,39.480887792848335,5469.0,39.289998021973666
2024-01-11,5731,230870,40.284418077124414,5468.714285714285,39.565690716977414
2024-01-12,5624,229420,40.79302987197724,5519.428571428572,39.60788477615346
2024-01-13,5256,198367,37.74105783866058,5530.857142857143,39.63099878085554
2024-01-14,5039,199968,39.68406429847192,5532.285714285715,39.827491813136476
2024-01-15,5684,222301,39.10995777621393,5527.428571428572,39.85002673664564
2024-01-16,5705,230046,40.323575810692375,5539.142857142857,39.61751388176852
2024-01-17,5687,232350,40.85633901881484,5527.714285714285,39.80390394102809
2024-01-18,5697,230399,40.44216254168861,5553.285714285715,39.53966894378157
2024-01-19,5706,223478,39.165439887837366,5565.714285714285,39.75927519358896
2024-01-20,5176,202101,39.04578825347759,5574.0,40.00937391704599
2024-01-21,5218,197420,37.83441931774626,5585.857142857143,40.458913997794646
2024-01-22,5771,234575,40.64720152486571,5585.714285714285,40.63922705363689
2024-01-23,5763,242474,42.07426687489155,5587.142857142857,40.78229277394883
2024-01-24,5770,253898,44.00311958405546,5593.571428571428,40.7764082835281
2024-01-25,5696,237548,41.70435393258427,5582.0,40.86410782925344
2024-01-26,5716,229594,40.166899930020996,5574.571428571428,40.6711084157519
2024-01-27,5221,203643,39.00459682053246,5572.0,40.245380125406214
2024-01-28,5137,197509,38.44831613782363,5575.714285714285,39.44679782457841
2024-01-29,5719,224735,39.296205630354955,5589.142857142857,38.79569470911671
2024-01-30,5745,224596,39.09416884247172,5591.0,38.46925604619647
2024-01-31,5796,222642,38.41304347826087,5586.428571428572,38.00699101022084
2024-02-01,5790,215079,37.14663212435233,5586.571428571428,37.66393233491255
2024-02-02,5729,217025,37.881829289579336,5583.142857142857,37.39096378944983
2024-02-03,5189,185604,35.76874156870303,5589.285714285715,37.465056758641595
2024-02-04,5138,185209,36.04690541066563,5584.857142857143,37.8730806552548
2024-02-05,5695,212910,37.38542581211589,5587.857142857143,38.469238698507475
2024-02-06,5788,229279,39.6128196268141,5590.428571428572,38.63852272427961
2024-02-07,5765,237917,41.26921075455334,5593.571428571428,38.87933440521523
2024-02-08,5811,240109,41.319738427120974,5573.0,39.29917405219549
2024-02-09,5747,224517,39.066817469984336,5564.285714285715,39.58961755781289
2024-02-10,5211,195175,37.45442333525235,5561.857142857143,39.730455192628746
2024-02-11,4994,194695,38.98578293952743,5575.0,39.736314667508154
2024-02-12,5634,222084,39.4185303514377,5547.857142857143,39.97769902466761
2024-02-13,5771,234295,40.59868307052504,5554.0,40.62653018303895
2024-02-14,5857,241954,41.31022707870924,5542.571428571428,40.90919170451402
2024-02-15,5621,241756,43.009428927237146,5551.142857142857,40.65640333387771
2024-02-16,5790,252494,43.608635578583765,5563.0,40.364273645000694
2024-02-17,5131,202331,39.43305398557786,5563.571428571428,39.92832077592754
2024-02-18,5054,188091,37.216264345073206,5532.0,39.663912385589775
2024-02-19,5717,213665,37.373622529298586,5546.428571428572,39.281854355888605
2024-02-20,5775,216834,37.547012987012984,5507.571428571428,38.51772006492849
2024-02-21,5636,222393,39.459368346344924,5516.428571428572,38.29489677679045
2024-02-22,5722,230797,40.335022719328904,5526.428571428572,38.40340189265543
2024-02-23,5518,211117,38.259695541862996,5514.857142857143,38.86543837812824
2024-02-24,5193,196676,37.87329096861159,5502.571428571428,39.15464419177571
2024-02-25,5124,194588,37.975800156128024,5519.714285714285,39.29124390880237
2024-02-26,5636,228866,40.607877927608236,5525.571428571428,39.61020635565564
2024-02-27,5689,225122,39.57145368254526,5563.142857142857,40.11844022701972
2024-02-28,5756,232632,40.41556636553162,5563.428571428572,40.073183893128956
2024-02-29,5763,245318,42.56775984730175,5557.714285714285,39.987200752920046
2024-03-01,5781,241746,41.81733264141152,5568.428571428572,39.6896648986896
2024-03-02,5195,195106,37.556496631376326,5571.142857142857,39.73531867734691
2024-03-03,5084,190009,37.37391817466562,5573.571428571428,39.515129505383484
2024-03-04,5711,220017,38.5251269479951,5562.142857142857,38.8072896016049
2024-03-05,5708,227698,39.89103013314646,5537.142857142857,37.852726460384964
2024-03-06,5773,224421,38.874242161787635,5524.857142857143,37.32200640642691
2024-03-07,5683,213754,37.61288052085166,5532.857142857143,37.32089636146356
2024-03-08,5606,196969,35.135390652871926,5529.571428571428,37.27440946975681
2024-03-09,5109,172896,33.841456253669996,5533.0,37.32387151932327
2024-03-10,5140,192062,37.36614785992218,5526.714285714285,37.58211820049721
2024-03-11,5688,217280,38.19971870604782,5534.571428571428,37.94215633153722
2024-03-12,5732,230640,40.237264480111655,5549.285714285715,38.85427641168021
2024-03-13,5729,233067,40.68196893000523,5574.142857142857,39.60770618945424
2024-03-14,5738,230284,40.13314743813175,5593.571428571428,40.26816876638077
2024-03-15,5709,237039,41.52023121387283,5610.285714285715,40.3700915647416
2024-03-16,5283,206647,39.11546469808821,5608.714285714285,40.29929000430714
2024-03-17,5276,221536,41.98938589840788,5609.428571428572,40.71098441248269
2024-03-18,5805,225891,38.91317829457364,5604.142857142857,40.83148774410899
2024-03-19,5721,227362,39.74165355707044,5608.714285714285,41.822961419704484
2024-03-20,5734,249795,43.56382978723404,5579.142857142857,43.25372527179568
2024-03-21,5701,233608,40.976670759515876,5509.285714285715,44.17511384514378
2024-03-22,5741,278212,48.46054694304128,5471.142857142857,45.07128106911971
2024-03-23,5076,249388,49.13081166272656,5467.0,45.61089827505173
2024-03-24,4787,231878,48.43910591184458,5452.428571428572,45.47708411713517
2024-03-25,5538,250242,45.186348862405204,5442.428571428572,45.81296373641533
2024-03-26,5692,247710,43.51897399859452,5426.142857142857,44.69918837658154
2024-03-27,5632,240076,42.62713068181818,5435.571428571428,43.31246743504295
2024-03-28,5631,243979,43.327828094477,5481.428571428572,41.7319507945434
2024-03-29,5627,228817,40.66411942420473,5501.714285714285,40.677034759873834
2024-03-30,5142,202717,39.42376507195644,5500.428571428572,40.19559062237069
2024-03-31,5108,190914,37.37548942834769,5513.571428571428,39.917570855406346
2024-04-01,5680,214715,37.80193661971831,5516.285714285715,39.627350154172596
2024-04-02,5683,228166,40.1488650360725,5511.714285714285,39.61893069346979
2024-04-03,5724,232858,40.68099231306778,5502.0,39.61101403219643
2024-04-04,5650,233324,41.29628318584071,5493.0,39.80839916129132
2024-04-05,5595,227186,40.60518319928508,5493.428571428572,39.871006792827494
2024-04-06,5074,199755,39.36834844304296,5488.428571428572,39.70493562417773
2024-04-07,5045,195530,38.75718533201189,5481.285714285715,39.35930013436589
2024-04-08,5683,217319,38.24019004047158,5474.571428571428,39.23604793043775
2024-04-09,5648,220195,38.98636685552408,5489.428571428572,38.78002960509933
2024-04-10,5674,217096,38.26154388438491,5503.142857142857,39.21334374020483
2024-04-11,5603,226549,40.43351775834375,5506.285714285715,39.42435453618712
2024-04-12,5699,213217,37.41305492191613,5513.142857142857,39.50605234205638
2024-04-13,5170,219216,42.40154738878143,5515.285714285715,39.59962224435872
2024-04-14,5067,203867,40.2342609038879,5526.285714285715,39.92713947417968
2024-04-15,5731,222432,38.812074681556446,5542.428571428572,40.01596313941279
2024-04-16,5663,224489,39.641356171640474,5531.142857142857,40.6612765948991
2024-04-17,5751,233227,40.55416449313163,5532.0,40.14983893525203
2024-04-18,5716,234672,41.055283414975506,5530.428571428572,39.72272480974182
2024-04-19,5620,235648,41.93024911032028,5519.428571428572,39.92858487721566
2024-04-20,5176,200940,38.821483771251934,5523.428571428572,40.00452036500827
2024-04-21,5056,188308,37.24446202531646,5512.428571428572,40.08027117486706
2024-04-22,5654,227591,40.25309515387337,5502.285714285715,40.03669089199885
2024-04-23,5691,228624,40.17290458618872,5497.571428571428,39.741789417162906
2024-04-24,5674,233113,41.08442016214311,5521.142857142857,39.59316703980562
2024-04-25,5645,230035,40.75022143489814,5520.428571428572,39.649116987768586
2024-04-26,5587,222731,39.86593878646859,5472.714285714285,39.08642992497035
2024-04-27,5341,201789,37.781127129750985,5420.428571428572,38.78215851191992
2024-04-28,5051,190100,37.636111661057214,5386.571428571428,38.38548512529462
2024-04-29,5320,193192,36.31428571428572,5377.714285714285,38.11833519896121
2024-04-30,5325,202579,38.04300469483568,5383.714285714285,38.13131975777572
2024-05-01,5437,208279,38.307706455766045,5355.571428571428,38.166030989850846
2024-05-02,5583,217068,38.88017195056421,5371.571428571428,38.183400611442984
2024-05-03,5629,224917,39.95683069817019,5401.285714285715,38.895712699809444
2024-05-04,5144,195596,38.024105754276825,5459.714285714285,39.423726329781346
2024-05-05,5163,194943,37.75769901220221,5498.142857142857,40.059578990223955
2024-05-06,5528,228309,41.30047033285094,5497.857142857143,40.33765922018534
2024-05-07,5734,239332,41.73910010463899,5456.714285714285,40.36902218702068
2024-05-08,5706,243981,42.75867507886435,5444.285714285715,41.06692600353024
2024-05-09,5581,227854,40.82673356029385,5443.571428571428,41.52789616070803
2024-05-10,5341,214582,40.1763714660176,5462.857142857143,41.341559703632406
2024-05-11,5057,216993,42.90943246984378,5451.428571428572,41.38926620745703
2024-05-12,5158,211398,40.984490112446686,5452.857142857143,41.24072110221889
2024-05-13,5663,226498,39.99611513332156,5464.714285714285,41.02140060974752
2024-05-14,5654,237881,42.07304563141139,5501.0,40.88534039393319
2024-05-15,5716,238465,41.71885934219734,5512.428571428572,40.19216887643862
2024-05-16,5664,222547,39.29149011299435,5498.142857142857,40.20319664041209
2024-05-17,5595,219458,39.223949955317245,5500.285714285715,40.461236651306265
2024-05-18,5137,195500,38.05723184738174,5488.285714285715,40.307944418247494
2024-05-19,5058,207690,41.06168446026097,5473.714285714285,40.50824274520827
2024-05-20,5678,237354,41.80239520958084,5475.857142857143,40.751485460180845
2024-05-21,5570,228370,41.0,5471.142857142857,40.86306891804609
2024-05-22,5614,242081,43.12094763092269,5472.285714285715,41.13119448087327
2024-05-23,5679,232806,40.99418911780243,5470.857142857143,41.204706390670715
2024-05-24,5562,222508,40.00503416037397,5454.428571428572,41.12315418217843
2024-05-25,5145,205461,39.93411078717201,5459.428571428572,41.112041655098025
2024-05-26,5048,209877,41.57626782884311,5462.428571428572,41.006666071367526
2024-05-27,5563,229371,41.23152975013482,5461.142857142857,41.100239961568086
2024-05-28,5605,229369,40.92221231043711,5478.0,41.64167371330541
2024-05-29,5635,238830,42.38331854480923,5501.142857142857,41.81749739772432
2024-05-30,5670,236151,41.64920634920635,5492.142857142857,41.787960354400546
2024-05-31,5680,248756,43.79507042253521,5502.0,41.8921360962644
2024-06-01,5307,218462,41.16487657810439,5503.142857142857,42.0813810200769
2024-06-02,4985,206227,41.36950852557673,5511.571428571428,42.06786765276936
2024-06-03,5632,236323,41.96075994318182,5510.714285714285,42.2889354301628
2024-06-04,5613,237132,42.246926777124536,5508.0,42.24563430562721
2024-06-05,5694,240792,42.28872497365648,5480.428571428572,41.79616285972448
2024-06-06,5664,244666,43.19668079096045,5493.714285714285,41.74430430199988
2024-06-07,5661,246208,43.49196255078608,5500.714285714285,41.43661005206361
2024-06-08,5114,194427,38.0185764567853,5508.571428571428,41.378247793450285
2024-06-09,5078,208231,41.00649862150453,5489.0,41.12172591168961
2024-06-10,5681,226143,39.80690019362788,5480.142857142857,40.81936436247349
2024-06-11,5668,237140,41.838390966831334,5473.142857142857,40.66513124377348
2024-06-12,5557,225020,40.49307180133165,5471.571428571428,40.60304463760412
2024-06-13,5602,230131,41.0801499464477,5484.142857142857,40.287531892769984
2024-06-14,5612,238018,42.41233071988596,5461.857142857143,40.615544211585906
2024-06-15,5103,191791,37.58397021359984,5454.142857142857,40.65267773268645
2024-06-16,5166,200430,38.79790940766551,5472.428571428572,40.97407204879222
2024-06-17,5525,232619,42.10298642533937,5471.857142857143,41.34773408624911
2024-06-18,5614,236340,42.09832561453509,5467.0,41.19209763807199
2024-06-19,5685,242993,42.74283201407212,5475.571428571428,41.414918306763624
2024-06-20,5598,244609,43.69578420864595,5457.142857142857,41.821564278390404
2024-06-21,5578,230499,41.32287558264611,5458.285714285715,41.63234055859483
2024-06-22,5163,202099,39.14371489444122,5468.714285714285,41.54175356143686
2024-06-23,5037,209763,41.64443120905301,5466.142857142857,41.57566848180928
2024-06-24,5533,225627,40.778420386770286,5468.714285714285,41.44678864573491
2024-06-25,5687,235807,41.4642166344294,5474.571428571428,41.730768054910705
2024-06-26,5667,243569,42.980236456679016,5468.285714285715,42.01141225035501
2024-06-27,5616,240329,42.793625356125354,5467.714285714285,41.83397129565136
2024-06-28,5619,243363,43.310731446876666,5488.285714285715,41.94680522363911
2024-06-29,5119,210433,41.10822426255128,5476.0,42.04334213364398
2024-06-30,5033,203345,40.40234452612756,5463.571428571428,41.96516191274616
2024-07-01,5677,235983,41.56825788268451,5461.714285714285,41.80385335686104
2024-07-02,5601,236026,42.13997500446349,5445.857142857143,42.078479645651456
2024-07-03,5580,236776,42.432974910394265,5435.857142857143,41.84659711441128
2024-07-04,5603,233446,41.6644654649295,5429.0,41.57146636608786
2024-07-05,5508,249144,45.233115468409586,5418.714285714285,41.495027333783874
2024-07-06,5049,199360,39.48504654387008,5420.0,41.3327339858073
2024-07-07,4985,191805,38.47642928786359,5422.428571428572,41.02225233559988
2024-07-08,5605,229991,41.03318465655665,5415.714285714285,40.65524189326859
2024-07-09,5610,230032,41.003921568627455,5423.142857142857,39.818496723578015
2024-07-10,5597,225333,40.25960335894229,5425.571428571428,39.54275802324397
2024-07-11,5556,217214,39.09539236861051,5453.428571428572,40.25067573667108
2024-07-12,5560,218930,39.37589928057554,5457.285714285715,40.12283746592921
2024-07-13,5066,190253,37.55487564153178,5450.714285714285,40.22128104177796
2024-07-14,5180,224977,43.43185328185328,5455.285714285715,40.41359362438623
2024-07-15,5632,226059,40.13831676136363,5461.857142857143,40.914374262705294
2024-07-16,5564,231980,41.693026599568654,5472.0,41.74975775589552
2024-07-17,5629,234199,41.60579143720021,5468.142857142857,42.131068720154914
2024-07-18,5602,238650,42.60085683684398,5452.0,41.54508657859043
2024-07-19,5631,254654,45.22358373290712,5456.857142857143,41.65179570143128
2024-07-20,5039,202689,40.22405239134749,5465.714285714285,41.61548551786586
2024-07-21,5067,199285,39.32997829090191,5462.714285714285,41.95962963902393
2024-07-22,5666,231656,40.88528062124956,5465.857142857143,41.773000426201065
2024-07-23,5626,233135,41.438855314610734,5457.857142857143,41.20458327537576
2024-07-24,5608,246835,44.014800285306706,5476.428571428572,41.49305778520427
2024-07-25,5624,232240,41.294452347083926,5476.285714285715,41.58623724429544
2024-07-26,5575,229939,41.24466367713004,5462.0,41.722306441516444
2024-07-27,5169,218356,42.24337396014703,5457.142857142857,42.16824760952934
2024-07-28,5066,202550,39.982234504540074,5463.0,42.150150681838035
2024-07-29,5566,232869,41.83776500179662,5479.857142857143,42.37628529454252
2024-07-30,5592,249182,44.560443490701005,5479.714285714285,42.57660936711613
2024-07-31,5649,247924,43.88812179146752,5465.571428571428,42.70309835054962
2024-08-01,5742,246202,42.877394636015325,5470.857142857143,42.899051916332546
2024-08-02,5574,237714,42.64693218514532,5465.571428571428,43.136888706893146
2024-08-03,5070,218663,43.12879684418146,5471.142857142857,42.91447560350787
2024-08-04,5103,211029,41.35390946502058,5470.142857142857,43.31223771553856
2024-08-05,5529,240526,43.50262253572075,5443.142857142857,43.728353266623095
2024-08-06,5631,242153,43.00355176700408,5448.857142857143,44.321643579427665
2024-08-07,5642,263326,46.67245657568238,5450.714285714285,44.43716381891013
2024-08-08,5553,254273,45.79020349360706,5430.428571428572,44.618874163714835
2024-08-09,5614,262735,46.79996437477734,5437.857142857143,44.64736019100493
2024-08-10,5083,223334,43.93743852055872,5435.0,44.535158929079124
2024-08-11,4961,211467,42.625881878653495,5433.428571428572,43.848409481438075
2024-08-12,5581,243901,43.702024726751475,5443.142857142857,43.332798790977165
2024-08-13,5611,236886,42.21814293352344,5442.571428571428,42.86797067428501
2024-08-14,5631,235743,41.86521044219499,5445.571428571428,42.43708492056435
2024-08-15,5621,237099,42.180928660380715,5456.285714285715,42.359247035028815
2024-08-16,5610,244294,43.546167557932264,5462.142857142857,42.24576980237656
2024-08-17,5104,208862,40.92123824451411,5465.571428571428,42.21103192861805
2024-08-18,5036,211920,42.081016679904685,5464.857142857143,42.26037746851472
2024-08-19,5622,241227,42.9076840981857,5469.285714285715,42.11335975573361
2024-08-20,5635,236529,41.97497781721384,5471.714285714285,41.97897490594091
2024-08-21,5626,237477,42.21062922147174,5491.857142857143,42.243937602591416
2024-08-22,5652,232590,41.15180467091295,5513.857142857143,42.58138663730914
2024-08-23,5627,239741,42.60547360938333,5519.571428571428,42.7809802346264
2024-08-24,5245,224360,42.77597712106768,5526.428571428572,42.91592407879256
2024-08-25,5190,230660,44.44315992292871,5538.428571428572,43.07209888853477
2024-08-26,5662,250854,44.30483927940657,5541.0,43.32738403632826
2024-08-27,5683,243912,42.91958472637691,5534.857142857143,43.25158162549127
2024-08-28,5710,247265,43.30385288966725,5532.714285714285,42.953128734390916
2024-08-29,5670,243463,42.93880070546737,5535.571428571428,42.251788915403836
2024-08-30,5584,234946,42.074856733524356,5529.857142857143,41.533239176398304
2024-08-31,5230,212792,40.6868068833652,5517.428571428572,41.2492098664625
2024-09-01,5210,205971,39.53378119001919,5504.571428571428,40.96248761837074
2024-09-02,5622,220804,39.27499110636784,5497.285714285715,40.63403260187006
2024-09-03,5596,229052,40.93137955682631,5508.285714285715,40.378556185071375
2024-09-04,5620,232088,41.29679715302491,5495.142857142857,39.84680915268717
2024-09-05,5619,228354,40.639615589962624,5481.0,39.49316978487578
2024-09-06,5661,228062,40.28652181593358,5475.142857142857,39.3967783198378
2024-09-07,5138,189924,36.96457765667575,5474.571428571428,39.35742939071015
2024-09-08,5111,189405,37.058305615339464,5483.428571428572,39.459320037276065
2024-09-09,5581,215428,38.600250851101954,5490.571428571428,39.61495391627971
2024-09-10,5592,227348,40.655937052932764,5482.571428571428,39.435956725549296
2024-09-11,5682,238701,42.01003167898627,5487.714285714285,39.817984314161585
2024-09-12,5669,236562,41.72905274298818,5478.571428571428,40.448705012720325
2024-09-13,5605,218783,39.033541480820695,5476.285714285715,40.81401380526602
2024-09-14,5174,205091,39.638770776961735,5487.857142857143,41.175522432566076
2024-09-15,5047,209316,41.47335050525064,5481.285714285715,41.4852776149962
2024-09-16,5565,229041,41.157412398921835,5475.857142857143,41.62584396972217
2024-09-17,5673,244997,43.18649744403314,5472.857142857143,42.205630716833745
2024-09-18,5636,248989,44.17831795599716,5456.857142857143,42.041227666854056
2024-09-19,5631,240517,42.71301722606997,5440.428571428572,41.905189991848374
2024-09-20,5584,240626,43.092048710601716,5440.714285714285,41.989890270921535
2024-09-21,5062,194826,38.48794942710391,5430.285714285715,41.62704879932496
2024-09-22,4932,199850,40.521086780210865,5427.285714285715,41.4409591078627
2024-09-23,5567,232424,41.75031435243399,5414.142857142857,41.2547624654775
2024-09-24,5600,227621,40.64660714285714,5412.857142857143,41.10106172078552
2024-09-25,5615,240747,42.87569011576135,5432.714285714285,41.46440324932763
2024-09-26,5539,229368,41.409640729373535,5449.857142857143,41.35962069040824
2024-09-27,5575,234240,42.016143497757845,5466.285714285715,40.90652856614289
2024-09-28,5201,213404,41.03134012689868,5471.857142857143,41.71966114591714
2024-09-29,5052,201007,39.78760886777514,5472.285714285715,41.590951715251734
2024-09-30,5682,219204,38.57866948257656,5477.142857142857,41.472602332134194
2024-10-01,5639,261303,46.33853520127682,5466.714285714285,41.08183997235168
2024-10-02,5618,235814,41.9747241011036,5455.857142857143,40.657794867115285
2024-10-03,5573,226159,40.58119504755069,5444.857142857143,40.45723911357095
2024-10-04,5502,216123,39.280806979280264,5435.142857142857,40.50241570079715
2024-10-05,5125,195073,38.0630243902439,5434.571428571428,39.723010304442866
2024-10-06,4975,190959,38.383718592964826,5430.571428571428,39.34859916912037
2024-10-07,5614,218356,38.894905593159955,5434.714285714285,39.5678103014614
2024-10-08,5635,230374,40.8826974267968,5445.571428571428,39.43772421503961
2024-10-09,5590,219988,39.353846153846156,5436.0,39.36974767530471
2024-10-10,5602,235932,42.115672973937876,5445.714285714285,39.2650454610807
2024-10-11,5578,214029,38.37020437432771,5449.571428571428,39.30034410491247
2024-10-12,5058,190116,37.587188612099645,5446.0,39.08613650205201
2024-10-13,5043,189873,37.65080309339679,5449.571428571428,39.0783805892204
2024-10-14,5641,220800,39.14199609998227,5452.571428571428,38.82403163638759
2024-10-15,5610,220940,39.38324420677362,5453.714285714285,38.922288461230444
2024-10-16,5615,220667,39.29955476402493,5459.142857142857,38.95160240025097
2024-10-17,5623,226805,40.33523030410813,5461.428571428572,38.79794660013535
2024-10-18,5586,218178,39.058002148227715,5458.0,39.06805540011499
2024-10-19,5096,192590,37.79238618524333,5456.428571428572,39.35933740675584
2024-10-20,5059,185034,36.57521249258747,5461.857142857143,39.625052625450515
2024-10-21,5617,230481,41.03275769983977,5458.142857142857,39.32067313612988
2024-10-22,5599,231923,41.42221825325951,5451.428571428572,39.54040661305884
2024-10-23,5653,232675,41.15956129488767,5445.857142857143,39.83818064795317
2024-10-24,5597,213831,38.20457387886368,5436.0,40.22614771528752
2024-10-25,5539,224862,40.59613648673046,5437.857142857143,40.04879613319927
2024-10-26,5057,201657,39.87680442950366,5436.857142857143,39.99065070932262
2024-10-27,4990,196062,39.290981963927855,5424.714285714285,39.922751558821425
2024-10-28,5630,224025,39.791296625222024,5427.714285714285,40.15287168160391
2024-10-29,5592,229357,41.01520028612303,5439.428571428572,39.84161839185089
2024-10-30,5568,226530,40.68426724137931,5466.285714285715,39.92809968743182
2024-10-31,5618,223683,39.81541473834105,5470.142857142857,40.12964709729467
2024-11-01,5621,215944,38.41736345845935,5444.142857142857,39.97042788148259
2024-11-02,5245,212329,40.48217349857007,5452.428571428572,40.19518435135377
2024-11-03,5017,204201,40.70181383296791,5486.714285714285,41.35645884619017
2024-11-04,5448,210711,38.676762114537446,5499.428571428572,41.7841398416666
2024-11-05,5650,240625,42.58849557522124,5492.142857142857,42.27819692133783
2024-11-06,5808,283507,48.81318870523416,5484.714285714285,41.930092963315374
2024-11-07,5707,244312,42.809181706676014,5496.428571428572,42.02485807876369
2024-11-08,5570,233248,41.87576301615799,5529.571428571428,41.953580191173835
2024-11-09,5193,197570,38.04544579241286,5532.714285714285,41.47959905822363
2024-11-10,5099,210921,41.3651696411061,5514.571428571428,40.41633743339814
2024-11-11,5680,216850,38.17781690140845,5511.142857142857,40.04979110125365
2024-11-12,5672,222743,39.270627644569814,5513.142857142857,39.701570146427976
2024-11-13,5681,235025,41.37035733145573,5504.428571428572,39.37612677133993
2024-11-14,5683,228703,40.243357381664616,5508.142857142857,38.7147331989171
2024-11-15,5584,220223,39.438216332378225,5507.714285714285,38.75282005190043
2024-11-16,5132,183558,35.767342166796574,5504.428571428572,39.09066048979905
2024-11-17,5125,188269,36.735414634146345,5498.857142857143,39.054894143921864
2024-11-18,5677,218249,38.444424872291705,5502.142857142857,39.31528177549319
2024-11-19,5649,235199,41.63551070986015,5501.857142857143,39.480887457856525
2024-11-20,5642,231999,41.11999291031549,5500.0,39.83675985057185
2024-11-21,5706,240029,42.066070802663866,5491.714285714285,39.637336524534476
2024-11-22,5582,226615,40.597456108921534,5482.142857142857,39.48762367672301
2024-11-23,5119,195845,38.25844891580387,5481.0,39.08764606600755
2024-11-24,5067,179065,35.33945135188475,5486.428571428572,38.97140965427234
2024-11-25,5610,209794,37.39643493761141,5469.285714285715,38.80448541756628
2024-11-26,5641,219072,38.83566743485198,5462.857142857143,38.567298842187704
2024-11-27,5680,228940,40.306338028169016,5465.571428571428,38.43475948475567
2024-11-28,5586,228454,40.897601145721445,5468.142857142857,38.77682690646283
2024-11-29,5537,215595,38.93715008127145,5464.857142857143,39.28034573853639
2024-11-30,5138,191805,37.33067341377968,5466.857142857143,39.467040210076426
2024-12-01,5085,191877,37.73392330383481,5464.857142857143,39.510212231971295
2024-12-02,5587,228626,40.921066762126365,5477.0,39.18040655150712
2024-12-03,5655,227006,40.14252873563218,5488.0,39.15925635159216
2024-12-04,5666,230088,40.60854218143311,5478.142857142857,39.292131713471115
2024-12-05,5671,218838,38.58896138247223,5477.714285714285,39.69824859012011
2024-12-06,5614,217762,38.78909868186676,5483.285714285715,39.331585606936855
2024-12-07,5069,193944,38.260800946932335,5478.0,39.282769901378664
2024-12-08,5082,206211,40.5767414403778,5476.0,39.28687766577407
2024-12-09,5626,215782,38.35442587984358,5462.142857142857,39.66788461779878
2024-12-10,5618,223601,39.80081879672481,5461.714285714285,39.905106587298626
2024-12-11,5652,229682,40.63729653220099,5469.142857142857,39.603838373801246
2024-12-12,5574,229961,41.25601004664514,5460.285714285715,39.01945470758905
2024-12-13,5611,226963,40.44965246836571,5456.714285714285,39.05936749476981
2024-12-14,5121,185134,36.151923452450696,5455.285714285715,39.274060998641
2024-12-15,5020,183160,36.48605577689243,5451.571428571428,39.4805911319465
2024-12-16,5601,216388,38.63381539010891,5458.714285714285,40.1106256650106
2024-12-17,5608,231631,41.30367332382311,5458.857142857143,40.299546099475826
2024-12-18,5626,236759,42.08300746533949,5454.285714285715,40.81437813356836
2024-12-19,5624,256827,45.66625177809388,5452.428571428572,40.99539096489307
2024-12-20,5612,234425,41.77209550962224,5435.857142857143,41.30231953854205
2024-12-21,5089,202317,39.75574769109845,5435.571428571428,41.00038812186215
2024-12-22,5007,189030,37.75314559616537,5411.0,40.72012926293917
2024-12-23,5485,223691,40.78231540565178,5381.285714285715,39.80884999436573
2024-12-24,5606,219700,39.19015340706386,5359.857142857143,39.53236347259043
2024-12-25,5454,218821,40.121195452878624,5383.571428571428,39.39656208298265
2024-12-26,5416,212780,39.28729689807977,5397.714285714285,39.31622070829683
2024-12-27,5462,217588,39.83668985719517,5372.0,38.689287000824564
2024-12-28,5255,203921,38.80513796384396,5398.714285714285,38.23216982277419
2024-12-29,5106,189896,37.190755973364666,5305.428571428572,37.747156005138855
2024-12-30,5305,193069,36.3937794533459,5229.857142857143,37.48658071966089
2024-12-31,5793,208492,35.9903331607112,5153.428571428572,37.5468790487977
2025-01-01,4801,176322,36.72609872943137,5109.285714285715,37.502796893833455
2025-01-02,4887,183083,37.46326989973399,5074.714285714285,37.93539683936782
2025-01-03,4927,198355,40.25877816115283,5074.428571428572,38.67052756210985
2025-01-04,4946,190404,38.49656287909422,4990.714285714285,39.65185311924933
2025-01-05,4864,195625,40.21895559210526,5050.0,40.66501780557946
2025-01-06,5303,220285,41.53969451254007,5134.0,41.39027800907474
2025-01-07,5207,223170,42.85961206068754,5211.428571428572,41.943388847740856
2025-01-08,5216,228556,43.818251533742334,5221.285714285715,42.163577913724126
2025-01-09,5475,232907,42.540091324200915,5232.571428571428,42.25038761599353
2025-01-10,5469,241350,44.13055403181569,5279.142857142857,42.08887858340495
2025-01-11,5015,200790,40.03788634097707,5330.857142857143,42.269696386909835
2025-01-12,4943,201806,40.8266235079911,5389.571428571428,42.228052745782406
2025-01-13,5629,227463,40.40913128441997,5415.0,42.44103355860726
2025-01-14,5569,245734,44.12533668522176,5419.0,42.3728754590493
2025-01-15,5627,244925,43.526746045850366,5421.571428571428,42.4857396424634
2025-01-16,5653,248907,44.03095701397488,5433.428571428572,42.649612937012805
2025-01-17,5497,239963,43.65344733490995,5439.571428571428,43.440525876635256
2025-01-18,5033,205487,40.82793562487582,5456.714285714285,43.65155868676441
2025-01-19,5026,210960,41.973736569836845,5466.714285714285,43.78576786394514
2025-01-20,5672,260603,45.94552186177715,5458.714285714285,43.94191614728015
2025-01-21,5689,259433,45.602566356125855,5465.857142857143,43.96894047531474
2025-01-22,5697,253324,44.4662102861155,5476.285714285715,44.49925664954628
2025-01-23,5597,252559,45.12399499731999,5463.142857142857,44.44805460439095
2025-01-24,5547,243195,43.842617631151974,5459.857142857143,43.932331138867866
2025-01-25,5106,227422,44.54014884449667,5454.285714285715,43.69424011706986
2025-01-26,4934,205330,41.61532225374949,5445.428571428572,43.4751478376362
2025-01-27,5649,239153,42.33545760311559,5450.0,43.08865523961284
2025-01-28,5650,248238,43.93592920353982,5447.857142857143,42.96515661510265
2025-01-29,5635,241925,42.932564330079856,5445.428571428572,42.47926779412621
2025-01-30,5629,238774,42.41854681115651,5459.571428571428,42.38773145104424
2025-01-31,5532,237755,42.978127259580624,5446.571428571428,42.2773507036501
2025-02-01,5089,209356,41.13892709766162,5433.714285714285,42.03732587395633
2025-02-02,5033,206225,40.97456785217564,5422.857142857143,42.09244562542977
2025-02-03,5558,231006,41.5627923713566,5415.285714285715,42.03449786413113
2025-02-04,5560,234942,42.25575539568345,5420.285714285715,42.064849311330555
2025-02-05,5559,240807,43.31840259039396,5420.142857142857,41.917026392617
2025-02-06,5576,234264,42.012912482066,5416.714285714285,41.66032815311816
2025-02-07,5567,240442,43.19058738997665,5428.0,41.43476590883074
2025-02-08,5088,204050,40.104166666666664,5434.285714285715,41.71945405919757
2025-02-09,5009,196241,39.17768017568377,5448.571428571428,41.82858893262197
2025-02-10,5637,225389,39.98385666134469,5455.0,42.10656232165562
2025-02-11,5604,247969,44.24857244825125,5479.142857142857,42.00312515118077
2025-02-12,5659,249462,44.08234670436473,5482.428571428572,42.05325803450432
2025-02-13,5621,247092,43.958726205301545,5486.857142857143,42.18564159217308
2025-02-14,5736,243588,42.46652719665272,5476.571428571428,42.30877951232753
2025-02-15,5111,206766,40.45509684993152,5475.285714285715,42.30452155629623
2025-02-16,5040,202126,40.10436507936508,5468.571428571428,42.749610404048624
2025-02-17,5565,227307,40.84582210242588,5471.571428571428,42.74636603147783
2025-02-18,5595,247404,44.218766756032174,5449.571428571428,43.25114786052744
2025-02-19,5612,264875,47.1979686386315,5454.285714285715,43.52861347383428
2025-02-20,5642,247887,43.93601559730592,5477.571428571428,43.5562894984372
2025-02-21,5582,256772,46.0,5490.714285714285,43.70793939784317
2025-02-22,5144,218092,42.397356143079314,5494.714285714285,43.52755461419516
2025-02-23,5203,209671,40.298097251585624,5499.714285714285,42.76864523368081
2025-02-24,5657,237070,41.907371398267635,5496.0,42.78587499572624
2025-02-25,5623,241542,42.95607327049618,5506.0,43.08837221542091
2025-02-26,5647,236528,41.88560297503099,5524.0,42.85833516272294
2025-02-27,5616,247422,44.05662393162393,5499.571428571428,43.27472667504469
2025-02-28,5652,271960,48.117480537862704,5503.0,43.55426053695134
2025-03-01,5270,214948,40.78709677419355,5492.714285714285,43.74974236198867
2025-03-02,5032,217447,43.21283783783784,5488.857142857143,44.07371062025826
2025-03-03,5681,249192,43.864108431614156,5478.857142857143,43.7943320121292
2025-03-04,5551,246045,44.32444604575752,5454.571428571428,43.189286191819534
2025-03-05,5620,248142,44.15338078291815,5473.571428571428,42.55517593902432
2025-03-06,5546,233492,42.10097367472052,5453.428571428572,42.065296864781104
2025-03-07,5482,240562,43.882159795695,5443.142857142857,41.665638555611565
2025-03-08,5403,196390,36.34832500462706,5447.714285714285,41.84515335120369
2025-03-09,4891,194582,39.78368431813535,5439.285714285715,41.76294946871061
2025-03-10,5609,230342,41.06650026742735,5448.285714285715,41.96284857622896
2025-03-11,5583,254479,45.58104961490238,5467.428571428572,41.84061593956272
2025-03-12,5561,242337,43.57795360546664,5422.571428571428,42.422385415784625
2025-03-13,5609,243993,43.5002674273489,5426.857142857143,42.5564025862336
2025-03-14,5616,241637,43.02653133903134,5422.428571428572,42.32024680864538
2025-03-15,5089,205701,40.42071133818039,5427.571428571428,42.30021483076074
2025-03-16,4921,200392,40.721804511278194,5433.285714285715,42.55136594805565
2025-03-17,5578,219848,39.41340982430979,5428.857142857143,42.76108034364669
2025-03-18,5619,255332,45.44082576970991,5423.142857142857,42.82664350345302
2025-03-19,5601,253927,45.33601142653097,5412.714285714285,42.921844914016006
2025-03-20,5578,250833,44.96826819648619,5405.857142857143,43.02822252289705
2025-03-21,5576,242475,43.48547345767575,5401.142857142857,43.256655925555876
2025-03-22,5016,206093,41.08712121212121,5392.142857142857,43.022720206731734
2025-03-23,4873,202066,41.466447773445516,5387.0,43.11526535912181
2025-03-24,5545,227414,41.01244364292155,5391.857142857143,42.96378075677275
2025-03-25,5556,243371,43.803275737940965,5394.0,43.13006120489434
2025-03-26,5565,255900,45.98382749326146,5391.142857142857,43.096855852733825
2025-03-27,5612,246411,43.90787598004277,5405.0,43.19084132459286
2025-03-28,5591,249635,44.64943659452692,5398.142857142857,43.36833027427606
2025-03-29,4996,204110,40.8546837469976,5414.714285714285,43.48451050836832
2025-03-30,4970,209358,42.12434607645875,5423.285714285715,43.13972245377541
2025-03-31,5497,232275,42.25486629070402,5414.285714285715,43.29998804054118
2025-04-01,5672,253065,44.61653737658674,5404.0,43.30264792806754
2025-04-02,5625,245083,43.57031111111111,5408.142857142857,44.01250476307358
2025-04-03,5549,249870,45.02973508740313,5405.0,44.38759818072232
2025-04-04,5519,246523,44.66805580721145,5410.142857142857,44.67909142421035
2025-04-05,5025,230264,45.823681592039804,5391.857142857143,44.77602805542564
2025-04-06,4948,221423,44.75,5388.142857142857,44.67373499515694
2025-04-07,5533,245086,44.29531899512019,5393.714285714285,44.27269297479677
2025-04-08,5544,251116,45.2950937950938,5391.857142857143,43.95894912978337
2025-04-09,5599,239941,42.85425968923022,5405.142857142857,43.268065347389026
2025-04-10,5588,235939,42.22244094488189,5395.285714285715,42.59827792022304
2025-04-11,5506,233850,42.47184889211769,5387.428571428572,42.50995691007157
2025-04-12,5118,209774,40.98749511527941,5382.857142857143,42.11086513631672
2025-04-13,4879,195460,40.06148800983808,5367.285714285715,42.213131967077224
2025-04-14,5478,239263,43.677071924059874,5351.571428571428,42.455438035609454
2025-04-15,5512,234268,42.50145137880987,5344.714285714285,42.50785516241733
2025-04-16,5490,239200,43.57012750455373,5331.714285714285,42.84414951734332
2025-04-17,5478,240586,43.91858342460752,5362.285714285715,42.761061849841546
2025-04-18,5458,233814,42.83876877977281,5357.428571428572,42.871905253993376
2025-04-19,5027,217878,43.341555599761286,5355.571428571428,43.04485926817581
2025-04-20,5093,201071,39.47987433732574,5363.428571428572,43.459947326587496
2025-04-21,5444,242002,44.4529757531227,5369.857142857143,43.511644482529995
2025-04-22,5499,240373,43.71212947808692,5370.571428571428,43.85368067813422
2025-04-23,5545,257708,46.47574391343553,5385.571428571428,44.24949229883417
2025-04-24,5523,244561,44.28046351620496,5358.857142857143,44.63682374432598
2025-04-25,5463,247108,45.23302214900238,5368.714285714285,44.72017853360417
2025-04-26,5132,236648,46.11223694466095,5374.714285714285,45.05841275027266
2025-04-27,4906,206990,42.191194455768446,5377.0,45.069648861387954
2025-04-28,5513,248286,45.03645927807002,5354.142857142857,44.68718366766888
2025-04-29,5541,255328,46.07976899476629,5312.857142857143,44.362327060486315
2025-04-30,5561,258889,46.55439669124258,5288.428571428572,43.90352533610866
2025-05-01,5363,223118,41.60320716017154,5285.142857142857,43.90061136262874
2025-05-02,5174,222270,42.95902589872439,5287.571428571428,43.74892911494784
2025-05-03,4961,212830,42.90062487401733,5294.428571428572,44.09900889124953
2025-05-04,4883,205920,42.17079664140897,5298.714285714285,44.130267498175535
2025-05-05,5530,243180,43.9746835443038,5312.0,44.81687468643758
2025-05-06,5589,271236,48.53032742887815,5344.857142857143,45.20638573759793
2025-05-07,5591,261509,46.77320693972456,5355.142857142857,45.65077150607088
2025-05-08,5456,253210,46.40945747800586,5366.571428571428,45.99412190671241
2025-05-09,5404,246885,45.68560325684678,5374.428571428572,45.7707785739349
2025-05-10,5033,231575,46.01132525332803,5369.0,45.24886881359049
2025-05-11,4963,221222,44.57424944589966,5372.857142857143,45.263951034325565
2025-05-12,5585,236867,42.411280214861236,5398.285714285715,45.5464987438675
2025-05-13,5551,249112,44.876959106467304,5409.142857142857,45.699024660251226
2025-05-14,5618,263365,46.87878248487006,5411.285714285715,45.38166644543348
2025-05-15,5634,272614,48.38729144479943,5403.142857142857,45.17832162621551
2025-05-16,5480,256208,46.753284671532846,5396.0,45.34973894485643
2025-05-17,5048,221051,43.789817749603806,5394.142857142857,45.11335655999301
2025-05-18,4906,211698,43.15083571137383,5383.285714285715,44.9256416419348
2025-05-19,5535,241388,43.61120144534779,5367.0,44.43801615603178
2025-05-20,5538,239365,43.222282412423255,5371.714285714285,44.29570685090466
2025-05-21,5542,252520,45.56477805846265,5370.571428571428,44.279672795972594
2025-05-22,5520,248256,44.97391304347826,5369.571428571428,44.17784606311107
2025-05-23,5513,252259,45.75711953564303,5357.571428571428,44.15054677127495
2025-05-24,5040,220135,43.67757936507937,5348.142857142857,44.19716515680178
2025-05-25,4899,207904,42.43804858134313,5341.428571428572,44.284739433904285
2025-05-26,5451,236683,43.42010640249495,5340.0,44.319552478509806
2025-05-27,5472,238298,43.548611111111114,5326.428571428572,44.48189299308782
2025-05-28,5495,253747,46.17779799818016,5323.285714285715,44.396511986028436
2025-05-29,5510,249149,45.21760435571688,5353.857142857143,45.100215643472836
2025-05-30,5418,254069,46.89350313768919,5362.142857142857,45.30418405434999
2025-05-31,5018,216175,43.07991231566361,5369.857142857143,45.5735438340925
2025-06-01,5113,242172,47.36397418345394,5379.714285714285,45.38389948619596
2025-06-02,5509,247067,44.84788527863496,5379.0,45.80969650246113
2025-06-03,5526,251069,45.43412956930872,5395.857142857143,45.66651851499604
2025-06-04,5564,249547,44.850287562904384,5381.571428571428,45.409009400709344
2025-06-05,5505,265331,48.19818346957312,5347.285714285715,44.84793976933029
2025-06-06,5536,254054,45.89125722543353,5357.285714285715,44.695880978212976
2025-06-07,4918,203002,41.27734851565677,5363.857142857143,44.70323996805534
2025-06-08,4873,211666,43.43648676380053,5350.428571428572,44.85270267452996
2025-06-09,5579,244268,43.78347374081377,5331.857142857143,44.250490418079316
2025-06-10,5572,253446,45.485642498205316,5290.285714285715,46.11635875125652
2025-06-11,5470,251054,45.89652650822669,5298.571428571428,47.36385857285999
2025-06-12,5375,236407,43.9826976744186,5312.142857142857,48.091070838716874
2025-06-13,5245,309205,58.952335557673976,5302.285714285715,48.60784708160296
2025-06-14,4976,248849,50.00984726688103,5302.0,49.31310410353156
2025-06-15,4968,241082,48.52697262479871,5298.285714285715,49.79442848920422
2025-06-16,5510,261179,47.40090744101634,5314.571428571428,50.231067285371005
2025-06-17,5570,280853,50.42244165170557,5331.571428571428,48.69134937945422
2025-06-18,5444,268203,49.26579720793534,5342.571428571428,47.55361625798326
2025-06-19,5489,258198,47.03916924758608,5337.571428571428,47.91510141745931
2025-06-20,5364,258407,48.17431021625652,5325.428571428572,48.105228530888844
2025-06-21,5053,212457,42.04571541658421,5310.571428571428,47.98466332080515
2025-06-22,4933,251866,51.05736874113116,5309.285714285715,47.55181780036544
2025-06-23,5425,264370,48.731797235023045,5307.571428571428,47.10327897647778
2025-06-24,5466,270996,49.578485181119646,5316.714285714285,46.52337172692939
2025-06-25,5435,251292,46.23587856485741,5304.714285714285,46.39379233742858
2025-06-26,5477,240437,43.899397480372464,5290.285714285715,45.017781050852605
2025-06-27,5428,239456,44.11495946941783,5280.0,44.35937026386858
2025-06-28,4969,204418,41.138659690078484,5278.714285714285,43.96318728438299
2025-06-29,4832,200167,41.42528973509934,5289.0,43.80357268331242
2025-06-30,5353,236190,44.12292172613488,5281.428571428572,44.32452896403459
2025-07-01,5457,255416,46.80520432472054,5274.142857142857,44.72775070034375
2025-07-02,5507,248468,45.11857635736335,5261.571428571428,45.095889607848854
2025-07-03,5424,257890,47.54609144542773,5253.142857142857,44.95890155284813
2025-07-04,5377,252383,46.937511623581926,5258.142857142857,44.85405739492007
2025-07-05,4881,213376,43.71563204261422,5262.571428571428,44.52700717277133
2025-07-06,4773,193146,40.46637335009428,5255.428571428572,44.68148579309825
2025-07-07,5388,233780,43.389012620638454,5253.857142857143,44.69639717062588
2025-07-08,5488,244303,44.5158527696793,5259.571428571428,44.59340129876894
2025-07-09,5457,252113,46.199926699651826,5263.857142857143,44.409107469718165
2025-07-10,5413,257932,47.650471088121186,5271.0,44.75064597072511
2025-07-11,5417,250355,46.21654052058335,5274.285714285715,44.86765768521479
2025-07-12,4911,208352,42.425575239258805,5261.857142857143,45.111815623981734
2025-07-13,4823,206700,42.857142857142854,5260.428571428572,45.3329071623645
2025-07-14,5411,239210,44.20809462206616,5264.428571428572,45.32426344691127
2025-07-15,5401,249661,46.22495834104795,5258.714285714285,45.51453581389295
2025-07-16,5447,260081,47.74756746833119,5259.0,45.723606467538424
2025-07-17,5441,258937,47.58996507994854,5252.428571428572,46.045877724795766
2025-07-18,5377,255668,47.54844708945509,5249.285714285715,46.22360956165088
2025-07-19,4913,215627,43.88906981477712,5263.857142857143,46.66760255895658
2025-07-20,4777,215505,45.113041657944315,5263.0,46.60205487614644
2025-07-21,5389,244942,45.45221748005196,5264.714285714285,46.670927067575555
2025-07-22,5503,271479,49.332909322187895,5256.428571428572,46.76865784218916
2025-07-23,5441,257298,47.28873368866017,5248.428571428572,46.71291467061434
2025-07-24,5453,262137,48.07207041995232,5247.857142857143,46.5921895252021
2025-07-25,5319,256549,48.23256251175033,5251.714285714285,46.613206357024175
2025-07-26,4857,211274,43.49886761375335,5231.0,46.48398094913523
2025-07-27,4773,211291,44.26796564005866,5232.0,46.56791683292429
2025-07-28,5416,246966,45.5993353028065,5226.285714285715,46.56556489755172
2025-07-29,5358,259479,48.42833146696528,5238.142857142857,46.33080256908937
2025-07-30,5448,260830,47.87628487518355,5249.571428571428,46.012711495588974
2025-07-31,5413,260125,48.055606872344356,5239.428571428572,46.176229316590494
2025-08-01,5402,251675,46.589226212513886,5224.142857142857,46.38367028953133
2025-08-02,4937,203761,41.27223009925056,5234.142857142857,46.48281274656135
2025-08-03,4702,213530,45.41259038706933,5214.714285714285,46.54313908969347
2025-08-04,5309,249796,47.051422113392356,5199.285714285715,46.46259527771591
2025-08-05,5428,266636,49.122328666175385,5195.714285714285,46.34815893921895
2025-08-06,5312,256562,48.298569277108435,5188.714285714285,46.850886881551865
2025-08-07,5305,251944,47.491800188501415,5194.571428571428,46.59225261734688
2025-08-08,5377,246203,45.78817184303515,5207.142857142857,46.45597253725004
2025-08-09,4888,218940,44.791325695581016,5202.142857142857,46.557301813383546
2025-08-10,4743,206805,43.60215053763441,5204.142857142857,46.477312006777694
2025-08-11,5397,248788,46.09746155271447,5206.857142857143,46.85556294045856
2025-08-12,5393,268742,49.831633599109956,5207.428571428572,47.82197511325246
2025-08-13,5326,254256,47.738640630867444,5210.0,48.25263599897488
2025-08-14,5324,266943,50.13955672426747,5216.428571428572,48.68421802623967
2025-08-15,5381,282788,52.55305705259246,5216.714285714285,49.32060055943085
2025-08-16,4906,234536,47.805951895637996,5223.428571428572,49.2049732805664
2025-08-17,4788,223232,46.623224728487884,5245.142857142857,49.49386199448985
2025-08-18,5399,272931,50.55213928505279,5254.142857142857,49.400282422673335
2025-08-19,5440,266681,49.022242647058825,5260.714285714285,48.75545258707831
2025-08-20,5478,272590,49.760861628331504,5272.857142857143,48.42484303528139
2025-08-21,5387,266573,49.484499721551884,5278.0,47.95444395656113
2025-08-22,5427,260709,48.039248203427306,5280.571428571428,47.496653969822795
2025-08-23,4991,227049,45.491685033059504,5277.714285714285,47.21150491481334
2025-08-24,4824,209026,43.3304311774461,5273.0,47.18637329822498
2025-08-25,5417,256482,47.34760937788444,5278.142857142857,47.440411864385624
2025-08-26,5420,254882,47.02619926199262,5266.142857142857,47.872814657067316
2025-08-27,5445,269990,49.58494031221304,5260.285714285715,48.155156910641786
2025-08-28,5423,277998,51.26276968467638,5274.857142857143,48.7211419468897
2025-08-29,5343,272846,51.06606775219914,5288.714285714285,48.71923205234452
2025-08-30,4950,234967,47.468080808080806,5307.142857142857,48.84907836429785
2025-08-31,4926,232962,47.292326431181486,5322.571428571428,48.44522527192258
2025-09-01,5514,261001,47.33424011606819,5321.857142857143,47.861280586177266
2025-09-02,5549,265992,47.93512344566589,5331.571428571428,47.387074798835364
2025-09-03,5553,259647,46.75796866558617,5339.285714285715,46.68925373101429
2025-09-04,5418,255595,47.17515688445921,5330.857142857143,46.615440213137035
2025-09-05,5411,258357,47.746627240805765,5330.714285714285,46.42079208896602
2025-09-06,5004,213087,42.583333333333336,5322.285714285715,46.8868387265745
2025-09-07,4867,227657,46.775631806040685,5316.714285714285,47.525383749061625
2025-09-08,5513,253442,45.97170324687103,5339.857142857143,47.78530757355516
2025-09-09,5490,281074,51.19744990892532,5346.571428571428,47.91750954496494
2025-09-10,5514,282470,51.22778382299601,5343.714285714285,48.46637066244564
2025-09-11,5580,273390,48.994623655913976,5357.571428571428,48.22505501017253
2025-09-12,5458,265652,48.67204104067424,5349.714285714285,48.271682337780184
2025-09-13,4984,231384,46.42536115569823,5357.571428571428,47.51337086682846
2025-09-14,4964,223809,45.086422240128925,5346.571428571428,46.892086528153534
2025-09-15,5458,252695,46.29809454012459,5334.285714285715,46.62981437761031
2025-09-16,5545,254456,45.8892696122633,5335.857142857143,46.31308391104689
2025-09-17,5437,254880,46.87879345227147,5338.428571428572,46.0096722328381
2025-09-18,5494,259090,47.15871860211139,5328.428571428572,46.246844559208846
2025-09-19,5469,254062,46.4549277747303,5337.285714285715,46.60705465596123
2025-09-20,5002,221596,44.3014794082367,5330.0,47.03750742912223
2025-09-21,4894,228778,46.74662852472415,5341.285714285715,47.04580990807359
2025-09-22,5520,269484,48.81956521739131,5341.571428571428,46.93821691999905
2025-09-23,5494,268670,48.90243902439025,5342.714285714285,46.886007957266635
2025-09-24,5516,258904,46.93691080493111,5344.714285714285,47.038997798012964
2025-09-25,5496,255045,46.40556768558952,5352.285714285715,46.856215410077695
2025-09-26,5477,252432,46.08946503560343,5350.714285714285,46.71431813075272
2025-09-27,5016,227588,45.37240829346093,5364.428571428572,46.92971209583472
2025-09-28,4947,224926,45.46715180917728,5371.0,47.19777862131304
2025-09-29,5509,263475,47.82628426211654,5371.428571428572,47.38679437214938
2025-09-30,5590,281793,50.410196779964224,5363.857142857143,47.62269675433668
2025-10-01,5562,271500,48.8133764832794,5349.285714285715,48.14560464566562
2025-10-02,5499,262460,47.7286779414439,5340.285714285715,48.36952621358354
2025-10-03,5424,258946,47.740781710914455,5335.857142857143,48.30460718192772
2025-10-04,4914,240947,49.03276353276353,5320.714285714285,48.16444569549123
2025-10-05,4884,229717,47.03460278460278,5302.285714285715,47.966920665025114
2025-10-06,5478,259503,47.37185104052574,5299.571428571428,48.23347032302531
2025-10-07,5484,271069,49.42906637490883,5308.714285714285,48.90627826686385
2025-10-08,5433,257691,47.43070127001656,5310.285714285715,48.09356295435158
2025-10-09,5480,271778,49.59452554744526,5303.142857142857,47.50986208962052
2025-10-10,5488,287848,52.45043731778426,5302.142857142857,47.75522342229106
2025-10-11,4925,213468,43.34375634517767,5300.857142857143,47.710027377865075
2025-10-12,4834,207614,42.94869673148531,5313.142857142857,47.8091643770828
2025-10-13,5471,268568,49.08938036921952,5313.857142857143,47.54577141894406
2025-10-14,5475,268892,49.11269406392694,5302.571428571428,46.689225042484324
2025-10-15,5519,265600,48.12466026454068,5297.142857142857,47.04264264431766
2025-10-16,5485,261913,47.75077484047402,5293.571428571428,47.17280684294188
2025-10-17,5409,251273,46.45461268256609,5288.714285714285,46.69255352395172
2025-10-18,4887,223911,45.81767955801105,5286.428571428572,46.61372702786459
2025-10-19,4809,210922,43.85984612185486,5279.714285714285,46.62421833510232
2025-10-20,5437,248621,45.72760713628839,5272.428571428572,46.89979248508034
2025-10-21,5459,265094,48.560908591317094,5271.142857142857,47.221117657412165
2025-10-22,5472,263740,48.19809941520468,5276.857142857143,47.17035633692388
2025-10-23,5434,269960,49.679793890320205,5286.714285714285,47.623869797287966
2025-10-24,5400,263001,48.70388888888889,5287.142857142857,47.921947979498874
2025-10-25,4927,223993,45.46235031459306,5285.571428571428,48.10031409011625
2025-10-26,4878,229434,47.03444034440344,5293.428571428572,48.19569273862522
2025-10-27,5440,260109,47.814154411764704,5296.142857142857,48.069604449507416
2025-10-28,5448,271362,49.809471365638764,5313.285714285715,47.98970106786489
2025-10-29,5527,270081,48.8657499547675,5337.285714285715,48.39189720265106
2025-10-30,5453,266091,48.79717586649551,5328.142857142857,48.11473547738671
2025-10-31,5520,265758,48.1445652173913,5281.142857142857,47.84592749464558
2025-11-01,5095,245975,48.277723258096174,5249.857142857143,47.54284507596609
2025-11-02,4814,217084,45.09430826755297,5231.428571428572,47.859885295734394
2025-11-03,5111,234761,45.932498532576794,5224.285714285715,48.05908306399342
2025-11-04,5229,249360,47.68789443488239,5202.857142857143,48.071684414954014
2025-11-05,5398,275757,51.08503149314561,5180.714285714285,48.25890382227053
2025-11-06,5403,271185,50.19156024430872,5182.571428571428,48.54111915840127
2025-11-07,5370,259010,48.232774674115454,5224.857142857143,48.72022509077352
2025-11-08,4940,244966,49.58825910931174,5259.714285714285,48.810098854389416
2025-11-09,4827,227206,47.0698156204682,5256.857142857143,48.81343787128001
2025-11-10,5407,255136,47.18624005918254,5252.571428571428,49.003242630720834
2025-11-11,5473,264439,48.31701078019368,5248.857142857143,49.240733331681255
2025-11-12,5378,274861,51.1084046113797,5245.0,48.87019694122885
2025-11-13,5373,276818,51.52019356039457,5237.0,48.77446707551474
2025-11-14,5344,266640,49.895209580838326,5231.571428571428,48.954630370681414
2025-11-15,4913,230884,46.994504376144924,5214.142857142857,49.55867434951538
2025-11-16,4771,221373,46.399706560469504,5212.0,49.75429050436396
2025-11-17,5369,260114,48.447383125349226,5216.0,49.753852346888074
2025-11-18,5351,281170,52.545318632031396,5225.285714285715,49.833291677560375
2025-11-19,5363,281438,52.47771769531978,5230.0,50.267731668190244
2025-11-20,5401,278244,51.51712645806332,5236.571428571428,51.00742185764481
2025-11-21,5409,272891,50.45128489554446,5242.0,51.01437050731155
2025-11-22,4946,247476,50.035584310553986,5247.0,50.99214128466763
2025-11-23,4817,248449,51.57753788665144,5251.0,51.0051689207948
2025-11-24,5407,262218,48.49602367301646,5244.142857142857,51.06054032988415
2025-11-25,5386,282171,52.38971407352395,5220.571428571428,51.299601624636374
2025-11-26,5391,283399,52.56891114820998,5205.142857142857,51.13860957082252
2025-11-27,5353,277846,51.90472632168877,5225.714285714285,50.480500161553714
2025-11-28,5244,273342,52.12471395881007,5231.142857142857,50.35790147600801
2025-11-29,4838,236620,48.90863993385697,5227.857142857143,50.279479575251266
2025-11-30,4961,233022,46.970772021769804,5236.571428571428,50.595256129594596
2025-12-01,5445,259388,47.63783287419651,5246.428571428572,50.5864447759508
2025-12-02,5363,278022,51.84076076822674,5276.428571428572,50.72206764955995
2025-12-03,5452,298657,54.77934702861335,5285.857142857143,51.10679818336225
2025-12-04,5422,281093,51.84304684618222,5265.285714285715,51.41406682036616
2025-12-05,5454,289466,53.074074074074076,5253.0,51.703722503120964
2025-12-06,4904,253055,51.60175367047308,5259.714285714285,51.580524305177825
2025-12-07,4817,236619,49.121652480797174,5254.571428571428,51.31293242115773
2025-12-08,5359,266157,49.66542265348013,5244.857142857143,51.31678340534954
2025-12-09,5410,275793,50.97837338262477,5234.571428571428,51.358518642736946
2025-12-10,5416,286540,52.90620384047267,5224.428571428572,51.20702221965171
2025-12-11,5354,277712,51.87000373552484,5221.428571428572,51.45876637257965
2025-12-12,5382,287217,53.36622073578595,5226.285714285715,53.02962212818299
2025-12-13,4833,244266,50.541278708876476,5219.428571428572,54.03518939845437
2025-12-14,4796,244039,50.883861551292746,5221.714285714285,54.3288066070214
2025-12-15,5393,327147,60.66141294270351,5224.0,55.12207822022255
2025-12-16,5362,311089,58.01734427452443,5223.0,55.557096520425894
2025-12-17,5432,298551,54.96152430044182,5227.142857142857,55.827922838738246
2025-12-18,5370,308361,57.42290502793296,5232.285714285715,55.40583145345423
2025-12-19,5375,303211,56.4113488372093,5222.0,54.346433964579276
2025-12-20,4862,254949,52.43706293706294,5213.571428571428,53.64098484715779
2025-12-21,4832,231594,47.929221854304636,5203.428571428572,53.33491903388551
2025-12-22,5321,283320,53.245630520578835,5180.571428571428,52.49951088484436
2025-12-23,5303,281479,53.079200452574014,5150.571428571428,51.89661732256567
2025-12-24,5361,283163,52.81906360753591,5145.714285714285,51.77810803566367
2025-12-25,5210,268706,51.57504798464491,5126.857142857143,52.506213120307095
2025-12-26,5165,269567,52.19109390125847,5122.285714285715,52.831925790178744
2025-12-27,4828,249161,51.60749792874896,5106.857142857143,53.04648796944117
2025-12-28,4700,249222,53.02595744680851,5143.142857142857,52.51645255012266
2025-12-29,5289,293675,55.52561920968047,5058.285714285715,52.56790645278665
2025-12-30,5195,283549,54.58113570741097,4983.428571428572,53.04988795936651
2025-12-31,5615,275746,49.10881567230632,4976.571428571428,55.879091781858435
2026-01-01,4616,239733,51.935225303292896,4982.571428571428,57.281300307111
2026-01-02,4641,257877,55.56496444731739,4940.142857142857,58.564499394372774
2026-01-03,4780,341349,71.41192468619246,4913.0,59.80261601445006
2026-01-04,4742,297994,62.84141712357655,4833.857142857143,62.58948150919865
2026-01-05,4992,322024,64.50801282051282,4879.0,64.94788345579114
2026-01-06,5005,316556,63.24795204795205,4904.857142857143,66.47797593179504
2026-01-07,5061,347270,68.61687413554634,4873.142857142857,64.6435074080169
2026-01-08,4932,337566,68.4440389294404,4853.285714285715,63.98458797597498
2026-01-09,4822,319581,66.27561177934467,4874.857142857143,63.13709179709391
2026-01-10,4558,266965,58.570645019745506,4897.571428571428,62.61074388363745
2026-01-11,4603,268028,58.228981099283075,4912.142857142857,61.43490699030782
2026-01-12,5143,301254,58.57553956834533,4946.428571428572,60.05142534896803
2026-01-13,5164,307586,59.56351665375678,5005.857142857143,58.747011055066125
2026-01-14,5163,311773,60.38601588223901,5032.857142857143,58.48772392909989
2026-01-15,5172,303905,58.75966744006187,5029.0,57.86750609973178
2026-01-16,5238,299324,57.14471172203131,5045.428571428572,57.2120915735578
2026-01-17,4747,269419,56.75563513798188,5050.571428571428,56.99469359005408
2026-01-18,4576,246589,53.88745629370629,5054.428571428572,56.58598391681377
2026-01-19,5258,283867,53.98763788512743,5065.142857142857,56.62636140985729
2026-01-20,5200,301817,58.04173076923077,5072.428571428572,56.821878242695696
2026-01-21,5190,298555,57.52504816955684,5069.428571428572,56.84998622703454
2026-01-22,5247,309795,59.04230989136649,5099.142857142857,57.373678567302974
2026-01-23,5289,309477,58.51332955190017,5101.857142857143,58.04043280754182
2026-01-24,4726,269157,56.95239102835379,5122.285714285715,58.16540359709289
2026-01-25,4784,275335,57.553302675585286,5145.857142857143,58.84643246336002
2026-01-26,5277,309522,58.65491756679932,5152.0,59.4999615120954
2026-01-27,5343,314791,58.91652629608834,5156.142857142857,60.095730959336436
2026-01-28,5355,333575,62.29225023342671,5181.571428571428,60.818507538133716
2026-01-29,5290,336534,63.617013232514175,5181.142857142857,61.119002351174224
2026-01-30,5318,333352,62.68371568258744,5199.0,61.302694510272715
2026-01-31,4904,304106,62.01182707993475,5211.285714285715,61.76208399895877
2026-02-01,4781,285219,59.65676636686886,5209.714285714285,61.792003127288744
2026-02-02,5402,323800,59.94076268048871,5221.714285714285,61.61924463104941
2026-02-03,5429,337316,62.13225271689077,5235.285714285715,61.36145378388661
2026-02-04,5344,334009,62.501684131736525,5232.571428571428,60.8193928017114
2026-02-05,5374,335379,62.407703758838856,5238.142857142857,60.190506794351954
2026-02-06,5413,329539,60.87917975244781,5233.857142857143,59.925381352388726
2026-02-07,4885,284392,58.21740020470829,5235.857142857143,60.35999326446356
2026-02-08,4820,266327,55.254564315352695,5238.0,60.171564579421684
2026-02-09,5372,312032,58.08488458674609,5231.571428571428,60.23902153111853
2026-02-10,5443,354745,65.17453610141466,5231.714285714285,59.944391756994506
2026-02-11,5359,327878,61.18268333644337,5243.571428571428,60.06688876018662
2026-02-12,5329,335087,62.87990242071683,5248.0,60.26673293093858
2026-02-13,5414,318434,58.81677133357961,5264.428571428572,59.88596900249796
2026-02-14,4968,293484,59.07487922705314,5272.285714285715,59.33273926998282
2026-02-15,4851,274826,56.653473510616365,5277.0,59.27066242200426
2026-02-16,5487,304087,55.419537087661745,5277.285714285715,59.23007073979933
2026-02-17,5498,337038,61.30192797380866,5279.857142857143,59.20322711777102
2026-02-18,5392,327554,60.74814540059347,5271.142857142857,58.6050311770697
2026-02-19,5331,333698,62.59576064528231,5274.0,58.765600450899875
2026-02-20,5432,318472,58.628865979381445,5235.857142857143,58.85106888008449
2026-02-21,4907,269333,54.88750764214387,5224.857142857143,58.313773400968444
2026-02-22,4871,281434,57.77745842742763,5230.0,58.10946417803915
2026-02-23,5220,292413,56.017816091954025,5230.571428571428,57.91355085516911
2026-02-24,5421,311929,57.54085961999631,5223.857142857143,58.75717883503465
2026-02-25,5428,321978,59.31798084008843,5242.571428571428,62.501315865003434
2026-02-26,5335,326632,61.224367385192124,5254.142857142857,64.83235169085671
2026-02-27,5385,347517,64.53426183844012,5262.142857142857,67.15091018481455
2026-02-28,5038,408564,81.09646685192537,5244.857142857143,68.59030220675577
2026-03-01,4952,366917,74.09470920840064,5231.428571428572,69.52701253400866
2026-03-02,5276,381179,72.24772554965884,5243.285714285715,70.279355979324
2026-03-03,5300,358368,67.6166037735849,5232.714285714285,70.18027685448995
2026-03-04,5334,351377,65.87495313085864,5205.428571428572,67.21816259143232
2026-03-05,5418,360247,66.49077150239941,5227.142857142857,64.91024175064422
2026-03-06,5311,339058,63.84070796460177,5194.857142857143,63.05852989701545
2026-03-07,4847,292573,60.36166701052197,5191.714285714285,62.34407001727255
2026-03-08,5104,295722,57.93926332288401,5177.285714285715,62.385465836830214
2026-03-09,5050,299393,59.285742574257426,5165.428571428572,62.01038842445102
2026-03-10,5278,330484,62.61538461538461,5165.714285714285,61.310442700595004
2026-03-11,5233,346240,66.16472386776228,5155.285714285715,61.25844682088251
2026-03-12,5335,340721,63.86522961574508,5094.571428571428,60.5961620503951
2026-03-13,5313,313154,58.941087897609634,5117.857142857143,60.00964548358125
2026-03-14,4774,286429,59.99769585253456,5115.285714285715,59.319940891595294
2026-03-15,4679,249406,53.30326992947211,5118.428571428572,58.39193697899258
2026-03-16,5213,287654,55.18012660656052,5110.285714285715,57.51093005234551
2026-03-17,5260,303962,57.78745247148289,5106.714285714285,56.51791425370277
2026-03-18,5255,313559,59.66869647954329,5101.857142857143,55.7673392584944
2026-03-19,5278,304531,57.69818112921561,5095.0,55.80391133353573
2026-03-20,5288,274923,51.989977307110436,5083.428571428572,55.67114745020234
2026-03-21,4740,259485,54.74367088607595,5073.285714285715,55.16311973017578
2026-03-22,4631,248033,53.55927445476139,5068.0,54.53421817429074
2026-03-23,5132,278415,54.25077942322681,5050.285714285715,54.160432888521655
2026-03-24,5189,281406,54.23125843129697,5026.428571428572,54.69956660153216
2026-03-25,5218,288380,55.26638558834803,5023.428571428572,54.554669592135724
2026-03-26,5154,283891,55.081684128831974,5019.142857142857,54.572019181779055
2026-03-27,5121,285567,55.76391329818395,5031.0,54.76953144880747
2026-03-28,4719,253549,53.72939182030091,5038.714285714285,55.29067561503482
2026-03-29,4601,246985,53.680721582264724,5044.0,55.67493941096335
2026-03-30,5215,290128,55.633365292425694,5045.571428571428,56.880390979891104
2026-03-31,5243,303461,57.879267594888425,5049.428571428572,57.74073547819693
2026-04-01,5255,304560,57.956232159847765,5049.714285714285,58.599074849890556
2026-04-02,5165,328080,63.519845111326234,5060.0,59.040669055083825
2026-04-03,5148,318076,61.78632478632478,5042.857142857143,60.67983921729022
2026-04-04,4721,282022,59.737767422156324,5032.714285714285,62.55569348751554
2026-04-05,4673,265295,56.77188101861759,5018.428571428572,63.84292151068263
2026-04-06,5095,341913,67.10755642787046,5014.428571428572,63.187051093349474
2026-04-07,5172,367265,71.01024748646559,5018.0,62.74810552101902
2026-04-08,5155,345214,66.96682832201746,5011.714285714285,62.66943670909975
2026-04-09,5137,302717,58.92875218999416,5026.428571428572,62.65838431184809
2026-04-10,5173,303726,58.7137057800116,5025.714285714285,61.62239042417308
2026-04-11,4677,276818,59.1870857387214,5025.0,60.08508088388809
2026-04-12,4776,270773,56.69451423785595,5021.571428571428,60.273159060788394
2026-04-13,5090,304665,59.855599214145386,5019.0,60.28707688903108
2026-04-14,5167,311307,60.24908070447068,5013.571428571428,60.80923910407186
2026-04-15,5131,350362,68.28337556031963,4999.571428571428,60.83579931379932
2026-04-16,5119,302155,59.02617698769291,4957.142857142857,61.90125623111643
2026-04-17,5135,320264,62.36884128529698,4958.428571428572,62.119766852444776
2026-04-18,4579,271869,59.37300720681372,4951.857142857143,62.25211984467301
2026-04-19,4479,287340,64.15271265907569,4954.857142857143,62.072939751317676
2026-04-20,5099,313003,61.385173563443814,4951.857142857143,61.921719376849865
2026-04-21,5121,313280,61.17555165006834,4943.285714285715,60.937486596473164
2026-04-22,5152,345334,67.0291149068323,4957.428571428572,59.97798229935369
2026-04-23,5098,295519,57.9676343664182,4965.142857142857,58.95654438426781
2026-04-24,5075,281557,55.4792118226601,4972.142857142857,57.9834376714082
2026-04-25,4678,246327,52.65647712697734,4967.142857142857,57.98560452461174
2026-04-26,4533,258393,57.00264725347452,4967.142857142857,56.483913087167195
2026-04-27,5148,280944,54.57342657342657,4965.428571428572,55.97570039159944
2026-04-28,5086,311216,61.19071962249312,4937.142857142857,54.84467382201295
2026-04-29,5152,291177,56.5172748447205,4908.857142857143,54.60911841611823
2026-04-30,5086,276730,54.41014549744396,4895.285714285715,54.24390408176814
2026-05-01,4877,231960,47.56202583555464,4879.285714285715,55.143944470291444
2026-05-02,4480,228514,51.00758928571429,4868.571428571428,54.327577733446425
2026-05-03,4438,241632,54.44614691302388,4853.571428571428,55.059336737627
2026-05-04,5036,306560,60.87370929308975,4850.428571428572,55.29768652325506
2026-05-05,5011,277991,55.47615246457793,4877.428571428572,56.594110219523756
2026-05-06,5047,311095,61.639587873984546,4920.285714285715,56.46639722533026
2026-05-07,5064,283982,56.07859399684044,4926.714285714285,56.81319698916551
2026-05-08,5066,286923,56.63699170943545,4881.857142857143,55.78930713371777
2026-05-09,4780,239543,50.113598326359835,4886.857142857143,55.43879851766375
2026-05-10,4483,254965,56.873745259870624,4886.857142857143,54.235056549309135
2026-05-11,4722,253602,53.70648030495553,4893.285714285715,54.01828120244624
2026-05-12,5046,267552,53.02259215219976,4894.714285714285,53.51193847146868
2026-05-13,5047,268568,53.21339409550228,4867.857142857143,53.97072880513455
2026-05-14,5109,278753,54.561166568800154,4872.857142857143,54.12153570186207
2026-05-15,5076,269498,53.092592592592595,4927.285714285715,54.170577750063735
2026-05-16,4592,244869,53.325130662020904,4944.428571428572,54.20775182621373
2026-05-17,4518,261725,57.92939353696326,4947.285714285715,54.360581962899005
2026-05-18,5103,275816,54.04977464236723,4938.714285714285,54.2388229156797
2026-05-19,5166,275259,53.28281068524971,4926.428571428572,54.52221721751088
2026-05-20,5067,275053,54.28320505229919,4914.142857142857,54.83186661314
2026-05-21,5049,271176,53.708853238265,4912.571428571428,54.834853184153545
2026-05-22,4990,274831,55.07635270541082,4899.0,55.007226774723634
2026-05-23,4506,250050,55.49267643142477,4884.285714285715,55.30589581624562
2026-05-24,4507,261182,57.95029953405813,4880.857142857143,55.29869479987938
2026-05-25,5008,276724,55.25638977635783,4878.285714285715,55.52681642745381
2026-05-26,5063,280356,55.373493975903614,4881.428571428572,55.714546453690296
2026-05-27,5043,273496,54.23279793773548,4894.285714285715,56.68525573881935
2026-05-28,5031,278243,55.30570463128603,4902.0,56.329277533073764
2026-05-29,5012,282629,56.39046288906624,4928.428571428572,56.327229938547454
2026-05-30,4596,286274,62.28764142732811,4941.857142857143,56.72031261580347
2026-05-31,4561,252946,55.45845209383907,4920.0,57.38378378391546
2026-06-01,5193,286872,55.2420566146736,4687.285714285715,58.277837401298726
2026-06-02,5157,299751,58.125072716695755,4398.714285714285,59.06587860813188
2026-06-03,4890,287909,58.877096114519425,4059.4285714285716,59.129180106163936
2026-06-04,3402,209441,61.56407995296884,3674.8571428571427,61.49539221627742
2026-06-05,2992,185225,61.906751336898395,3230.5714285714284,63.3054735599188
2026-06-06,2221,139325,62.73075191355245,2755.4285714285716,64.58393122206517
2026-06-07,1869,134609,72.02193686463349,2248.0,65.59401507843641
2026-06-08,2083,141462,67.91262602016323,1882.857142857143,63.61660683118689
2026-06-09,1831,122813,67.07427635172037,1505.5714285714287,59.147225586070356
2026-06-10,1338,88238,65.94768310911809,1386.3333333333333,58.54997119815667
2026-06-11,846,40373,47.72222222222222,1289.8,55.85557806486131
2026-06-12,351,10748,30.62108262108262,1091.5,52.841316076035824
