channel_id,posts,enabled,disabled,enabled_frac
1000023516,17784,10091,7693,0.5674201529464687
1000050507,3479,155,3324,0.04455303248059787
1000062869,2460,743,1717,0.3020325203252033
1000145837,9273,4914,4359,0.529925590423811
1000402029,811,404,407,0.49815043156596794
1000413715,9462,2216,7246,0.2341999577256394
1000467914,55691,1044,54647,0.018746296529062147
1000948872,23619,13211,10408,0.5593378212456074
1001172188,35031,18445,16586,0.5265336416316977
1001846454,927,291,636,0.313915857605178
1002142284,24745,15105,9640,0.6104263487573247
1002245710,11392,2902,8490,0.25474016853932585
1002378729,1662,258,1404,0.1552346570397112
1003200382,3168,2089,1079,0.6594065656565656
1003243628,1109,140,969,0.12623985572587917
1003525040,582,61,521,0.10481099656357389
1003570862,5859,2170,3689,0.37037037037037035
1003850427,8700,768,7932,0.08827586206896551
1003889445,92748,11843,80905,0.12769008496140077
1003897601,107944,68538,39406,0.6349403394352627
1004039884,8485,5715,2770,0.6735415439010017
1004356745,14068,5720,8348,0.4065965311344896
1004567097,7109,1163,5946,0.1635954423969616
1004621278,15828,6172,9656,0.3899418751579479
1004709264,105182,90718,14464,0.8624859766880265
1004786187,65368,1673,63695,0.025593562599437035
1004812025,62290,15517,46773,0.24910900626103707
1004937544,11759,2888,8871,0.24559911557105196
1005781833,15877,258,15619,0.01624992126976129
1005841565,4040,2953,1087,0.7309405940594059
1006165084,132401,80225,52176,0.6059244265526695
1006280253,26527,11617,14910,0.4379311644739322
1006321238,15991,3265,12726,0.20417734975923957
1006381269,474,128,346,0.270042194092827
1006631316,16820,8359,8461,0.4969678953626635
1006699918,43636,17536,26100,0.4018700155834632
1006845767,441453,213741,227712,0.4841761184089812
1006882458,37990,9018,28972,0.23737825743616742
1006914438,595877,47839,548038,0.0802833470665926
1007587737,77370,65830,11540,0.8508465813622851
1007697751,70110,26371,43739,0.3761374982170874
1007772266,57599,27930,29669,0.48490425180992724
1008272893,3658,385,3273,0.10524876981957354
1008473216,8427,870,7557,0.10323958704165183
1008496255,32710,37,32673,0.0011311525527361664
1008549319,4436,727,3709,0.1638863841298467
1009071987,18254,5,18249,0.0002739125671085789
1009261980,2012,14,1998,0.006958250497017893
1009398580,108576,77958,30618,0.7180039787798409
1009485608,10141,3691,6450,0.36396805048811753
1009538388,56493,27213,29280,0.481705698051086
1009639194,51105,8156,42949,0.1595929948145974
1009749057,122179,25541,96638,0.20904574435868684
1009970962,3558,1401,2157,0.39376053962900504
1009984790,99578,652,98926,0.006547631002831951
1010320269,18316,4871,13445,0.26594234549028173
1010780547,7953,4972,2981,0.6251728907330567
1012155781,6271,682,5589,0.10875458459575825
1013421933,22467,9598,12869,0.4272043441491966
1013750499,5972,681,5291,0.11403215003348961
1014838132,50950,3020,47930,0.05927379784102061
1014981120,17960,391,17569,0.021770601336302896
1015513583,13166,6027,7139,0.4577700136715783
1016020382,314,55,259,0.1751592356687898
1017876110,41092,25803,15289,0.627932444271391
1017962746,11369,4887,6482,0.4298531093323951
1018775701,1596,54,1542,0.03383458646616541
1019051700,188491,73485,115006,0.3898594627860216
1019260614,870,203,667,0.23333333333333334
1019509981,7183,2281,4902,0.31755533899484895
1020159917,5149,218,4931,0.042338318120023304
1020950887,31635,6003,25632,0.18975817923186344
1022015978,5507,1266,4241,0.22988923188668967
1022674929,27257,4770,22487,0.17500091719558278
1023216993,4348,1918,2430,0.4411223551057958
1023491537,3804,565,3239,0.148527865404837
1024068640,10018,3610,6408,0.36035136753843083
1024850129,13702,6636,7066,0.484308860020435
1026046592,603,28,575,0.04643449419568822
1026239413,18790,12704,6086,0.676104310803619
1026314265,26408,13171,13237,0.4987503786731294
1028202509,46687,5450,41237,0.11673485124338681
1028991360,15510,7494,8016,0.4831721470019342
1029385528,1989,1055,934,0.5304172951231775
1029499299,35033,1213,33820,0.034624496902920104
1031859840,96332,86660,9672,0.899597226259187
1032211003,2205,831,1374,0.3768707482993197
1032725325,115095,64629,50466,0.5615274338589861
1034601979,5820,3889,1931,0.6682130584192439
1035124694,4364,1596,2768,0.36571952337305225
1036051144,12564,1148,11416,0.09137217446673034
1036593648,2057,510,1547,0.24793388429752067
1037006502,14736,7848,6888,0.5325732899022801
1037656841,95317,33879,61438,0.35543502208420324
1037821029,59813,28934,30879,0.4837409927607711
1037926110,3474,1499,1975,0.43149107656879676
1038277143,1800,606,1194,0.33666666666666667
1038319378,3841,0,3841,0.0
1039034634,25577,5340,20237,0.20878132697345272
1039128931,46731,24289,22442,0.519762042327363
1039284937,20966,13089,7877,0.6242964800152628
1039364050,34102,7499,26603,0.21989912615095888
1039412883,33606,18909,14697,0.5626673808248527
1040571932,2055,366,1689,0.1781021897810219
1040881583,127942,47062,80880,0.3678385518438042
1040915580,9068,1009,8059,0.11127040141155713
1041462692,2891,1075,1816,0.37184365271532344
1041482399,12132,2159,9973,0.1779591163864161
1041545912,8453,3796,4657,0.4490713356204898
1041549216,2846,204,2642,0.07167955024595925
1041599776,22587,3971,18616,0.17580909372647982
1041746139,2775,5,2770,0.0018018018018018018
1042273662,3006,137,2869,0.04557551563539587
1042449782,3692,1316,2376,0.3564463705308776
1042736989,28270,7141,21129,0.25259992925362573
1042974593,203,17,186,0.08374384236453201
1043497735,6083,1445,4638,0.23754726286371855
1044715889,12175,3178,8997,0.26102669404517453
1045360168,1221,223,998,0.18263718263718265
1045563685,1162,386,776,0.33218588640275387
1045947226,9561,5009,4552,0.5238991737265977
1046165271,3396,2067,1329,0.6086572438162544
1046190784,4491,69,4422,0.015364061456245824
1046433255,6174,3347,2827,0.5421120829284095
1046482065,78268,29868,48400,0.38161189758266467
1047189358,83499,16768,66731,0.20081677624881736
1047260531,49181,5135,44046,0.10441023972672374
1047837115,42868,11457,31411,0.2672622935523001
1048118562,5133,2817,2316,0.548801870251315
1048744521,5114,1413,3701,0.27630035197497066
1049345684,307,81,226,0.26384364820846906
1049413409,974,14,960,0.014373716632443531
1049795479,214665,64932,149733,0.30248060932150095
1049838527,3356,1278,2078,0.3808104886769964
1050100853,16765,7136,9629,0.4256486728303012
1050388404,8200,2220,5980,0.2707317073170732
1050553850,6905,1174,5731,0.17002172338884866
1050723987,989,689,300,0.6966632962588474
1051007134,1138,8,1130,0.007029876977152899
1051038128,1529,8,1521,0.005232177894048398
1051502736,38434,13048,25386,0.33949107561013686
1051563501,8560,1380,7180,0.16121495327102803
1051770712,7978,3399,4579,0.42604662822762596
1051791812,82413,46512,35901,0.5643769793600524
1051872273,5329,2250,3079,0.422218052167386
1052057291,2591,213,2378,0.08220764183712852
1052552800,6936,4032,2904,0.5813148788927336
1053332354,721,80,641,0.11095700416088766
1053674401,545,167,378,0.30642201834862387
1053707204,38521,9717,28804,0.25225201837958516
1053833344,947,200,747,0.21119324181626187
1053903401,34335,19870,14465,0.5787097713703219
1053983003,275,7,268,0.025454545454545455
1054074920,2719,821,1898,0.30194924604634055
1054142853,734,15,719,0.020435967302452316
1054181725,14233,368,13865,0.02585540644979976
1054210809,50640,17330,33310,0.34221958925750395
1054406227,2753,597,2156,0.2168543407192154
1055502199,1441,256,1185,0.17765440666204024
1055679514,8831,8080,751,0.9149586683274827
1056000398,8224,5437,2787,0.661113813229572
1056054957,52286,32568,19718,0.6228818421757258
1056123230,15327,5289,10038,0.3450773145429634
1056726292,10614,1195,9419,0.11258714904842661
1056812258,51549,4516,47033,0.08760596713806282
1056908692,34487,11725,22762,0.33998318206860556
1057285254,39156,30266,8890,0.7729594442741853
1057302592,17647,9410,8237,0.5332351107837026
1057548889,10171,7305,2866,0.7182184642611346
1057671481,45618,25801,19817,0.5655881450304704
1057733243,56378,33435,22943,0.5930504806839547
1058509049,3455,669,2786,0.19363241678726484
1058944890,59,57,2,0.9661016949152542
1059061916,2116,253,1863,0.11956521739130435
1059376858,1526,942,584,0.617300131061599
1059457982,12498,5641,6857,0.45135221635461675
1059539316,17836,3961,13875,0.22207894146669657
1059580347,86192,69961,16231,0.8116878596621496
1059679566,41890,2133,39757,0.050919073764621625
1059855906,9324,801,8523,0.0859073359073359
1060146216,7832,1121,6711,0.14313074565883555
1060206706,5620,1993,3627,0.3546263345195729
1060271818,8945,6001,2944,0.6708775852431526
1060460853,333422,2908,330514,0.008721680033111192
1061026163,176,5,171,0.028409090909090908
1061098805,183938,46598,137340,0.25333536300275095
1061122147,7399,1784,5615,0.2411136640086498
1061259191,17153,12011,5142,0.7002273654754271
1061354828,7610,919,6691,0.12076215505913272
1061359206,6131,2743,3388,0.4473984668080248
1061504226,5121,2733,2388,0.533684827182191
1061658070,3448,487,2961,0.14124129930394433
1061726407,4035,192,3843,0.04758364312267658
1062537819,1625,829,796,0.5101538461538462
1062560621,4129,318,3811,0.07701622668927101
1063290674,418,82,336,0.19617224880382775
1063804389,28233,10520,17713,0.3726136081889987
1064149163,5967,2124,3843,0.3559577677224736
1064179272,1765,60,1705,0.0339943342776204
1064235925,15987,4432,11555,0.27722524551197847
1064563894,9233,3122,6111,0.33813495072024263
1065058566,1076,85,991,0.07899628252788105
1065091545,334,0,334,0.0
1065281949,22038,1863,20175,0.08453580179689626
1065400089,7269,10,7259,0.0013757050488375291
1065593170,10695,4071,6624,0.38064516129032255
1065940993,3442,427,3015,0.12405578152237072
1066255586,13933,2293,11640,0.16457331515108017
1066357067,16641,1159,15482,0.06964725677543417
1066904867,16436,5376,11060,0.3270868824531516
1067082217,19283,863,18420,0.044754446922159415
1067088423,1571,468,1103,0.2978994271164863
1067260460,3468,692,2776,0.19953863898500576
1067702036,2842,500,2342,0.17593244194229415
1067896319,20817,18090,2727,0.8690012970168612
1068138862,11099,1776,9323,0.1600144157131273
1068582108,507,146,361,0.2879684418145957
1068881116,25234,5791,19443,0.2294919552984069
1068895064,502,20,482,0.0398406374501992
1069338771,4818,1938,2880,0.40224159402241594
1069393790,251,246,5,0.9800796812749004
1069515468,73,26,47,0.3561643835616438
1070548367,10160,1450,8710,0.14271653543307086
1070644165,15828,4954,10874,0.3129896386151125
1070895483,1885,1061,824,0.5628647214854111
1070896068,3292,211,3081,0.06409477521263669
1070943878,6372,4148,2224,0.6509730069052103
1070999737,8330,1855,6475,0.22268907563025211
1071011728,7052,5264,1788,0.7464549064095292
1071195907,5560,1821,3739,0.3275179856115108
1071756632,754,238,516,0.3156498673740053
1071840600,23775,8752,15023,0.36811777076761304
1071921653,483,37,446,0.07660455486542443
1072136117,8588,1270,7318,0.14788076385654403
1072144534,34368,12268,22100,0.35695996275605213
1072800802,78216,27936,50280,0.35716477447069656
1073269741,12423,1731,10692,0.13933832407631008
1073288284,32637,18416,14221,0.5642675491007139
1073681738,4047,2718,1329,0.6716085989621943
1073860502,8250,1832,6418,0.22206060606060607
1073886339,3702,1018,2684,0.2749864937871421
1074021583,1439,171,1268,0.11883252258512857
1074101119,10046,990,9056,0.09854668524785984
1074477338,5548,767,4781,0.1382480173035328
1074807530,5065,1977,3088,0.39032576505429417
1074837929,1293,9,1284,0.0069605568445475635
1074913147,396,29,367,0.07323232323232323
1075021693,255,17,238,0.06666666666666667
1075158153,1353,1151,202,0.8507021433850702
1075336489,10189,4842,5347,0.4752183727549318
1075549587,13669,1488,12181,0.10885946301850903
1075704916,6290,164,6126,0.026073131955484895
1075755115,5344,989,4355,0.18506736526946108
1075914781,5462,1238,4224,0.22665690223361407
1075991118,8480,6518,1962,0.7686320754716981
1076246369,1629,583,1046,0.3578882750153468
1076458498,4681,709,3972,0.15146336252937406
1076595214,168172,43909,124263,0.261095782888947
1076919456,16430,5337,11093,0.32483262325015216
1077197439,12041,3032,9009,0.2518063283780417
1077654142,556,206,350,0.37050359712230213
1077656462,941,192,749,0.20403825717321997
1077656582,53722,41879,11843,0.7795502773537843
1078265711,40081,20303,19778,0.5065492377934683
1078944334,6472,3503,2969,0.5412546353522868
1078948332,2455,468,1987,0.19063136456211813
1079040167,373,70,303,0.1876675603217158
1079043711,10779,3917,6862,0.36339178031357267
1079365183,61,9,52,0.14754098360655737
1079444332,1497,301,1196,0.2010688042752171
1079457502,13565,4947,8618,0.36468853667526724
1080140432,12940,6522,6418,0.5040185471406492
1080390121,458,59,399,0.12882096069868995
1080468902,1849,1380,469,0.7463493780421849
1080641057,122734,105446,17288,0.8591425358906253
1080742241,36601,15657,20944,0.4277751973989782
1080820328,2230,790,1440,0.3542600896860987
1081346563,1028,579,449,0.5632295719844358
1081367969,1105,1,1104,0.0009049773755656109
1081925049,10684,3641,7043,0.3407899663047548
1082187395,2515,1207,1308,0.47992047713717695
1082193370,8001,3797,4204,0.47456567929008875
1082259349,6202,2212,3990,0.35665914221218964
1082707805,3484,2094,1390,0.6010332950631458
1082875703,1444,305,1139,0.21121883656509696
1082964483,20387,2721,17666,0.1334674056997106
1083255374,33624,17002,16622,0.505650725672139
1083277403,25766,11534,14232,0.4476441822556858
1083653933,1439,51,1388,0.035441278665740095
1083772117,583,16,567,0.0274442538593482
1083783239,94024,55424,38600,0.5894665191865907
1083857805,17254,15428,1826,0.894169467949461
1083959863,25068,6362,18706,0.25378969203765755
1084222147,4909,2615,2294,0.5326950499083316
1084350569,6382,1923,4459,0.30131620181761204
1084476048,2600,1393,1207,0.5357692307692308
1084507162,4521,1539,2982,0.3404114134041141
1084821062,6453,1497,4956,0.23198512319851233
1085482790,30523,7292,23231,0.23890181174851752
1085631014,804,84,720,0.1044776119402985
1085688033,44196,14556,29640,0.3293510724952484
1085773472,7194,2141,5053,0.29760911871003615
1086606124,39919,25051,14868,0.6275457802049149
1087457556,6610,248,6362,0.03751891074130106
1087675618,1115,149,966,0.1336322869955157
1088195913,26693,3014,23679,0.11291349792080321
1088223490,17409,9686,7723,0.5563788844850365
1088642820,116363,72815,43548,0.6257573283603894
1088964394,15998,10198,5800,0.6374546818352294
1089237361,509,221,288,0.43418467583497056
1089278209,22735,5713,17022,0.2512865625687266
1089386617,3342,95,3247,0.028426092160383006
1089631498,13813,3855,9958,0.2790849200028958
1090395686,2831,122,2709,0.0430943129636171
1090884982,469,112,357,0.23880597014925373
1090885161,5911,3266,2645,0.5525291828793775
1090955318,9231,1362,7869,0.14754631134221644
1090966837,2339,6,2333,0.0025651988029072254
1091191721,352,81,271,0.23011363636363635
1091499683,24915,5955,18960,0.2390126429861529
1091591603,16059,9463,6596,0.5892645868360421
1091665289,29936,10270,19666,0.34306520577231425
1091940522,204,94,110,0.46078431372549017
1092126372,79833,45921,33912,0.5752132576753974
1092228450,2591,887,1704,0.3423388653029718
1092283652,34087,2067,32020,0.06063895326664124
1092375851,70,46,24,0.6571428571428571
1092395586,19666,1491,18175,0.0758161293603173
1092416941,20415,11057,9358,0.5416115601273573
1092420291,29216,17118,12098,0.5859118291347207
1092700790,5021,803,4218,0.15992830113523201
1093104168,42766,28044,14722,0.6557545713884861
1093177236,3088,566,2522,0.18329015544041452
1093819974,23139,8282,14857,0.3579238515061152
1094236499,7685,94,7591,0.012231620039037085
1094402812,10673,4606,6067,0.4315562634685655
1094419685,24192,16777,7415,0.693493716931217
1094547170,758,79,679,0.10422163588390501
1094662467,14327,9446,4881,0.6593145808613108
1095542516,686,241,445,0.35131195335276966
1095785946,233,203,30,0.871244635193133
1095861141,396,118,278,0.29797979797979796
1095980817,38029,20967,17062,0.5513423965920745
1096323370,95330,46961,48369,0.4926151264030211
1096540410,3614,462,3152,0.12783619258439402
1096565921,116527,92088,24439,0.7902717825053421
1096776982,143418,75696,67722,0.5277998577584404
1096873512,7408,3454,3954,0.4662526997840173
1097142020,1800,410,1390,0.22777777777777777
1097243090,4089,3244,845,0.7933480068476401
1097264428,1435,449,986,0.3128919860627178
1097283678,11070,2005,9065,0.18112014453477868
1097339789,14474,10301,4173,0.7116899267652342
1097339802,3230,785,2445,0.24303405572755418
1097565070,1730,31,1699,0.017919075144508672
1097837965,874,123,751,0.14073226544622425
1097902914,61659,18064,43595,0.29296615254869524
1098108566,8575,2072,6503,0.2416326530612245
1098315423,1478,346,1132,0.23410013531799728
1098940270,4421,2088,2333,0.4722913368016286
1099397809,1273,150,1123,0.1178318931657502
1099422251,5104,1619,3485,0.3172021943573668
1099441596,6097,814,5283,0.1335082827620141
1099659557,12359,4122,8237,0.33352212962213773
1099674269,39266,11755,27511,0.2993684103295472
1099840197,15903,8925,6978,0.5612148651197887
1099922912,10666,606,10060,0.0568160510031877
1100034321,4258,181,4077,0.04250821982151245
1100146638,158142,38644,119498,0.2443626614055722
1100195496,1022,72,950,0.07045009784735812
1100320849,451,114,337,0.25277161862527714
1100325392,9219,6891,2328,0.7474780344939799
1100433910,5497,2428,3069,0.4416954702565036
1100485079,1969,1799,170,0.9136617572371762
1100813907,2443,1834,609,0.7507163323782235
1101047453,54341,6294,48047,0.11582414751292762
1101499290,608,507,101,0.8338815789473685
1101591400,6086,2899,3187,0.4763391390075583
1101759541,1206,1147,59,0.951077943615257
1102008408,92379,36895,55484,0.3993873066389547
1102217417,69927,40597,29330,0.580562586697556
1102335963,61221,31313,29908,0.5114748207314483
1102439399,7910,1802,6108,0.22781289506953223
1102569861,3841,404,3437,0.10518094246290029
1102801464,3133,830,2303,0.26492180019150974
1102824674,3228,90,3138,0.027881040892193308
1102835820,20115,4329,15786,0.2152125279642058
1102888782,28797,1627,27170,0.05649894086189534
1102904873,10611,5289,5322,0.4984450098953916
1102923881,13704,1825,11879,0.13317279626386455
1102947009,31329,12731,18598,0.40636471001308694
1103049455,21605,20251,1354,0.9373293219162231
1103208295,2682,2153,529,0.8027591349739001
1103290870,5002,3003,1999,0.600359856057577
1103290955,3182,1585,1597,0.49811439346323066
1103359717,19797,4899,14898,0.24746173662676163
1103488303,9115,199,8916,0.02183214481623697
1103602213,50805,3045,47760,0.059935045763212284
1103608609,1200,1132,68,0.9433333333333334
1103796623,2064,1006,1058,0.4874031007751938
1103848884,727,15,712,0.02063273727647868
1104372947,52900,23554,29346,0.44525519848771267
1104522622,11029,7158,3871,0.649016229939251
1104742777,34035,17219,16816,0.5059203760834435
1105038498,694,53,641,0.07636887608069164
1105159293,3123,2264,859,0.7249439641370478
1105254954,26284,14825,11459,0.5640313498706437
1105395001,125735,70559,55176,0.5611723068358054
1105621931,10675,5415,5260,0.5072599531615926
1105635409,4996,1626,3370,0.3254603682946357
1105744608,5020,1352,3668,0.2693227091633466
1105970516,8644,3245,5399,0.37540490513651087
1105998204,428,248,180,0.5794392523364486
1106144694,5843,4380,1463,0.7496149238404929
1106576985,8285,3207,5078,0.3870850935425468
1106786320,18018,3477,14541,0.19297369297369296
1107012656,12430,5798,6632,0.4664521319388576
1107229741,8646,3531,5115,0.4083969465648855
1107273657,1406,872,534,0.620199146514936
1107348165,2952,222,2730,0.07520325203252033
1107635752,16046,7085,8961,0.44154306369188584
1107732888,38836,24836,14000,0.6395097332372026
1107922757,19752,11098,8654,0.5618671526933982
1108157959,2943,5,2938,0.0016989466530750934
1108290600,753,522,231,0.6932270916334662
1108407080,424,220,204,0.5188679245283019
1108653104,386,80,306,0.20725388601036268
1108737433,1573,56,1517,0.03560076287349015
1109034259,32121,13776,18345,0.4288783039133277
1109044657,417,69,348,0.16546762589928057
1109046317,2091,1017,1074,0.48637015781922527
1109075403,3799,2576,1223,0.6780731771518821
1109597801,4659,1958,2701,0.42026185876797595
1109884659,2122,986,1136,0.4646559849198869
1109885816,17376,13883,3493,0.7989755985267035
1109959972,8288,4753,3535,0.5734797297297297
1110011289,24059,12469,11590,0.5182675921692506
1110017677,993,89,904,0.08962739174219536
1110100099,2651,2092,559,0.7891361750282913
1110312737,817,385,432,0.47123623011015914
1110460481,9142,2947,6195,0.3223583460949464
1110503671,7056,75,6981,0.010629251700680272
1110727657,80954,21461,59493,0.265101168564864
1111091836,680139,337617,342522,0.4963941194373503
1111190619,415,307,108,0.7397590361445783
1111241012,18695,202,18493,0.010805028082374966
1111254011,75636,17962,57674,0.23747950711301496
1111357944,37561,22668,14893,0.6034983094166821
1111480357,43973,9062,34911,0.20608100425260956
1111641330,16534,7085,9449,0.42851094713922827
1111826297,88258,16245,72013,0.18406263454870947
1111893511,38222,3130,35092,0.08189001098843599
1112029952,4896,846,4050,0.17279411764705882
1112035994,994,357,637,0.3591549295774648
1112272173,2914,739,2175,0.25360329444063145
1112293130,16617,16466,151,0.9909129205030992
1112427367,11795,1888,9907,0.16006782534972447
1112519898,2358,820,1538,0.3477523324851569
1112562459,28358,11102,17256,0.39149446364341633
1112934109,12979,4386,8593,0.33793050312042533
1112996053,6708,3795,2913,0.565742397137746
1113076619,5258,3088,2170,0.5872955496386458
1113231850,1696,55,1641,0.03242924528301887
1113314195,5674,1818,3856,0.32040888262248857
1113344905,1023,350,673,0.3421309872922776
1113353439,28842,8973,19869,0.31110879966715205
1113420582,2668,1451,1217,0.5438530734632684
1113483518,5764,4071,1693,0.7062803608605135
1113609624,1091,604,487,0.5536205316223648
1113652887,5482,2454,3028,0.4476468442174389
1114259968,23011,824,22187,0.035808960931728306
1114345028,12153,6233,5920,0.512877478811816
1114353177,66563,38834,27729,0.5834172137674083
1114430944,2225,755,1470,0.3393258426966292
1114663528,703,423,280,0.6017069701280228
1114707099,26104,9089,17015,0.3481841863315967
1114772310,2983,1770,1213,0.5933623868588669
1114825601,30785,20283,10502,0.6588598343349034
1114896663,5797,1151,4646,0.19855097464205623
1114902651,43499,17351,26148,0.3988827329363893
1115031585,648,110,538,0.1697530864197531
1115177458,593,158,435,0.26644182124789206
1115234506,1979,990,989,0.5002526528549772
1115263960,3875,695,3180,0.17935483870967742
1115439394,1919,918,1001,0.47837415320479415
1115563937,1761,543,1218,0.3083475298126065
1115569834,11604,3667,7937,0.31601172009651846
1115651448,1522,123,1399,0.08081471747700394
1115690634,212862,23795,189067,0.11178603978164256
1115713657,20355,3618,16737,0.17774502579218865
1116095823,11907,1992,9915,0.1672965482489292
1116485533,795,21,774,0.026415094339622643
1116489251,95388,36438,58950,0.3819977355642219
1116518636,10975,1826,9149,0.16637813211845104
1116754075,3962,2264,1698,0.5714285714285714
1117174810,2343,1052,1291,0.44899701237729406
1117221254,2254,1872,382,0.8305235137533274
1117318867,1881,808,1073,0.42955874534821903
1117475395,7117,2946,4171,0.41393845721511874
1117520953,2945,50,2895,0.01697792869269949
1117565117,11418,5506,5912,0.4822210544753897
1117682387,1001,517,484,0.5164835164835165
1117682530,35692,22228,13464,0.6227726101087079
1117739107,8719,860,7859,0.09863516458309439
1117919722,2512,354,2158,0.1409235668789809
1117947361,21892,4283,17609,0.1956422437420062
1118008288,2571,520,2051,0.20225593154414626
1118061969,640,254,386,0.396875
1118067193,95840,50805,45035,0.5301022537562604
1118340437,830,249,581,0.3
1118341840,1565,1073,492,0.6856230031948882
1118546978,36535,24726,11809,0.6767756945394827
1118812196,40073,18647,21426,0.4653257804506775
1118845883,1386,796,590,0.5743145743145743
1118976998,13656,9639,4017,0.7058435852372583
1119005473,67383,47255,20128,0.7012896427882404
1119324675,10264,1109,9155,0.10804754481683554
1119331964,1297,1056,241,0.8141865844255975
1119499787,44683,3917,40766,0.08766197435266208
1119534991,38972,6793,32179,0.1743046289643847
1119669198,51264,37743,13521,0.73624765917603
1119674264,1382,862,520,0.6237337192474675
1119754305,80757,43502,37255,0.5386777616801021
1119907458,812,220,592,0.270935960591133
1120063795,60941,36151,24790,0.5932131077599646
1120143997,1123,1036,87,0.9225289403383793
1120157672,21417,16173,5244,0.7551477798010926
1120255752,1689,90,1599,0.05328596802841918
1120395988,2738,1465,1273,0.5350620891161432
1120492432,1920,242,1678,0.12604166666666666
1120611619,21772,19480,2292,0.8947271725151571
1120668783,657,35,622,0.0532724505327245
1120732795,150968,119746,31222,0.7931879603624609
1121081105,472,156,316,0.3305084745762712
1121177070,10838,5180,5658,0.47794796087839087
1121181564,2612,558,2054,0.21362940275650844
1121464319,2484,417,2067,0.1678743961352657
1121761130,20819,13539,7280,0.6503194197607954
1121958482,1729,781,948,0.4517061885482938
1122700562,6077,4852,1225,0.7984202731610992
1122813717,11368,6971,4397,0.6132125263898663
1122849362,5571,2541,3030,0.4561120086160474
1122909581,1070,661,409,0.6177570093457944
1122950054,12772,6272,6500,0.49107422486689634
1122964207,78845,67958,10887,0.8619189549115353
1123100046,1875,1313,562,0.7002666666666667
1123119011,10461,3469,6992,0.3316126565337922
1123184026,112,20,92,0.17857142857142858
1123227655,3397,1303,2094,0.38357374153664997
1123256965,291,68,223,0.23367697594501718
1123280044,11340,3613,7727,0.31860670194003526
1123351866,2455,268,2187,0.10916496945010183
1123483609,5885,5014,871,0.8519966015293118
1123564669,4402,2577,1825,0.5854157201272149
1123982719,7717,2266,5451,0.2936374238693793
1124094894,17699,9011,8688,0.5091248093112605
1124212903,4404,1233,3171,0.27997275204359673
1124443753,129473,35213,94260,0.2719717624524032
1124696054,17421,9543,7878,0.5477871534355089
1124842035,140747,103888,36859,0.7381187520870782
1124967465,4109,314,3795,0.07641761985884643
1124995207,8651,3433,5218,0.39683273609987285
1125051081,8063,4454,3609,0.5523998511720204
1125107539,31455,14232,17223,0.4524558893657606
1125299368,8090,2221,5869,0.2745364647713226
1125334471,611,366,245,0.5990180032733224
1125658310,6836,3272,3564,0.478642480983031
1125764231,38675,30668,8007,0.792967032967033
1125835844,2620,1965,655,0.75
1125902924,29634,14776,14858,0.49861645407302424
1125911129,2151,295,1856,0.13714551371455136
1125962347,4057,2738,1319,0.6748829184126202
1126180809,50340,29115,21225,0.5783671036948749
1126256971,3339,594,2745,0.1778975741239892
1126260056,1398,1169,229,0.8361945636623748
1126308470,7011,3524,3487,0.5026387105976323
1126337737,3631,1317,2314,0.3627099972459378
1126450222,15517,7227,8290,0.46574724495714376
1126542457,16214,9419,6795,0.5809177254224744
1126705936,36903,18045,18858,0.4889846353954963
1126931340,14659,6735,7924,0.459444709734634
1126952712,47360,21096,26264,0.4454391891891892
1127029282,21959,14646,7313,0.6669702627624209
1127390461,34284,22151,12133,0.6461031384902578
1127406287,8873,1398,7475,0.157556632480559
1127688125,30337,3116,27221,0.1027128588851897
1127712464,523,27,496,0.05162523900573614
1128314692,1220,371,849,0.3040983606557377
1128395418,51649,19973,31676,0.3867064221959767
1128491402,3138,1672,1466,0.532823454429573
1128740327,8160,4681,3479,0.5736519607843137
1128821287,10704,8053,2651,0.7523355754857997
1128838686,2291,371,1920,0.16193801833260585
1128849641,1230,541,689,0.4398373983739837
1129002320,30478,15788,14690,0.5180129929785419
1129011121,2364,561,1803,0.23730964467005075
1129085742,396,83,313,0.20959595959595959
1129295956,22731,17678,5053,0.7777044564691391
1129399876,5523,2832,2691,0.5127648017381857
1129494611,4886,1018,3868,0.20835038886614818
1129547667,32307,10140,22167,0.3138638685114681
1129611082,962,759,203,0.7889812889812889
1129617123,34276,11693,22583,0.3411424903722721
1129624571,5018,1383,3635,0.2756078118772419
1130079379,18254,8715,9539,0.4774296044702531
1130139845,35861,20831,15030,0.5808817378210313
1130266484,3789,1603,2186,0.42306677223541833
1130386760,3223,18,3205,0.005584858827179647
1130600713,7959,3463,4496,0.43510491267747203
1130645723,2292,1015,1277,0.44284467713787085
1130684463,478,290,188,0.606694560669456
1131080999,67974,9035,58939,0.13291846882631594
1131216706,2083,320,1763,0.15362457993278925
1131289535,1948,174,1774,0.08932238193018481
1131453359,905,283,622,0.312707182320442
1131867230,15874,5484,10390,0.3454705808239889
1131919879,22216,17464,4752,0.7861001080302484
1131954945,1346,78,1268,0.05794947994056464
1132033968,9430,2057,7373,0.21813361611876989
1132071965,7790,3509,4281,0.45044929396662386
1132192505,6685,3520,3165,0.5265519820493643
1132199438,514,64,450,0.1245136186770428
1132227885,17009,15272,1737,0.8978775942148275
1132240823,1310,549,761,0.41908396946564885
1132293108,155549,49178,106371,0.3161576094992575
1132366105,62001,56408,5593,0.9097917775519749
1132432624,61031,17414,43617,0.2853304058593174
1132441369,11020,3631,7389,0.329491833030853
1132476538,2451,439,2012,0.17911056711546308
1132520094,5650,3658,1992,0.6474336283185841
1132600558,8013,5255,2758,0.6558093098714589
1132767984,26841,15411,11430,0.5741589359561864
1132806371,1729,84,1645,0.048582995951417005
1132874616,107117,74005,33112,0.6908800657225277
1133274353,4930,940,3990,0.19066937119675456
1133377416,1774,1096,678,0.6178128523111612
1133448582,5144,1419,3725,0.27585536547433903
1133534460,10211,3413,6798,0.33424738027617273
1133711354,9210,1252,7958,0.13593919652551575
1133809293,8782,2302,6480,0.26212707811432473
1134162535,81807,13024,68783,0.15920398009950248
1134205974,863,88,775,0.10196987253765932
1134287249,8175,2671,5504,0.3267278287461774
1134363981,3163,718,2445,0.22699968384445146
1134400909,13373,11118,2255,0.8313766544530024
1134498235,57105,13324,43781,0.23332457753261535
1134659841,52097,32337,19760,0.6207075263450871
1134748073,110421,36964,73457,0.33475516432562646
1134760744,15123,8704,6419,0.5755471797923692
1134816355,144,97,47,0.6736111111111112
1134924499,1637,1199,438,0.7324373854612095
1135098064,504,370,134,0.7341269841269841
1135392931,366,105,261,0.28688524590163933
1135399265,9534,4337,5197,0.45489825886301655
1135574712,1573,246,1327,0.15638906547997458
1135677808,853,237,616,0.27784290738569756
1135679669,52522,1798,50724,0.034233273675793
1135746714,32110,12889,19221,0.40140143257552163
1135806147,46116,26144,19972,0.5669182062624686
1135951922,3196,1920,1276,0.6007509386733417
1135984403,28762,9537,19225,0.33158333912801613
1136029848,22435,4635,17800,0.2065968353019835
1136193322,29605,22241,7364,0.7512582334065192
1136208682,175,8,167,0.045714285714285714
1136214108,32872,15193,17679,0.4621866634217571
1136282039,52437,21143,31294,0.40320765871426667
1136305950,2036,1202,834,0.5903732809430255
1136622515,182,34,148,0.18681318681318682
1136811977,833,261,572,0.3133253301320528
1136980189,2401,1002,1399,0.417326114119117
1137058888,1843,671,1172,0.3640803038524145
1137506888,23923,14989,8934,0.6265518538644819
1137560116,6701,2705,3996,0.40367109386658706
1137578300,4715,2570,2145,0.545068928950159
1137738947,1078,183,895,0.16975881261595546
1138049157,1042,783,259,0.7514395393474088
1138235248,1066,183,883,0.17166979362101314
1138364574,20059,11485,8574,0.5725609452116257
1138473891,2060,1056,1004,0.512621359223301
1138800045,12235,7877,4358,0.6438087454025337
1139225726,5915,1514,4401,0.25595942519019443
1139279533,43413,37242,6171,0.857853638311105
1139294100,33350,3037,30313,0.09106446776611694
1139403862,42739,2290,40449,0.05358103839584454
1139732749,1510,946,564,0.6264900662251656
1139904932,34028,11182,22846,0.32861173151522277
1140215619,27921,9628,18293,0.34483005623007773
1140263359,1425,4,1421,0.002807017543859649
1140283760,6550,4160,2390,0.6351145038167939
1140329929,6193,3196,2997,0.5160665267237203
1140867985,4066,2239,1827,0.5506640432857846
1140880171,15759,255,15504,0.016181229773462782
1140938642,251,132,119,0.5258964143426295
1141073901,962,637,325,0.6621621621621622
1141169335,2103,891,1212,0.42368045649072755
1141251531,14636,4605,10031,0.3146351462148128
1141306617,29113,12053,17060,0.4140074880637516
1141664489,38624,6441,32183,0.1667615990057995
1141664837,55990,7655,48335,0.13672084300767995
1141848532,1869,692,1177,0.37025147137506687
1141853896,52447,38485,13962,0.7337883959044369
1141858640,226,19,207,0.084070796460177
1142194203,5158,3346,1812,0.6487010469174098
1142233782,33479,26102,7377,0.779652916753786
1142285439,60990,164,60826,0.0026889654041646173
1142373939,19367,3821,15546,0.19729436670625292
1142469738,7924,2641,5283,0.3332912670368501
1142713715,232,27,205,0.11637931034482758
1143256950,6038,655,5383,0.10847962901623054
1143264832,254525,175154,79371,0.6881602985954228
1143420371,3463,329,3134,0.09500433150447589
1143679885,15477,10421,5056,0.6733217031724494
1143811195,428,227,201,0.530373831775701
1143905029,13085,0,13085,0.0
1143937298,6210,880,5330,0.14170692431561996
1143968824,34556,15781,18775,0.45667901377474246
1143993440,24032,930,23102,0.03869840213049268
1144098419,3190,861,2329,0.2699059561128527
1144219501,29006,3260,25746,0.11239053988829897
1144381796,2568,1217,1351,0.47390965732087226
1144482108,55304,20311,34993,0.3672609576160856
1144530920,2171,6,2165,0.0027637033625057578
1144541373,1933,999,934,0.5168132436627004
1144560654,10689,2251,8438,0.21059032650388249
1144654307,51361,18887,32474,0.36773037908140416
1144708389,6384,993,5391,0.15554511278195488
1145020158,2849,232,2617,0.08143208143208143
1145274711,14461,6337,8124,0.43821312495678033
1145349159,2449,1024,1425,0.4181298489179257
1145564048,9846,441,9405,0.044789762340036565
1145781893,34171,29099,5072,0.851570044774809
1145853766,1243,734,509,0.5905068382944489
1145928443,8193,621,7572,0.07579641157085316
1145986770,8579,2330,6249,0.27159342580720364
1146140446,284742,125319,159423,0.4401142086520429
1146162961,3820,2673,1147,0.699738219895288
1146321798,783,154,629,0.1966794380587484
1146856389,4010,1133,2877,0.28254364089775563
1147037750,60428,21109,39319,0.3493248163103197
1147068762,160384,120906,39478,0.7538532521947326
1147139803,1405,210,1195,0.1494661921708185
1147348102,5603,2172,3431,0.38764947349634127
1147625372,617,91,526,0.14748784440842788
1147792363,2174,64,2110,0.029438822447102116
1148077350,15706,2730,12976,0.17381892270469884
1148228391,339,128,211,0.3775811209439528
1148400865,2241,612,1629,0.27309236947791166
1148480381,10713,4319,6394,0.40315504527209933
1148553756,1603,1067,536,0.6656269494697442
1148579576,3608,1945,1663,0.539079822616408
1148977882,2343,1391,952,0.5936833119931711
1149084639,22462,13137,9325,0.5848544207995726
1149107776,14343,10000,4343,0.6972042111134351
1149340809,6285,1262,5023,0.20079554494828958
1149413144,3696,31,3665,0.008387445887445888
1149452152,72147,49966,22181,0.692558249130248
1149470503,66589,19342,47247,0.2904683956809683
1149477093,94031,32464,61567,0.3452478437961949
1149516524,3564,230,3334,0.06453423120089787
1149714384,7990,4623,3367,0.5785982478097622
1149781874,4133,2347,1786,0.5678683764819743
1149794520,2929,581,2348,0.198361215431888
1149896123,6831,4276,2555,0.6259698433611477
1150067319,40493,33077,7416,0.8168572345837553
1150092820,31394,26175,5219,0.833758042938141
1150132932,13216,2056,11160,0.15556900726392253
1150492792,24989,21007,3982,0.8406498859498179
1150692757,58508,57956,552,0.9905653927668011
1151087149,5713,1309,4404,0.22912655347453176
1151247209,26043,20537,5506,0.7885804246822563
1151298921,816,73,743,0.08946078431372549
1151475967,39470,38868,602,0.9847479098049151
1151791879,4666,1768,2898,0.37891127303900557
1151878509,364,347,17,0.9532967032967034
1151882685,11025,4726,6299,0.4286621315192744
1152451108,535,288,247,0.5383177570093458
1152461749,19289,2420,16869,0.12546010679661984
1152594627,276,109,167,0.39492753623188404
1152938450,6265,552,5713,0.08810853950518754
1152951379,2092,1887,205,0.9020076481835564
1153156518,27656,22815,4841,0.8249566097772635
1153291401,5230,3130,2100,0.5984703632887189
1153308779,167703,89191,78512,0.531839024942905
1153558889,31954,11354,20600,0.3553232772109908
1153885087,10736,7396,3340,0.6888971684053651
1153957060,11262,6776,4486,0.6016693304919197
1154016292,69174,8028,61146,0.1160551652354931
1154131632,2610,1987,623,0.7613026819923372
1154247763,5832,3284,2548,0.5631001371742113
1154336684,550,65,485,0.11818181818181818
1154520494,24166,19630,4536,0.8122982702971117
1154547394,26164,22958,3206,0.8774652193854151
1154557499,2562,1653,909,0.6451990632318502
1154795578,11000,2438,8562,0.22163636363636363
1154841832,22602,17092,5510,0.7562162640474295
1155210273,11333,3856,7477,0.3402453013323921
1155620819,3473,2052,1421,0.5908436510221711
1155666448,1336,832,504,0.6227544910179641
1155795190,6604,10,6594,0.0015142337976983646
1155864721,29601,16809,12792,0.5678524374176548
1155894945,72889,1148,71741,0.015749975990890258
1155916375,768,656,112,0.8541666666666666
1156013546,7820,1796,6024,0.22966751918158568
1156105567,25102,19686,5416,0.7842402995777229
1156119007,4492,3209,1283,0.7143811219946572
1156161966,7215,3311,3904,0.4589050589050589
1156192746,6227,4477,1750,0.7189657941223703
1156207973,558,364,194,0.6523297491039427
1156219098,23975,2169,21806,0.09046923879040668
1156303965,5987,2399,3588,0.40070151995991315
1156440026,9915,8230,1685,0.8300554715078164
1156554739,76,6,70,0.07894736842105263
1156570631,8168,2651,5517,0.3245592556317336
1156656298,1443,1359,84,0.9417879417879418
1156676651,7210,2731,4479,0.37877947295423026
1156939505,9746,8385,1361,0.8603529653191053
1157009843,502,330,172,0.6573705179282868
1157125920,216,0,216,0.0
1157296855,934,707,227,0.7569593147751607
1157339847,5689,4976,713,0.8746704165934259
1157494576,1071,70,1001,0.06535947712418301
1157560420,668,662,6,0.9910179640718563
1157818712,3596,3214,382,0.8937708565072302
1157907314,3912,1839,2073,0.4700920245398773
1157916019,54916,35872,19044,0.6532158205258941
1157941368,10655,10033,622,0.941623650868137
1158137578,19377,14825,4552,0.7650823140837075
1158319997,2942,2330,612,0.7919782460910945
1158337490,67571,23105,44466,0.34193662961921534
1158400430,12840,1947,10893,0.15163551401869158
1158485206,1564,233,1331,0.1489769820971867
1158536058,29691,7336,22355,0.2470782391970631
1158697088,4237,2617,1620,0.6176540004720321
1158858377,11183,8896,2287,0.7954931592595904
1159049615,41131,33730,7401,0.8200627264107364
1159194236,4501,2122,2379,0.4714507887136192
1159561994,2324,355,1969,0.1527538726333907
1159847387,1807,764,1043,0.42280022136137246
1159889419,1334,146,1188,0.10944527736131934
1159901284,380,237,143,0.6236842105263158
1160142653,5257,1811,3446,0.3444930568765456
1160381948,4264,3889,375,0.9120544090056285
1160577923,2619,1511,1108,0.5769377625047728
1160593966,1442,1205,237,0.8356449375866851
1160702648,3549,175,3374,0.04930966469428008
1160837710,1113,356,757,0.3198562443845463
1161047914,175,22,153,0.12571428571428572
1161115467,6666,2015,4651,0.3022802280228023
1161342669,8607,5349,3258,0.6214708957825026
1161434992,7359,3839,3520,0.5216741405082213
1161589863,20923,6746,14177,0.3224203030158199
1161590217,328,213,115,0.649390243902439
1161590810,53296,39275,14021,0.7369220954668267
1161635512,22763,3588,19175,0.15762421473443747
1161873037,6637,3662,2975,0.5517553111345488
1161878039,1394,865,529,0.6205164992826399
1161902223,501,230,271,0.4590818363273453
1161914467,3501,1308,2193,0.3736075407026564
1161940332,46445,34957,11488,0.7526536763914308
1162025268,20159,1948,18211,0.09663177736990922
1162134096,19434,1459,17975,0.07507461150560872
1162140694,30601,9730,20871,0.31796346524623376
1162363101,1363,148,1215,0.10858400586940573
1162424772,1567,73,1494,0.04658583280153159
1162435843,99265,62325,36940,0.6278648063264998
1162621739,407,355,52,0.8722358722358723
1162677585,8946,6860,2086,0.7668231611893583
1162872415,36146,20483,15663,0.5666740441542633
1163218840,23144,7694,15450,0.332440373314898
1163331534,3527,2187,1340,0.6200737170399773
1163367171,1082,571,511,0.5277264325323475
1163702054,8662,2206,6456,0.25467559455091204
1163747448,224,127,97,0.5669642857142857
1163748704,12774,11090,1684,0.8681697197432284
1163848476,2107,110,1997,0.052206929283341245
1163881883,4518,2255,2263,0.4991146525011067
1163891412,2331,1901,430,0.8155298155298155
1164109263,420,106,314,0.2523809523809524
1164115928,9980,9502,478,0.9521042084168336
1164126579,1013,420,593,0.4146100691016782
1164159584,62711,16378,46333,0.26116630256254886
1164459808,81128,63984,17144,0.7886796173947342
1164740415,15077,14392,685,0.954566558333886
1164882490,1187,655,532,0.5518112889637742
1164992969,18960,18071,889,0.9531118143459916
1165004279,2611,603,2008,0.23094599770202986
1165008179,8489,3411,5078,0.401814112380728
1165117573,65768,40158,25610,0.6106009001338036
1165353468,18541,10800,7741,0.5824928536756377
1165436895,245137,127460,117677,0.5199541480886198
1165507110,2905,1805,1100,0.621342512908778
1165526994,5384,3168,2216,0.5884101040118871
1165710837,23947,5241,18706,0.21885831210590054
1165848255,2023,1096,927,0.541769649036085
1165887507,12620,11456,1164,0.9077654516640253
1166209470,638,498,140,0.780564263322884
1166318475,15315,6502,8813,0.4245510936989879
1166374994,5331,5153,178,0.9666103920465203
1166428820,5503,802,4701,0.14573868798836997
1166498045,1059,514,545,0.48536355051935787
1166705372,1809,985,824,0.5444997236042012
1166769147,15445,3629,11816,0.23496277112334088
1166771964,4896,4185,711,0.8547794117647058
1166858102,13925,8617,5308,0.6188150807899462
1166876358,2101,988,1113,0.47025226082817706
1166901247,5788,1921,3867,0.33189357290946786
1166910224,1385,200,1185,0.1444043321299639
1166950035,3940,803,3137,0.20380710659898477
1167078663,4792,1858,2934,0.3877295492487479
1167091201,4153,2624,1529,0.6318324103058031
1167214196,3295,2316,979,0.7028831562974204
1167230507,4493,2634,1859,0.5862452704206543
1167557693,52414,12121,40293,0.23125500820391498
1167840561,26591,9971,16620,0.37497649580685194
1168137488,3707,3220,487,0.868626922039385
1168299217,34022,4362,29660,0.12821115748633238
1168377678,48641,20259,28382,0.41650048313151455
1168759606,23092,19829,3263,0.8586956521739131
1168931220,45313,41593,3720,0.9179043541588506
1169258600,707,348,359,0.49222065063649223
1169493621,5621,1438,4183,0.2558263654154065
1169561723,13189,8451,4738,0.640761240427629
1169588791,21526,14138,7388,0.6567871411316547
1169757722,2413,825,1588,0.3418980522171571
1169920290,21111,13039,8072,0.6176400928425939
1170082346,1350,933,417,0.6911111111111111
1170141702,1600,234,1366,0.14625
1170161057,56328,29031,27297,0.5153919897741798
1170240083,4763,3109,1654,0.6527398698299391
1170266549,43533,26302,17231,0.6041853306686881
1170721057,18889,11214,7675,0.593678860712584
1170812450,711,97,614,0.13642756680731363
1170822089,26374,14645,11729,0.5552817168423447
1170840402,25407,20936,4471,0.8240248750344393
1170956238,3075,2833,242,0.92130081300813
1171229774,16989,15230,1759,0.8964624168579669
1171272180,3787,2727,1060,0.7200950620543967
1171306912,253,104,149,0.41106719367588934
1171323458,2517,1908,609,0.7580452920143027
1171619327,1131,859,272,0.7595048629531388
1171689477,14517,7550,6967,0.5200799063167321
1171829715,25522,14001,11521,0.5485855340490557
1172171084,3561,1991,1570,0.5591126088177478
1172207689,91,70,21,0.7692307692307693
1172228501,47176,32646,14530,0.6920044090215364
1172274644,628,178,450,0.28343949044585987
1172275438,29185,11370,17815,0.3895836902518417
1172285652,14446,12723,1723,0.8807282292676173
1172314297,23658,6562,17096,0.2773691774452616
1172378231,1284,1122,162,0.8738317757009346
1172443451,3063,1895,1168,0.6186745021221025
1172867529,22563,19800,2763,0.8775428799361787
1173076157,1363,788,575,0.578136463683052
1173143167,26837,6165,20672,0.22972016246227223
1173159636,254,202,52,0.7952755905511811
1173370448,44411,41307,3104,0.9301074058228818
1173371907,1246,770,476,0.6179775280898876
1173389589,4624,4283,341,0.9262543252595156
1173397002,2699,500,2199,0.1852537977028529
1173427788,28281,15505,12776,0.5482479403132845
1173613482,16077,1829,14248,0.11376500590906263
1173684180,66824,11395,55429,0.17052256674248772
1173688801,2681,1894,787,0.7064528161133905
1173708851,15304,5036,10268,0.329064296915839
1173825013,25879,5886,19993,0.2274431005834847
1174004766,20007,8447,11560,0.4222022292197731
1174366781,2930,1586,1344,0.5412969283276451
1174397767,1937,1167,770,0.6024780588538978
1174415098,7560,6604,956,0.8735449735449735
1174693781,10670,3499,7171,0.3279287722586692
1174699436,158,19,139,0.12025316455696203
1174718652,35568,20831,14737,0.5856668915879443
1174790638,13302,12259,1043,0.9215907382348519
1174868569,17277,11282,5995,0.6530068877698675
1175150545,130720,6962,123758,0.05325887392900857
1175184090,835,313,522,0.37485029940119763
1175244840,1610,1068,542,0.6633540372670808
1175326218,8211,260,7951,0.03166483984898307
1175457673,7231,3930,3301,0.5434932927672521
1175648145,3914,2170,1744,0.5544200306591722
1175677133,2794,987,1807,0.35325697924123123
1176247089,10002,8919,1083,0.8917216556688662
1176282863,24518,15529,8989,0.6333714006036382
1176469055,2318,150,2168,0.06471095772217429
1176590122,1343,899,444,0.6693968726731199
1176601471,3700,2969,731,0.8024324324324325
1176632537,10847,5705,5142,0.5259518760947728
1176720498,22236,17240,4996,0.7753193020327397
1176740704,33465,25706,7759,0.7681458239952189
1176833429,21789,17695,4094,0.812107026481252
1176930522,5736,1585,4151,0.2763249651324965
1176949552,12789,2507,10282,0.1960278364219251
1177078955,7042,6704,338,0.952002272081795
1177129299,19299,15137,4162,0.7843411575729312
1177140214,125,32,93,0.256
1177199728,8404,2864,5540,0.3407900999524036
1177347034,38895,37264,1631,0.95806658953593
1177402753,17556,6615,10941,0.37679425837320574
1178060206,1845,1197,648,0.6487804878048781
1178119447,2249,1023,1226,0.45486883059137395
1178173760,14662,12465,2197,0.8501568680943937
1178238337,3692,3314,378,0.8976164680390033
1178346699,2474,1624,850,0.65642683912692
1178346878,4233,1477,2756,0.3489251122135601
1178348873,4681,211,4470,0.045075838496047856
1178349257,18121,15329,2792,0.8459246178466971
1178488958,101,19,82,0.18811881188118812
1178493317,404,38,366,0.09405940594059406
1178502031,17430,994,16436,0.0570281124497992
1178684501,251,51,200,0.20318725099601595
1178832032,8275,0,8275,0.0
1178911501,2930,1178,1752,0.40204778156996585
1178949035,4538,1603,2935,0.3532393124724548
1179058442,2695,1300,1395,0.48237476808905383
1179166406,37841,475,37366,0.01255252239634259
1179279064,17584,10921,6663,0.6210759781619655
1179289682,33323,5974,27349,0.1792755754283828
1179397221,3705,2669,1036,0.7203778677462888
1179767619,471,115,356,0.24416135881104034
1179891145,1548,392,1156,0.2532299741602067
1179893686,34401,24642,9759,0.7163163861515653
1179993430,10447,2258,8189,0.2161386043840337
1180125738,5915,4825,1090,0.8157227387996618
1180531446,3301,1511,1790,0.4577400787640109
1180569186,1070,1018,52,0.9514018691588785
1181004179,825,144,681,0.17454545454545456
1181107140,2408,1863,545,0.7736710963455149
1181149558,46647,23399,23248,0.5016185392415375
1181223732,5417,4300,1117,0.7937973047812442
1181257103,453,74,379,0.16335540838852097
1181400343,332,43,289,0.12951807228915663
1181419499,2935,2624,311,0.894037478705281
1181502962,5988,2973,3015,0.4964929859719439
1181696914,19226,7610,11616,0.3958181629044003
1181926208,40173,16762,23411,0.4172454135862395
1182005527,271,38,233,0.14022140221402213
1182215036,786,353,433,0.4491094147582697
1182273032,17781,14058,3723,0.790619200269951
1182491140,1592,1095,497,0.6878140703517588
1182578104,2198,88,2110,0.040036396724294813
1182830149,13651,6621,7030,0.48501941249725294
1182834659,22256,9404,12852,0.4225377426312006
1182834968,1850,722,1128,0.3902702702702703
1182858490,734,311,423,0.42370572207084467
1182875038,2419,1586,833,0.6556428276147168
1183150773,2622,2206,416,0.8413424866514111
1183179270,2807,924,1883,0.32917705735660846
1183535083,14351,10789,3562,0.7517943000487771
1183570279,34801,6650,28151,0.1910864630326715
1183715604,10141,4605,5536,0.4540972290701114
1183717381,23268,7630,15638,0.3279181708784597
1183777774,18499,4538,13961,0.2453105573274231
1183786232,41238,31530,9708,0.7645860613996799
1183876444,46652,29845,16807,0.6397367744148161
1183954052,3203,678,2525,0.21167655323134563
1184042645,926,68,858,0.0734341252699784
1184122942,38984,33500,5484,0.8593269033449621
1184129262,347,93,254,0.2680115273775216
1184248511,1509,778,731,0.5155732273028496
1184405316,34799,16211,18588,0.46584671973332564
1184406296,5624,1491,4133,0.26511379800853485
1184510299,112903,340,112563,0.00301143459429776
1184516242,70,22,48,0.3142857142857143
1184546427,2790,2199,591,0.7881720430107527
1184978953,1199,551,648,0.45954962468723937
1185098728,9308,5492,3816,0.5900300816501933
1185275622,4417,2534,1883,0.5736925515055468
1185290693,1057,1053,4,0.9962157048249763
1185449232,17431,15863,1568,0.910045321553554
1185563755,1414,1159,255,0.8196605374823197
1185617227,3505,1285,2220,0.3666191155492154
1185697100,3896,1503,2393,0.38578028747433263
1186112820,6416,555,5861,0.08650249376558604
1186432716,21864,7370,14494,0.33708379070618366
1186498923,13302,10722,2580,0.8060442038791159
1186498975,7229,5267,1962,0.7285931664130585
1186552115,3692,2308,1384,0.6251354279523293
1186566443,18437,15417,3020,0.836198947768075
1186667009,32921,14221,18700,0.43197351234774156
1186719000,28178,18117,10061,0.642948399460572
1186830744,349,227,122,0.6504297994269341
1187047735,5236,2436,2800,0.46524064171123
1187060658,3038,939,2099,0.30908492429229756
1187196652,52480,27589,24891,0.5257050304878049
1187345653,57640,40278,17362,0.6987855655794587
1187457891,5080,4329,751,0.8521653543307086
1187478507,32266,10612,21654,0.32889109279117335
1187530605,2411,2094,317,0.8685192866030693
1187545823,2386,1890,496,0.7921207041072925
1187593229,6440,5719,721,0.8880434782608696
1187802713,2632,1199,1433,0.4555471124620061
1188048844,6036,3767,2269,0.6240888005301524
1188069510,1714,561,1153,0.32730455075845977
1188296551,18080,11367,6713,0.6287057522123893
1188319158,324,324,0,1.0
1188527100,8884,1472,7412,0.16569113012156686
1188538248,25011,13640,11371,0.545360041581704
1188582273,3166,683,2483,0.2157296272899558
1188650716,10901,1199,9702,0.1099899091826438
1188677496,9004,7668,1336,0.8516215015548645
1188801471,18058,12875,5183,0.7129803965001661
1188849365,3876,2884,992,0.7440660474716202
1189406083,34589,23230,11359,0.6716007979415421
1189758678,43839,9732,34107,0.22199411482926162
1189794691,14804,10564,4240,0.713590921372602
1189832540,4406,1193,3213,0.27076713572401273
1189902905,152227,124129,28098,0.8154203919147063
1189930072,10679,5848,4831,0.5476168180541249
1189937977,211,132,79,0.6255924170616114
1190209205,2258,1797,461,0.795837023914969
1190218788,2209,1398,811,0.6328655500226347
1190363728,331,23,308,0.06948640483383686
1190613087,7368,6364,1004,0.8637350705754615
1190616506,1219,804,415,0.6595570139458573
1190706730,29209,10215,18994,0.34972097641138006
1190781744,7264,4765,2499,0.6559746696035242
1190843074,32184,16052,16132,0.4987571464081531
1190876939,3823,1332,2491,0.34841747318859534
1190969379,44909,41359,3550,0.9209512569863502
1191091203,1755,973,782,0.5544159544159544
1191157019,1459,236,1223,0.16175462645647704
1191365746,21877,21119,758,0.9653517392695525
1191540212,3095,1401,1694,0.45266558966074316
1191831542,13457,4242,9215,0.31522627628743405
1191879571,4432,1104,3328,0.2490974729241877
1192507835,7467,807,6660,0.10807553234230614
1192757913,57953,34752,23201,0.5996583438303453
1192854712,1211,545,666,0.4500412881915772
1192957766,11547,9348,2199,0.8095609249155625
1193107907,792,0,792,0.0
1193225894,5334,2209,3125,0.4141357330333708
1193487909,7008,6062,946,0.8650114155251142
1193517650,8299,4416,3883,0.5321123026870708
1193556666,8580,1239,7341,0.14440559440559442
1193582142,95247,5365,89882,0.056327233403676756
1194057813,370,259,111,0.7
1194090042,239,239,0,1.0
1194233718,140,134,6,0.9571428571428572
1194364576,40992,12381,28611,0.3020345433255269
1194436510,6641,709,5932,0.10676102996536666
1194525918,6167,5281,886,0.8563320901572888
1194594286,2734,1605,1129,0.5870519385515728
1194775247,2113,1725,388,0.8163748225272125
1194874992,2874,510,2364,0.17745302713987474
1194949714,2149,1082,1067,0.5034899953466728
1194973573,3712,1394,2318,0.3755387931034483
1195331802,199,85,114,0.4271356783919598
1195406187,52101,26835,25266,0.5150572925663615
1195550540,3384,1620,1764,0.4787234042553192
1195759921,2299,1516,783,0.6594171378860374
1195776680,603,120,483,0.19900497512437812
1195926326,36382,30235,6147,0.831042823374196
1196002488,6376,687,5689,0.10774780426599749
1196062153,5432,1003,4429,0.18464653902798234
1196143960,1682,568,1114,0.3376932223543401
1196189962,2090,355,1735,0.16985645933014354
1196287876,6293,2376,3917,0.3775623708882886
1196421331,18204,10587,7617,0.5815754779169413
1196470668,10998,712,10286,0.06473904346244772
1196648344,10729,2518,8211,0.23469102432659147
1196664324,69,69,0,1.0
1196668403,20117,15403,4714,0.7656708256698315
1196990666,11132,8693,2439,0.780901904419691
1197087090,725,458,267,0.6317241379310344
1197252096,9906,2503,7403,0.2526751463759338
1197341939,801,552,249,0.6891385767790262
1197507604,868,826,42,0.9516129032258065
1197547410,271,2,269,0.007380073800738007
1197620374,2124,1020,1104,0.480225988700565
1197836572,21685,7055,14630,0.3253400968411344
1197914536,7580,2393,5187,0.31569920844327176
1198179359,32943,28022,4921,0.8506207692074189
1198291720,19841,13361,6480,0.6734035582883927
1198442901,94176,45274,48902,0.48073819232076115
1198445398,14820,8871,5949,0.598582995951417
1198489121,1167,298,869,0.25535561268209084
1198550209,6828,773,6055,0.11321031048623316
1198568015,1629,470,1159,0.28852056476365867
1198784509,615,181,434,0.2943089430894309
1198818391,3835,782,3053,0.20391134289439375
1198857648,1395,162,1233,0.11612903225806452
1198983871,2140,893,1247,0.41728971962616823
1199210471,14887,6394,8493,0.429502250285484
1199228354,47095,12979,34116,0.2755918887355346
1199542183,253871,186195,67676,0.7334236679258364
1199596952,7144,4624,2520,0.6472564389697648
1199628484,27792,13554,14238,0.4876943005181347
1199751234,656,105,551,0.1600609756097561
1199759725,2526,96,2430,0.03800475059382423
1199762118,4867,2553,2314,0.5245531128004931
1199879519,3293,2401,892,0.729122380807774
1199937422,1431,1430,1,0.9993011879804332
1200142956,92936,88463,4473,0.9518701041576999
1200169383,39377,25957,13420,0.659191914061508
1200186443,26071,12974,13097,0.4976410571132676
1200321864,2716,870,1846,0.32032400589101623
1200595041,95564,80238,15326,0.8396258005106525
1200640901,8768,6391,2377,0.7289005474452555
1200646283,951,526,425,0.5531019978969506
1200902052,262,224,38,0.8549618320610687
1201088574,1932,1835,97,0.9497929606625258
1201359425,1620,770,850,0.47530864197530864
1201401822,29590,19563,10027,0.6611355187563366
1201935803,4756,2468,2288,0.5189234650967199
1202024489,1035,569,466,0.5497584541062802
1202027515,8944,4798,4146,0.5364490161001789
1202425736,395,321,74,0.8126582278481013
1202500261,2874,1892,982,0.6583159359777314
1202588793,987,435,552,0.44072948328267475
1202656858,563,463,100,0.822380106571936
1202692901,565,548,17,0.9699115044247788
1202855475,6422,1117,5305,0.17393335409529742
1203121058,1664,317,1347,0.19050480769230768
1203648081,7097,3700,3397,0.5213470480484712
1203816190,14244,10813,3431,0.759126649817467
1203919948,11889,10832,1057,0.911094288838422
1204169876,5562,4564,998,0.8205681409564904
1204253610,4156,1989,2167,0.4785851780558229
1204345170,775,655,120,0.8451612903225807
1204623232,49799,0,49799,0.0
1204772850,165380,128400,36980,0.7763937598258556
1205113067,1391,470,921,0.3378864126527678
1205166882,211,4,207,0.018957345971563982
1205196460,42251,7412,34839,0.17542780052543136
1205258211,826,291,535,0.3523002421307506
1205270871,1319,149,1170,0.11296436694465505
1205299143,139229,132786,6443,0.9537237213511552
1205518956,2021,1981,40,0.9802078179119248
1205641526,257778,187237,70541,0.7263498048708579
1205923638,3904,45,3859,0.011526639344262296
1205997060,1776,363,1413,0.20439189189189189
1206016661,851,394,457,0.46298472385428907
1206067408,4238,3010,1228,0.7102406795658329
1206238616,156953,108397,48556,0.6906335017489312
1206345793,13824,12428,1396,0.8990162037037037
1206416734,103,68,35,0.6601941747572816
1206552030,3991,1144,2847,0.28664495114006516
1206641183,151,139,12,0.9205298013245033
1206676181,1453,7,1446,0.004817618719889883
1206825405,77976,14281,63695,0.1831460962347389
1206956745,3434,2692,742,0.7839254513686663
1206995482,638,291,347,0.4561128526645768
1207212060,20086,19448,638,0.968236582694414
1207264774,1015,808,207,0.7960591133004926
1207485232,6897,3330,3567,0.4828186167899087
1207674719,1652,309,1343,0.18704600484261502
1207685234,1727,555,1172,0.32136653155761435
1207701244,1972,1051,921,0.5329614604462475
1207737965,73476,48207,25269,0.6560917850726768
1207850130,1577,232,1345,0.1471147748890298
1207972084,6336,1894,4442,0.2989267676767677
1208082807,24319,208,24111,0.008552983264114479
1208127524,626,67,559,0.10702875399361023
1208167780,6997,2318,4679,0.3312848363584393
1208259316,22771,20681,2090,0.9082165912783804
1208302895,783,279,504,0.3563218390804598
1208345666,1599,146,1453,0.09130706691682301
1208363454,88721,36514,52207,0.4115598336357796
1208534796,2346,398,1948,0.16965046888320545
1208822671,9435,8636,799,0.9153153153153153
1208915694,2427,2112,315,0.8702101359703337
1209055818,1409,1116,293,0.7920511000709723
1209089010,27433,7292,20141,0.26581124922538546
1209218643,2321,810,1511,0.34898750538560963
1209274531,14465,561,13904,0.03878326996197719
1209281214,1440,1303,137,0.9048611111111111
1209399023,29032,26212,2820,0.9028658032515845
1209406859,61795,43352,18443,0.7015454324783559
1209475074,985,517,468,0.5248730964467005
1209849262,64204,36785,27419,0.5729393807239425
1209908412,288,44,244,0.1527777777777778
1210138341,5435,2268,3167,0.4172953081876725
1210266667,9577,5802,3775,0.6058264592252272
1210286415,306,1,305,0.0032679738562091504
1210374469,23675,133,23542,0.005617740232312566
1210463925,3674,1658,2016,0.4512792596624932
1210548295,1665,554,1111,0.33273273273273274
1210563051,15443,13324,2119,0.8627857281616266
1210668005,300,134,166,0.44666666666666666
1210698584,13217,6689,6528,0.5060906408413407
1210829289,9537,8107,1430,0.8500576701268743
1210956843,5411,1362,4049,0.25170948068748844
1210971815,920,821,99,0.8923913043478261
1210997023,11816,4234,7582,0.3583276912660799
1211121396,6399,2228,4171,0.34817940303172373
1211126930,4278,1032,3246,0.24123422159887797
1211288618,175,138,37,0.7885714285714286
1211293350,379,332,47,0.8759894459102903
1211310669,138,3,135,0.021739130434782608
1211341906,1681,1191,490,0.7085068411659726
1211550842,3283,1950,1333,0.5939689308559245
1211665686,14027,11179,2848,0.7969629999287089
1212203761,5719,2280,3439,0.39867109634551495
1212206074,179990,119212,60778,0.6623256847602644
1212310841,2513,824,1689,0.3278949462793474
1212464882,5212,1230,3982,0.23599386032233308
1212466149,11023,10063,960,0.9129093713145242
1212691560,190,18,172,0.09473684210526316
1212857059,13153,6735,6418,0.512050482779594
1212969224,5833,5169,664,0.8861649237099263
1213145845,100358,40116,60242,0.3997289702863748
1213266792,13234,3504,9730,0.2647725555387638
1213304272,6036,3444,2592,0.5705765407554672
1213466218,20672,8227,12445,0.39797794117647056
1213531741,20310,2649,17661,0.13042836041358938
1213675391,40058,37887,2171,0.9458035848020371
1213766496,20500,6466,14034,0.31541463414634147
1214131111,1015,181,834,0.17832512315270935
1214260042,593,57,536,0.09612141652613827
1214468686,3931,3237,694,0.8234545917069448
1214580275,3565,2008,1557,0.5632538569424965
1214624223,2404,459,1945,0.19093178036605657
1214776684,4388,1449,2939,0.33021877848678216
1214967866,79,11,68,0.13924050632911392
1214996122,175727,138743,36984,0.7895371798300773
1215076706,1129,259,870,0.22940655447298494
1215080922,5203,631,4572,0.12127618681529886
1215337169,10952,7988,2964,0.7293644996347699
1215359389,514,285,229,0.5544747081712063
1215389879,9823,3686,6137,0.37524177949709864
1215519363,1481,229,1252,0.15462525320729237
1215660250,171,24,147,0.14035087719298245
1215778140,21200,10813,10387,0.5100471698113207
1215825927,14558,12762,1796,0.8766314054128315
1216153291,13709,8824,4885,0.6436647457874389
1216355310,54087,42533,11554,0.7863812006581988
1216362418,167856,76952,90904,0.4584405681059956
1216553828,180672,128564,52108,0.7115878498051718
1216740785,11722,2698,9024,0.23016550076778708
1216897337,3619,1109,2510,0.30643824260845537
1216947806,4190,3697,493,0.8823389021479714
1216965730,984,13,971,0.013211382113821139
1217027979,270,47,223,0.17407407407407408
1217173389,2403,995,1408,0.4140657511444028
1217532582,5755,2101,3654,0.36507384882710686
1217683919,18367,5910,12457,0.3217727445962868
1217692317,593,404,189,0.6812816188870152
1217847722,2424,1463,961,0.6035478547854786
1218170163,750,663,87,0.884
1218643684,433,229,204,0.5288683602771362
1218841601,906,153,753,0.16887417218543047
1218850985,1012,44,968,0.043478260869565216
1219173455,10324,6200,4124,0.6005424254165053
1219194057,40592,32934,7658,0.8113421363815531
1219258230,4852,1713,3139,0.3530502885408079
1219374544,3974,1301,2673,0.32737795671867137
1219452476,137113,93061,44052,0.6787175541341813
1219690702,10506,8664,1842,0.8246716162193033
1219696863,570,20,550,0.03508771929824561
1219891644,5115,5081,34,0.9933528836754644
1219897388,1729,963,766,0.5569693464430306
1219913508,93246,86277,6969,0.9252622096390194
1220193909,362,164,198,0.4530386740331492
1220198916,3487,2132,1355,0.6114138227702897
1220373296,10298,1880,8418,0.18255972033404544
1220505522,83128,33207,49921,0.3994682898662304
1220526426,64489,60547,3942,0.938873296221061
1220583366,885,448,437,0.5062146892655367
1220609711,617,223,394,0.36142625607779577
1220755208,2697,2132,565,0.7905079718205413
1220808734,2454,1852,602,0.7546862265688672
1220888731,2969,2633,336,0.8868305826877737
1221198358,3195,462,2733,0.14460093896713616
1221251199,11304,3543,7761,0.31342887473460723
1221524599,8308,6695,1613,0.8058497833413577
1221591171,65,14,51,0.2153846153846154
1221661064,11869,1682,10187,0.14171370797876823
1221726635,34162,17030,17132,0.4985071131666764
1221927641,9805,5561,4244,0.5671596124426314
1222655991,85987,26924,59063,0.31311709909637503
1222685810,3503,1194,2309,0.3408506994005138
1222966149,6497,5902,595,0.9084192704325074
1222996862,15918,2486,13432,0.15617539891946225
1223302031,568,415,153,0.7306338028169014
1223459989,6027,939,5088,0.15579890492782478
1223505490,9859,3133,6726,0.31778070798255403
1223579290,1535,1277,258,0.8319218241042345
1223589504,2497,1411,1086,0.565078093712455
1223660431,676,484,192,0.7159763313609467
1223933500,10012,7134,2878,0.7125449460647223
1223996302,3331,1280,2051,0.3842689882918043
1224075210,4743,1302,3441,0.27450980392156865
1224087693,15585,3068,12517,0.196855951235162
1224446291,3712,2007,1705,0.5406788793103449
1224494840,1780,1371,409,0.7702247191011236
1224515593,23842,15509,8333,0.6504907306434023
1224543990,6642,5798,844,0.8729298404095152
1224705571,3988,3111,877,0.7800902708124373
1224720881,13160,9217,3943,0.7003799392097264
1224736485,44322,10259,34063,0.23146518658905285
1224845344,6642,128,6514,0.019271303824149353
1224913178,3041,1168,1873,0.3840841828345939
1225089212,497,443,54,0.8913480885311871
1225100102,3241,3137,104,0.9679111385374884
1225352653,817,531,286,0.6499388004895961
1225431828,16807,12558,4249,0.7471886713869221
1225558018,365,125,240,0.3424657534246575
1225662979,3676,2768,908,0.7529923830250272
1225827595,5713,3302,2411,0.5779800455102398
1225883259,52300,3714,48586,0.07101338432122371
1225978958,1427,927,500,0.649614576033637
1226015670,2241,202,2039,0.09013833110218653
1226137112,1567,65,1502,0.041480536056158264
1226204917,1732,822,910,0.4745958429561201
1226388671,782,588,194,0.7519181585677749
1226441578,4453,811,3642,0.18212441050976869
1226639700,382,32,350,0.08376963350785341
1226643219,16791,12374,4417,0.7369424096242034
1226913762,31346,6497,24849,0.2072672749314107
1227012640,70128,42226,27902,0.6021275382158339
1227130269,8395,6451,1944,0.7684335914234663
1227222452,7101,3808,3293,0.5362624982396845
1227574204,1581,1491,90,0.9430740037950665
1227719451,5689,1258,4431,0.2211284935841097
1227727187,17758,13196,4562,0.7431017006419642
1227841831,586,570,16,0.9726962457337884
1227859211,3683,594,3089,0.16128156394243823
1227917167,2528,1156,1372,0.4572784810126582
1228088533,8198,5034,3164,0.6140522078555746
1228109301,6852,5282,1570,0.7708698190309399
1228366326,8390,5425,2965,0.6466030989272944
1228383958,197,26,171,0.1319796954314721
1228467676,49435,33668,15767,0.6810559320319611
1228586191,114764,10644,104120,0.09274685441427626
1228704043,1245,686,559,0.551004016064257
1228733331,6523,1818,4705,0.2787061168174153
1228890467,1971,1552,419,0.7874175545408422
1228892354,720,293,427,0.40694444444444444
1228943240,4864,3043,1821,0.6256167763157895
1229037805,14855,4948,9907,0.33308650286098956
1229042527,248,212,36,0.8548387096774194
1229043532,1139,253,886,0.2221246707638279
1229264911,400560,98028,302532,0.24472738166566807
1229340066,7431,700,6731,0.09419997308572198
1229487111,811,540,271,0.6658446362515413
1229515235,36755,31934,4821,0.8688341722214664
1229731536,140,96,44,0.6857142857142857
1229849310,2926,1633,1293,0.5580997949419002
1230051769,1099,499,600,0.454049135577798
1230296709,11155,1672,9483,0.14988794262662483
1230296800,26325,14506,11819,0.5510351377018043
1230490390,7601,4739,2862,0.623470595974214
1230724491,5030,1983,3047,0.39423459244532805
1230803085,428,179,249,0.4182242990654206
1230839180,6645,5232,1413,0.7873589164785553
1231029183,10231,4275,5956,0.41784771772065293
1231155141,1544,231,1313,0.14961139896373057
1231346721,1203,627,576,0.5211970074812967
1231431039,19769,9793,9976,0.49537154130203853
1231516509,25081,23366,1715,0.9316215461903433
1231704267,25204,3986,21218,0.1581495000793525
1231902969,255793,220882,34911,0.8635185482010844
1231943421,1454,431,1023,0.29642365887207706
1231951133,3413,2399,1014,0.702900673893935
1231998105,7627,4244,3383,0.5564442113543988
1232155643,10997,5000,5997,0.45466945530599256
1232297207,2258,1598,660,0.7077059344552702
1232443717,2645,1758,887,0.6646502835538752
1232453052,6950,6035,915,0.8683453237410071
1232512481,704,584,120,0.8295454545454546
1232801496,1448,1099,349,0.7589779005524862
1233031490,2655,1038,1617,0.39096045197740115
1233309431,20587,14057,6530,0.6828095400009715
1233471616,4446,4277,169,0.9619883040935673
1233584296,47314,24380,22934,0.5152808893773513
1233652155,9069,1065,8004,0.11743301356268607
1233709918,1070,35,1035,0.03271028037383177
1233913717,4898,4637,261,0.9467129440587995
1234053512,6629,612,6017,0.09232161713682305
1234143734,81898,58468,23430,0.7139124276539109
1234147587,4591,2513,2078,0.5473752994990199
1234323904,41101,30638,10463,0.7454319846232452
1234467638,6999,3426,3573,0.48949849978568366
1234573778,6421,3000,3421,0.4672169444011836
1234656025,2955,522,2433,0.1766497461928934
1234763687,264175,205532,58643,0.7780145736727548
1234862516,26330,20829,5501,0.7910748195974174
1234879611,9512,9077,435,0.9542682926829268
1234911317,67763,36152,31611,0.5335064858403553
1235048743,24535,5316,19219,0.21667006317505605
1235114019,603,431,172,0.714759535655058
1235273603,7212,422,6790,0.058513588463671655
1235365951,48688,36516,12172,0.75
1235373113,6152,2257,3895,0.36687256176853056
1235448640,12860,5594,7266,0.4349922239502333
1235520442,1454,420,1034,0.28885832187070154
1235856851,7946,3434,4512,0.43216712811477476
1235902100,4614,4342,272,0.941048981361075
1235962030,5007,3370,1637,0.6730577191931296
1236089704,3887,3331,556,0.8569590944172883
1236351283,4710,4443,267,0.943312101910828
1236426302,5303,4776,527,0.9006222892702244
1236450869,13732,13589,143,0.9895863676085057
1236498620,24853,19923,4930,0.8016336056009334
1236514846,1158,444,714,0.38341968911917096
1236566143,5151,369,4782,0.0716365754222481
1237063430,13225,8649,4576,0.6539886578449905
1237165682,497,307,190,0.6177062374245473
1237365873,11367,7202,4165,0.6335884578164863
1237449815,8781,2756,6025,0.31385946930873476
1237477544,62394,45208,17186,0.7245568484149116
1237498335,2550,128,2422,0.05019607843137255
1237530174,806,93,713,0.11538461538461539
1237620073,66,23,43,0.3484848484848485
1237626907,8802,7324,1478,0.8320836173596909
1237879872,948,874,74,0.9219409282700421
1238128773,10356,8709,1647,0.8409617612977984
1238272607,15912,8562,7350,0.5380844645550528
1238310714,292729,759,291970,0.0025928418434798053
1238313997,38594,699,37895,0.018111623568430327
1238345493,7295,3084,4211,0.4227553118574366
1238460311,4219,951,3268,0.225408864659872
1238548692,2756,1329,1427,0.4822206095791001
1238629559,373,255,118,0.6836461126005362
1238765661,16130,4100,12030,0.2541847489150651
1239008568,28712,6762,21950,0.23551128448035666
1239169973,503,313,190,0.6222664015904572
1239264338,237,221,16,0.9324894514767933
1239289528,1821,1803,18,0.9901153212520593
1239469386,633,331,302,0.5229067930489731
1239501501,99664,71268,28396,0.7150826777973993
1239638253,2174,1134,1040,0.5216191352345906
1239647618,9163,1754,7409,0.19142202335479647
1239664255,2093,965,1128,0.4610606784519828
1239694095,3723,3139,584,0.8431372549019608
1239834680,8561,8092,469,0.9452166802943581
1239927487,615,67,548,0.10894308943089431
1240326590,36248,19085,17163,0.5265118075480026
1240331672,26174,7085,19089,0.2706884694735233
1240702351,49086,41178,7908,0.8388950006111723
1241016983,4839,1358,3481,0.2806364951436247
1241059300,26527,4474,22053,0.16865834809816413
1241293606,13776,9802,3974,0.711527293844367
1241482535,4336,1942,2394,0.44787822878228783
1241522830,17528,14947,2581,0.8527498858968507
1241818264,1427,902,525,0.6320953048353188
1241849559,1045,906,139,0.8669856459330143
1241871205,124,120,4,0.967741935483871
1241986173,8834,8226,608,0.9311750056599502
1242063524,1618,644,974,0.3980222496909765
1242101301,1513,900,613,0.5948446794448117
1242137014,62,24,38,0.3870967741935484
1242174092,143240,116103,27137,0.8105487294051941
1242375645,234,40,194,0.17094017094017094
1242586153,8124,2140,5984,0.2634170359428853
1242786208,6037,1359,4678,0.22511181050190493
1243140862,618,555,63,0.8980582524271845
1243225354,12603,9144,3459,0.7255415377291121
1243415819,1739,872,867,0.5014376078205866
1243428671,1000,368,632,0.368
1243465971,5917,5248,669,0.8869359472705763
1243649369,232,7,225,0.03017241379310345
1243782424,1456,14,1442,0.009615384615384616
1243844909,187,149,38,0.7967914438502673
1243934033,112,75,37,0.6696428571428571
1243943686,57954,34791,23163,0.6003209441971219
1243954010,367,335,32,0.9128065395095368
1244022928,6790,5209,1581,0.7671575846833579
1244192734,496,85,411,0.17137096774193547
1244228175,312,167,145,0.5352564102564102
1244304320,22592,15324,7268,0.6782932011331445
1244327495,2953,2294,659,0.77683711479851
1244422355,63635,1221,62414,0.01918755401901469
1244475420,5526,0,5526,0.0
1244520816,641,26,615,0.0405616224648986
1244547630,1859,145,1714,0.07799892415277031
1244570659,55678,39800,15878,0.7148245267430583
1244593056,20922,18977,1945,0.9070356562470128
1244692152,320,210,110,0.65625
1244951999,1431,459,972,0.32075471698113206
1245038382,37613,34638,2975,0.9209050062478399
1245064442,1599,383,1216,0.2395247029393371
1245133939,4053,2340,1713,0.5773501110288675
1245215664,74186,59385,14801,0.8004879626883779
1245240559,6971,85,6886,0.012193372543394062
1245796934,464,96,368,0.20689655172413793
1245838333,112221,89984,22237,0.8018463567424992
1245864809,51964,35695,16269,0.686917866215072
1246098139,437,26,411,0.059496567505720827
1246137570,7247,6200,1047,0.8555264247274734
1246239800,2460,1224,1236,0.4975609756097561
1246319507,14983,12824,2159,0.8559033571380898
1246466906,2024,492,1532,0.24308300395256918
1246971250,2424,633,1791,0.26113861386138615
1247134526,1298,403,895,0.31047765793528503
1247215101,6824,6477,347,0.9491500586166471
1247237490,8701,4356,4345,0.5006321112515802
1247367992,30403,2563,27840,0.08430089135940533
1247505429,5007,2502,2505,0.49970041941282206
1247566715,1173,130,1043,0.11082693947144075
1247668528,4548,2886,1662,0.6345646437994723
1247809404,37075,30938,6137,0.8344706675657451
1247818798,11593,9470,2123,0.816872250495989
1247829216,2788,107,2681,0.03837876614060258
1247910849,6650,0,6650,0.0
1248033140,108496,88842,19654,0.8188504645332547
1248069124,20086,7984,12102,0.3974907896046998
1248122385,2182,2114,68,0.9688359303391384
1248145053,2134,1683,451,0.788659793814433
1248199980,20437,4918,15519,0.24064197289230319
1248278722,1343,671,672,0.4996276991809382
1248424779,5239,1763,3476,0.33651460202328687
1248496854,67337,15991,51346,0.23747716708496072
1248561441,3127,1144,1983,0.3658458586504637
1248577622,816,107,709,0.13112745098039216
1248599822,2530,1075,1455,0.424901185770751
1248715919,3242,561,2681,0.17304133251079581
1248841747,4216,2464,1752,0.5844402277039848
1248858734,182,98,84,0.5384615384615384
1248870357,1247,1188,59,0.9526864474739375
1249419636,22466,0,22466,0.0
1249438156,1226,580,646,0.4730831973898858
1249473053,6759,5256,1503,0.7776298268974701
1249907791,21802,1692,20110,0.07760755893954684
1249936947,11147,7315,3832,0.6562303758858886
1249953543,125,15,110,0.12
1250094023,3772,2689,1083,0.7128844114528102
1250112020,436,268,168,0.6146788990825688
1250436274,1773,1111,662,0.6266215454032713
1250698513,63424,27437,35987,0.43259649344096873
1250752200,4458,2682,1776,0.6016150740242261
1250796543,244333,166551,77782,0.6816557730638104
1250813874,847,124,723,0.14639905548996457
1251015010,24443,14233,10210,0.5822934991613141
1251038482,1478,304,1174,0.20568335588633288
1251070321,11500,7439,4061,0.6468695652173913
1251127340,1702,1064,638,0.6251468860164512
1251217154,22655,15623,7032,0.6896049437210329
1251316494,2487,984,1503,0.3956574185765983
1251465217,1324,258,1066,0.19486404833836857
1251809370,676,259,417,0.3831360946745562
1251984670,29836,28254,1582,0.946976806542432
1252009612,885,823,62,0.9299435028248587
1252079046,8247,3361,4886,0.4075421365344974
1252263095,1982,19,1963,0.00958627648839556
1252412179,6531,5802,729,0.8883785025264125
1252499590,15057,12037,3020,0.7994288370857409
1252524860,515,85,430,0.1650485436893204
1252552960,1145,189,956,0.16506550218340613
1252581274,44614,31357,13257,0.7028511229658851
1252754045,73151,51610,21541,0.7055269237604407
1253073068,4858,3236,1622,0.6661177439275422
1253240922,6244,3172,3072,0.5080076873798847
1253355166,6139,2192,3947,0.35706141065320085
1253434995,24104,6388,17716,0.2650182542316628
1253488154,8507,5213,3294,0.6127894674973551
1253678656,8158,7073,1085,0.8670017161068889
1253756963,9447,3535,5912,0.37419286545993435
1253951289,25724,15666,10058,0.6090032654330586
1253957805,16786,12984,3802,0.773501727630168
1254140518,5012,4497,515,0.8972466081404629
1254496033,381,292,89,0.7664041994750657
1254889223,1244,210,1034,0.16881028938906753
1255159669,1971,1887,84,0.9573820395738204
1255248314,2320,1173,1147,0.5056034482758621
1255390688,1561,242,1319,0.15502882767456758
1255495360,28788,17762,11026,0.6169931916076142
1255620103,249,57,192,0.2289156626506024
1255626721,16596,15404,1192,0.9281754639672211
1255652368,1987,1695,292,0.8530447911424258
1255898382,7224,1406,5818,0.19462901439645625
1255997890,444529,351654,92875,0.7910709987424892
1256096706,91932,73597,18335,0.8005591089065831
1256186905,9009,4599,4410,0.5104895104895105
1256355687,1214,661,553,0.5444810543657331
1256409650,743,681,62,0.9165545087483177
1256426647,1653,325,1328,0.19661222020568664
1256649255,14800,6416,8384,0.4335135135135135
1256749144,2345,1084,1261,0.46226012793176974
1256765451,4980,2673,2307,0.5367469879518072
1257074146,919,805,114,0.8759521218715995
1257200892,10238,6952,3286,0.6790388747802305
1257735041,73044,53467,19577,0.7319834620228903
1257770422,2171,1782,389,0.82081989866421
1257796268,2320,1416,904,0.6103448275862069
1257861700,1139,614,525,0.5390693590869183
1258022398,4226,2744,1482,0.6493137718883104
1258127030,4302,3441,861,0.799860529986053
1258286645,10717,1754,8963,0.16366520481478025
1258765795,15821,14128,1693,0.8929903293091461
1258900330,6802,3196,3606,0.46986180535136723
1259141075,306,225,81,0.7352941176470589
1259260123,6644,4246,2398,0.6390728476821192
1259654935,2997,1783,1214,0.5949282615949283
1259772034,4295,3070,1225,0.7147846332945286
1260098678,2809,1297,1512,0.4617301530793877
1260188465,6350,2137,4213,0.33653543307086614
1260227040,2135,1327,808,0.6215456674473068
1260431447,19162,12229,6933,0.6381901680409143
1260467483,4868,2343,2525,0.4813064913722268
1260592117,1005,477,528,0.4746268656716418
1260760910,1905,791,1114,0.4152230971128609
1260782449,25998,6483,19515,0.24936533579506115
1260788931,4907,1105,3802,0.22518850621561035
1260914539,16839,13609,3230,0.8081833838113902
1260955904,2001,1839,162,0.9190404797601199
1261094419,73905,53604,20301,0.7253095189770652
1261100983,1721,447,1274,0.2597327135386403
1261695976,2460,1381,1079,0.5613821138211382
1261746950,46054,28710,17344,0.6233986190124636
1261852731,6197,3877,2320,0.6256253025657577
1261911698,3613,3511,102,0.9717686133407141
1261911720,645,459,186,0.7116279069767442
1261978514,607,390,217,0.642504118616145
1262128728,69118,50672,18446,0.7331230649034983
1262329842,13797,4465,9332,0.32362107704573456
1262359834,192,35,157,0.18229166666666666
1262556153,4953,3848,1105,0.7769028871391076
1262609560,6695,302,6393,0.045108289768483946
1262646969,23056,14213,8843,0.6164555863983345
1262726429,68,66,2,0.9705882352941176
1263009866,11240,1638,9602,0.14572953736654803
1263231725,1749,1344,405,0.7684391080617495
1263296614,10861,7782,3079,0.7165086087837216
1263382198,5128,3073,2055,0.5992589703588144
1263403912,526,42,484,0.07984790874524715
1263487892,19700,4284,15416,0.21746192893401015
1263999923,581,369,212,0.6351118760757315
1264357617,2787,9,2778,0.0032292787944025836
1264734406,585,564,21,0.9641025641025641
1265027783,6086,6076,10,0.9983568846533026
1265038575,10453,8138,2315,0.7785324787142447
1265187323,2251,952,1299,0.42292314526876945
1265262040,1484,966,518,0.6509433962264151
1265319517,3371,1720,1651,0.5102343518243845
1265459100,19011,7461,11550,0.3924569985797696
1265465264,6800,5966,834,0.8773529411764706
1265495134,994,460,534,0.46277665995975853
1265631893,83,73,10,0.8795180722891566
1265721993,5074,4287,787,0.8448955459203784
1265934235,1865,997,868,0.5345844504021448
1266047376,2246,1786,460,0.7951914514692787
1266148215,3630,97,3533,0.02672176308539945
1266182878,18504,4564,13940,0.2466493731085171
1266253719,3632,331,3301,0.09113436123348018
1266274973,1516,887,629,0.5850923482849604
1266358166,122,2,120,0.01639344262295082
1266710197,21743,20601,1142,0.9474773490318723
1266711381,1492,198,1294,0.13270777479892762
1266711647,1534,1516,18,0.9882659713168188
1266882897,14545,1849,12696,0.12712272258508078
1266914705,276,30,246,0.10869565217391304
1266924179,77912,25994,51918,0.3336328165109354
1266946044,1422,1175,247,0.8263009845288326
1266999312,22207,21083,1124,0.949385328950331
1267014953,361,4,357,0.0110803324099723
1267260771,4428,22,4406,0.004968383017163505
1267363724,3403,2238,1165,0.6576550102850426
1267436051,65679,33232,32447,0.5059760349579013
1267519263,931,508,423,0.5456498388829216
1267523182,35241,2231,33010,0.06330694361680997
1267626552,15520,7619,7901,0.4909149484536082
1267749141,262,242,20,0.9236641221374046
1267816817,15440,6898,8542,0.4467616580310881
1267976928,1195,391,804,0.32719665271966525
1267979673,1015,261,754,0.2571428571428571
1267988387,29935,11140,18795,0.3721396358777351
1268064623,1957,183,1774,0.09351047521716914
1268617960,16430,2349,14081,0.14297017650639074
1269266578,12656,11455,1201,0.9051042983565107
1269376376,764,276,488,0.3612565445026178
1269452782,1345,1103,242,0.8200743494423792
1269690270,9467,5116,4351,0.5404035069187705
1269761118,3507,2215,1292,0.6315939549472483
1269969215,68477,45591,22886,0.6657855922426508
1269972356,1805,1377,428,0.7628808864265928
1269986401,14101,5164,8937,0.366215162045245
1270003380,7123,3816,3307,0.5357293275305349
1270035387,6028,600,5428,0.099535500995355
1270058850,60695,18003,42692,0.2966142186341544
1270104009,3054,1371,1683,0.4489194499017682
1270111878,4313,4024,289,0.9329932761418966
1270220250,1781,206,1575,0.11566535654126894
1270300917,7884,5565,2319,0.7058599695585996
1270424561,11637,6737,4900,0.5789292773051474
1270440013,3854,381,3473,0.09885832900882201
1270618111,1258,174,1084,0.1383147853736089
1270637366,1025,793,232,0.7736585365853659
1270730374,1560,1122,438,0.7192307692307692
1270841525,67242,50239,17003,0.7471372059129711
1270913467,9657,6234,3423,0.6455420938179559
1271027804,2327,1392,935,0.5981951009883971
1271072316,102,0,102,0.0
1271160674,26548,22213,4335,0.8367108633418713
1271173460,8429,1138,7291,0.1350100842330051
1271522711,29492,13853,15639,0.469720602197206
1271565098,8045,3784,4261,0.47035425730267244
1271586795,3684,451,3233,0.12242128121606949
1271733588,4003,18,3985,0.0044966275293529855
1271799239,53776,32148,21628,0.5978131508479619
1271848969,4010,118,3892,0.02942643391521197
1271894632,60404,5948,54456,0.09847029998013376
1272090056,11311,8885,2426,0.7855185217929449
1272109256,637,521,116,0.8178963893249608
1272237776,11435,4342,7093,0.37971141233056405
1272243247,12096,3411,8685,0.2819940476190476
1272496017,5196,4540,656,0.8737490377213241
1272849439,704,275,429,0.390625
1272863480,66819,45008,21811,0.673580867717266
1272882440,1023,347,676,0.3391984359726295
1272891041,46003,4581,41422,0.09958046214377324
1273029850,933,777,156,0.8327974276527331
1273034202,2277,932,1345,0.409310496267018
1273054915,12078,5864,6214,0.48551084616658385
1273057600,2726,1075,1651,0.3943506969919296
1273406587,532,385,147,0.7236842105263158
1273464162,21740,13181,8559,0.6063017479300828
1273642655,33108,20510,12598,0.619487737102815
1273693641,654,318,336,0.48623853211009177
1273781857,896,818,78,0.9129464285714286
1273853167,33946,25796,8150,0.7599128026866199
1274004025,14412,11591,2821,0.8042603386067166
1274311223,157939,21295,136644,0.13483053583978624
1274387727,1320,940,380,0.7121212121212122
1274397018,724,614,110,0.8480662983425414
1274457139,16077,9723,6354,0.6047770106363127
1274585739,65811,50757,15054,0.7712540456762548
1274938343,147,105,42,0.7142857142857143
1274955607,22322,15619,6703,0.6997132873398441
1274980405,2895,9,2886,0.0031088082901554403
1275110967,2571,2237,334,0.8700894593543368
1275362531,1099,278,821,0.2529572338489536
1275462535,2872,1606,1266,0.5591922005571031
1275510382,6969,542,6427,0.07777299469077342
1275659235,7610,6030,1580,0.7923784494086727
1275679632,6318,3323,2995,0.5259575815131371
1275682953,1241,746,495,0.6011281224818694
1276445561,22268,13975,8293,0.6275821807077421
1276490996,976,597,379,0.6116803278688525
1276735224,905,330,575,0.36464088397790057
1277034376,25901,20154,5747,0.778116675031852
1277299746,12054,9530,2524,0.7906089264974282
1277327948,13412,6661,6751,0.4966447957053385
1277351434,3606,1897,1709,0.5260676650027731
1277544522,33420,18437,14983,0.5516756433273489
1277546100,5336,2058,3278,0.38568215892053975
1277550597,49715,12842,36873,0.2583123805692447
1278104270,56219,45585,10634,0.8108468667176577
1278150061,10963,10171,792,0.9277570008209431
1278169799,5515,3392,2123,0.6150498640072529
1278580257,6824,1967,4857,0.28824736225087927
1278701877,1085,359,726,0.33087557603686635
1278784263,2176,1170,1006,0.5376838235294118
1278933699,11062,8703,2359,0.7867474236123667
1278957027,194,29,165,0.14948453608247422
1278979418,1785,988,797,0.5535014005602241
1279141108,5085,4730,355,0.9301868239921337
1279145881,1321,1093,228,0.8274034822104467
1279210917,8306,7339,967,0.8835781362870214
1279276542,2214,935,1279,0.4223125564588979
1279564832,15160,2125,13035,0.14017150395778363
1279595756,4840,1155,3685,0.23863636363636365
1279796303,649,130,519,0.20030816640986132
1280128866,7656,7010,646,0.9156217345872518
1280374028,4842,935,3907,0.19310202395704254
1280652985,2059,1310,749,0.6362311801845556
1281062273,130,93,37,0.7153846153846154
1281098045,5572,2072,3500,0.37185929648241206
1281174886,14620,12775,1845,0.8738030095759234
1281192263,86164,61457,24707,0.7132561162434428
1281288862,694,380,314,0.547550432276657
1281293994,35287,35253,34,0.9990364723552583
1281420761,3533,1930,1603,0.5462779507500708
1281437456,24390,14250,10140,0.5842558425584256
1281608194,4754,156,4598,0.03281447202355911
1281635400,60441,2759,57682,0.04564782184278884
1281690025,5463,4091,1372,0.7488559399597291
1281778647,40845,15712,25133,0.38467376667890807
1281923916,3249,3080,169,0.9479839950754079
1281946474,669,462,207,0.6905829596412556
1281949773,19922,6167,13755,0.30955727336612787
1281953374,491,42,449,0.0855397148676171
1281959697,219,59,160,0.2694063926940639
1281994302,51312,34668,16644,0.6756314312441534
1282208043,1461,0,1461,0.0
1282340819,1632,587,1045,0.3596813725490196
1282369020,1133,617,516,0.5445719329214475
1282399289,16635,8263,8372,0.4967237751728284
1282415048,3563,1478,2085,0.41481897277575075
1282422410,84,76,8,0.9047619047619048
1282586238,17083,12780,4303,0.7481121582860153
1283052484,19750,7306,12444,0.3699240506329114
1283126212,39921,21954,17967,0.5499361238445931
1283183017,60716,17397,43319,0.2865307332498847
1283224425,139,19,120,0.1366906474820144
1283251262,29065,2353,26712,0.0809564768622054
1283282978,3462,1621,1841,0.46822645869439633
1283293307,1484,956,528,0.6442048517520216
1283359437,69395,35962,33433,0.5182217739030189
1283423059,701,116,585,0.16547788873038516
1283462264,15377,8284,7093,0.5387266697015023
1283536349,318,296,22,0.9308176100628931
1283560951,54588,41568,13020,0.7614860408881072
1283657156,16463,11093,5370,0.6738140071675879
1283849543,2045,1062,983,0.5193154034229829
1284009928,3970,2817,1153,0.7095717884130982
1284192099,17867,1901,15966,0.10639726870767337
1284352922,34558,424,34134,0.012269228543318479
1284508410,20558,8991,11567,0.437347991049713
1284652797,123511,18746,104765,0.15177595517808132
1284800449,24981,5160,19821,0.20655698330731356
1285046950,77235,10801,66434,0.1398459247750372
1285193362,15418,13139,2279,0.8521857569075107
1285309660,176296,72404,103892,0.4106956482279802
1285311726,94142,61268,32874,0.6508041044379766
1285454969,3161,2888,273,0.9136349256564379
1285487919,822,320,502,0.38929440389294406
1285755139,43113,34977,8136,0.811286618885255
1285781172,16343,11412,4931,0.6982806094352322
1285799908,25150,22173,2977,0.8816302186878727
1285917173,55211,31748,23463,0.5750303381572512
1286316435,68418,27598,40820,0.40337338127393374
1286964187,749,160,589,0.2136181575433912
1287002529,10657,6436,4221,0.6039223045885334
1287077718,2033,1275,758,0.6271519921298574
1287349340,59965,54245,5720,0.9046110230968065
1287401651,10966,5995,4971,0.5466897683749772
1287700388,9719,5937,3782,0.6108653153616628
1287701138,2158,1500,658,0.6950880444856349
1287920706,5591,3614,1977,0.6463959935610804
1287986702,15598,6013,9585,0.3854981407872804
1288084396,3137,1325,1812,0.4223780682180427
1288090068,2698,2201,497,0.8157894736842105
1288504944,873,92,781,0.10538373424971363
1288817752,3426,3178,248,0.9276123759486281
1288843823,155,139,16,0.896774193548387
1289034522,482,222,260,0.4605809128630705
1289043648,4335,3568,767,0.8230680507497117
1289233719,876,380,496,0.4337899543378995
1289244093,724,96,628,0.13259668508287292
1289618499,2958,488,2470,0.1649763353617309
1289685069,72324,42311,30013,0.5850201869365632
1289798414,1037,306,731,0.29508196721311475
1289799313,10412,1691,8721,0.1624087591240876
1290595473,7143,4413,2730,0.6178076438471231
1290601956,39616,30971,8645,0.7817800888529887
1290821447,4831,3258,1573,0.6743945352929
1290955497,4334,3084,1250,0.7115828334102445
1291081869,2367,773,1594,0.3265737220109844
1291390698,6746,3753,2993,0.5563296768455381
1291398598,205,8,197,0.03902439024390244
1291522463,5430,3494,1936,0.6434622467771639
1291670182,118944,57584,61360,0.48412698412698413
1291701327,58384,28602,29782,0.48989449164154564
1291727339,4242,2412,1830,0.5685997171145686
1291859768,2772,1003,1769,0.36183261183261184
1292427796,212,189,23,0.8915094339622641
1292436059,18049,10529,7520,0.5833564186381517
1292440939,6694,2198,4496,0.32835374962653124
1292487413,1238,1173,65,0.9474959612277868
1292688212,774,548,226,0.7080103359173127
1292721475,3073,20,3053,0.006508298080052067
1292866766,23526,17036,6490,0.7241349995749383
1293102263,27467,19027,8440,0.6927221757017512
1293140156,5614,1759,3855,0.31332383327395796
1293576082,3584,1719,1865,0.47963169642857145
1293599864,166,86,80,0.5180722891566265
1293677016,9949,311,9638,0.03125942305759373
1293700007,12774,11127,1647,0.871066228276186
1293720465,1816,1084,732,0.5969162995594713
1293796107,24950,10728,14222,0.42997995991983967
1293833252,4006,973,3033,0.24288567149276086
1294100793,2910,1554,1356,0.534020618556701
1294113880,787,196,591,0.24904701397712833
1294487829,296,73,223,0.24662162162162163
1294642155,33758,21644,12114,0.6411517269980449
1294764055,13437,11711,1726,0.8715487087891642
1294991526,3318,372,2946,0.11211573236889692
1295042027,13692,16,13676,0.0011685655857434998
1295076815,1364,426,938,0.312316715542522
1295187924,1818,1424,394,0.7832783278327833
1295371395,931,495,436,0.5316863587540279
1295388544,675,617,58,0.914074074074074
1295476081,15135,7738,7397,0.5112652791542782
1295519305,924,158,766,0.170995670995671
1295596734,1586,662,924,0.41740226986128626
1295812293,67,14,53,0.208955223880597
1296064983,2330,38,2292,0.01630901287553648
1296078003,5749,4261,1488,0.7411723778048356
1296083456,14345,4972,9373,0.3466016033461136
1296103738,240,2,238,0.008333333333333333
1296245069,5285,1295,3990,0.24503311258278146
1296351233,1846,938,908,0.5081256771397616
1296564962,3815,1985,1830,0.5203145478374837
1296725176,3074,1901,1173,0.6184124918672739
1297017151,40018,38755,1263,0.9684392023589384
1297091250,443,325,118,0.7336343115124153
1297266636,11853,3120,8733,0.26322450012655024
1297351785,245,190,55,0.7755102040816326
1297353987,1580,512,1068,0.3240506329113924
1297373103,80,17,63,0.2125
1297429934,76182,61244,14938,0.8039169357591032
1297491270,3012,1760,1252,0.5843293492695883
1297617034,29898,25173,4725,0.8419626730885009
1297664229,1367,1143,224,0.8361375274323336
1297716011,130217,87021,43196,0.6682767994962255
1298065816,7820,7181,639,0.9182864450127878
1298324718,3399,2965,434,0.8723153868784936
1298425510,6772,6482,290,0.9571766095688128
1298841462,3400,3358,42,0.9876470588235294
1299040538,27169,7075,20094,0.26040708160035336
1299243727,58538,54943,3595,0.9385869008165636
1299340367,3867,613,3254,0.15852081717093355
1299347664,8595,6241,2354,0.7261198371146015
1299478887,406,66,340,0.1625615763546798
1299736420,237,46,191,0.1940928270042194
1299801163,47668,11000,36668,0.23076277586640934
1299867815,91465,75616,15849,0.8267206035095391
1299932354,5391,2208,3183,0.4095715080690039
1299950317,43876,24436,19440,0.5569331753122436
1300045250,13223,8251,4972,0.6239885048778643
1300064011,1568,848,720,0.5408163265306123
1300185121,2962,2350,612,0.7933828494260635
1300266941,8913,6054,2859,0.6792325816223493
1300320639,3349,1085,2264,0.3239773066587041
1300545025,15098,1210,13888,0.08014306530666314
1300694781,9555,1886,7669,0.19738356881214025
1300922115,6511,3654,2857,0.5612041161111965
1301177740,2763,1485,1278,0.5374592833876222
1301213335,82997,40124,42873,0.4834391604515826
1301308863,5077,689,4388,0.13571006499901517
1301318731,1454,131,1323,0.09009628610729023
1301573090,227,224,3,0.986784140969163
1301651802,88642,71897,16745,0.8110940637620992
1301748116,21070,16955,4115,0.8046986236355007
1301846406,1148,378,770,0.32926829268292684
1301903694,21994,13479,8515,0.6128489588069473
1301956626,20922,12526,8396,0.5986999330847911
1302088240,9130,4047,5083,0.44326396495071196
1302307586,3906,302,3604,0.07731694828469023
1302346378,12179,10768,1411,0.8841448394777897
1302360777,358,109,249,0.30446927374301674
1302378359,497,92,405,0.1851106639839034
1302493470,18309,15510,2799,0.8471243650663608
1302509564,10652,4365,6287,0.4097822005257229
1302901189,1294,261,1033,0.2017001545595054
1302943883,22708,20054,2654,0.8831248899066408
1302944809,3043,2433,610,0.7995399277029247
1303000915,7558,6187,1371,0.818602804974861
1303007593,27581,16396,11185,0.594467205685073
1303188171,6047,1611,4436,0.26641309740367125
1303367442,114182,97133,17049,0.850685747315689
1303460489,6008,5740,268,0.9553928095872171
1303489362,1827,454,1373,0.24849480021893816
1303741618,1958,600,1358,0.30643513789581206
1303930471,1382,568,814,0.4109985528219971
1304141670,17535,7737,9798,0.44123182207014544
1304162545,555,370,185,0.6666666666666666
1304185362,4379,2234,2145,0.5101621374743092
1304208897,2096,466,1630,0.22232824427480916
1304341359,78246,47189,31057,0.6030851417324847
1304669933,81625,38147,43478,0.4673445635528331
1305127566,266,187,79,0.7030075187969925
1305315232,1690,99,1591,0.058579881656804736
1305348704,10252,4932,5320,0.48107686305111197
1305373728,15296,10530,4766,0.6884152719665272
1305499623,2762,798,1964,0.2889210716871832
1305519885,1801,1701,100,0.9444752915047196
1305669408,1010,185,825,0.18316831683168316
1305708975,1223,159,1064,0.13000817661488143
1305724539,2464,850,1614,0.3449675324675325
1305879156,838,415,423,0.49522673031026254
1306079136,16446,3674,12772,0.22339778669585308
1306227383,35765,25127,10638,0.7025583671186915
1306407078,640,429,211,0.6703125
1306746540,3255,2031,1224,0.623963133640553
1307055556,19892,11698,8194,0.5880756082847376
1307138036,3341,2704,637,0.8093385214007782
1307403887,5804,3810,1994,0.6564438318401102
1307543476,956,163,793,0.1705020920502092
1307567469,22937,11199,11738,0.48825042507738586
1307585287,9102,884,8218,0.0971215117556581
1307670726,3761,1257,2504,0.3342196224408402
1307913142,828,317,511,0.3828502415458937
1308253092,9180,3666,5514,0.3993464052287582
1308352833,688,233,455,0.3386627906976744
1308487308,6426,4373,2053,0.6805166511048863
1308627934,33239,3254,29985,0.09789704864767292
1308635311,38670,24585,14085,0.6357641582622188
1308874249,612,124,488,0.20261437908496732
1308889546,59711,29879,29832,0.5003935623251997
1308957353,3105,746,2359,0.24025764895330112
1308971740,10321,8411,1910,0.8149404127507025
1309307197,6702,3958,2744,0.5905699791107132
1309462123,7799,3598,4201,0.46134119758943454
1309540949,8570,6793,1777,0.7926487747957993
1309608108,4732,863,3869,0.1823753169907016
1309795922,15161,9662,5499,0.637293054547853
1309900485,21194,12721,8473,0.6002170425592148
1310099921,2944,244,2700,0.08288043478260869
1310550255,1718,42,1676,0.024447031431897557
1310653327,959,366,593,0.3816475495307612
1310722908,4032,2343,1689,0.5811011904761905
1311774534,7784,3714,4070,0.47713257965056527
1311900457,15564,13447,2117,0.8639809817527628
1312065657,10550,3025,7525,0.28672985781990523
1312102508,1843,1064,779,0.5773195876288659
1312165211,15968,6919,9049,0.4333041082164329
1312301672,2075,675,1400,0.3253012048192771
1312526816,19288,2847,16441,0.1476047283284944
1312535350,373,27,346,0.07238605898123325
1312564477,2350,1778,572,0.7565957446808511
1312609236,9252,1775,7477,0.19185041072200607
1312613664,508,95,413,0.18700787401574803
1312613991,47960,19935,28025,0.41565888240200166
1312656201,4421,4093,328,0.9258086405790545
1312829635,19702,8395,11307,0.42609887321084156
1312835042,899,892,7,0.9922135706340378
1312858567,25581,17375,8206,0.6792150424142919
1313034003,43183,28406,14777,0.6578051548062895
1313198357,3300,15,3285,0.004545454545454545
1313346588,31921,18468,13453,0.5785533034679364
1313655473,1157,77,1080,0.0665514261019879
1313705214,12075,8340,3735,0.6906832298136646
1313913616,2276,1951,325,0.8572056239015817
1313919426,4145,762,3383,0.18383594692400482
1313998492,14376,10880,3496,0.756816917084029
1314267234,7760,1872,5888,0.24123711340206186
1314345034,10268,9707,561,0.945364238410596
1314564701,46183,18052,28131,0.3908797609509993
1315109761,625,343,282,0.5488
1315197025,636,510,126,0.8018867924528302
1315311893,1037,677,360,0.6528447444551592
1315847331,2241,501,1740,0.22356091030789826
1315871947,13467,3401,10066,0.25254325387985443
1315974059,107,4,103,0.037383177570093455
1316045736,6135,5206,929,0.8485737571312143
1316177379,14614,4186,10428,0.2864376625153962
1316313723,22148,1980,20168,0.08939859129492506
1316319134,915,416,499,0.4546448087431694
1316364081,8791,5043,3748,0.5736548743032647
1316630832,45810,34541,11269,0.7540056756166775
1316644495,16940,14363,2577,0.8478748524203069
1316790563,42546,32897,9649,0.7732101725191557
1316948624,19483,10608,8875,0.5444746702253247
1317047133,2269,1283,986,0.5654473336271485
1317096811,180001,71024,108977,0.3945755856911906
1317102557,4218,1124,3094,0.26647700331910856
1317161798,631,478,153,0.757527733755943
1317173186,11664,8429,3235,0.7226508916323731
1317292519,1278,702,576,0.5492957746478874
1317322362,66797,12553,54244,0.18792760153899127
1317338890,3334,680,2654,0.20395920815836832
1317525404,2029,1053,976,0.5189748644652539
1317544337,533,434,99,0.8142589118198874
1317544605,2011,358,1653,0.17802088513177525
1317786429,7618,4304,3314,0.5649776844316093
1317812561,4646,1492,3154,0.3211364614722342
1318064231,7006,3274,3732,0.4673137310876392
1318082905,4687,95,4592,0.02026882867505867
1318103276,27155,25744,1411,0.9480390351684772
1318273655,16545,16213,332,0.9799335146569961
1318298901,3258,1514,1744,0.46470227133210557
1318492828,6662,6,6656,0.0009006304413089162
1318705855,5109,4617,492,0.9036993540810335
1318863412,11399,10343,1056,0.9073602947626985
1319002443,30286,19424,10862,0.6413524400713201
1319135553,20164,13794,6370,0.6840904582424122
1319135589,4833,952,3881,0.19697910200703497
1319161610,11603,8402,3201,0.7241230716194088
1319175749,1794,1535,259,0.8556298773690078
1319731162,1036,953,83,0.9198841698841699
1319789694,438,320,118,0.730593607305936
1319881221,11287,10286,1001,0.9113139009479932
1319886875,5563,3834,1729,0.6891964767211936
1319966214,71409,43495,27914,0.6090968925485583
1320048264,40340,388,39952,0.009618244918195339
1320201385,5243,4256,987,0.8117489986648865
1320229510,35490,25110,10380,0.7075232459847844
1320247803,523,36,487,0.06883365200764818
1320343625,23514,22783,731,0.9689121374500298
1320631958,8699,6055,2644,0.6960570180480515
1320719867,1562,411,1151,0.26312419974391804
1320910805,354,338,16,0.9548022598870056
1320914945,374,25,349,0.06684491978609626
1320952806,3911,2968,943,0.7588851956021477
1321128351,22248,18639,3609,0.8377831715210357
1321412980,4356,2152,2204,0.49403122130394855
1321562942,1875,794,1081,0.42346666666666666
1321907044,2293,1293,1000,0.563890100305277
1322429455,13399,8458,4941,0.6312411373983133
1322580385,11234,3581,7653,0.31876446501691297
1322757397,6162,1839,4323,0.2984420642648491
1322849982,100710,64477,36233,0.6402244067123424
1322857447,7423,2368,5055,0.3190084871345817
1322962569,17811,16219,1592,0.9106170344169333
1323083027,5756,4304,1452,0.7477414871438499
1323108767,11582,1814,9768,0.15662234501813158
1323109642,416,190,226,0.4567307692307692
1323216705,41736,6551,35185,0.1569628138777075
1323638157,3163,1751,1412,0.5535883654758141
1323745782,49692,40453,9239,0.8140747001529421
1323751165,1086,45,1041,0.04143646408839779
1323849646,792,715,77,0.9027777777777778
1323850264,2185,800,1385,0.36613272311212813
1323970027,3750,2869,881,0.7650666666666667
1324250440,1920,294,1626,0.153125
1324367442,2850,1112,1738,0.39017543859649123
1324676683,3085,345,2740,0.11183144246353323
1324834125,3961,3790,171,0.9568290835647564
1325086924,246,63,183,0.25609756097560976
1325127936,16569,2049,14520,0.12366467499547347
1325422435,15927,11155,4772,0.700382997425755
1325482489,2188,1944,244,0.8884826325411335
1325979838,2855,1037,1818,0.36322241681260947
1326108680,27699,23590,4109,0.8516552944149608
1326278112,1979,918,1061,0.46387064173825165
1326279305,81455,51504,29951,0.6323000429685102
1326325430,40741,31280,9461,0.7677769323286124
1326341841,4694,4085,609,0.8702599062633148
1326927963,8768,7917,851,0.9029425182481752
1327128487,1159,1022,137,0.8817946505608283
1327211045,18874,18591,283,0.9850058281233443
1327236887,1025,820,205,0.8
1327347384,17324,4139,13185,0.23891710921265297
1327393546,11932,1950,9982,0.16342608112638285
1327410599,18746,16371,2375,0.8733063053451403
1327415241,393050,293712,99338,0.7472637069075181
1327790106,1512,1040,472,0.6878306878306878
1327803011,93,20,73,0.21505376344086022
1327835394,14250,5631,8619,0.3951578947368421
1328249303,15106,12649,2457,0.8373493975903614
1328270237,1483,93,1390,0.06271072151045179
1328303150,595,264,331,0.4436974789915966
1328326790,3119,1230,1889,0.39435716575825586
1328411857,31109,15240,15869,0.4898903854190106
1328563087,63684,54792,8892,0.8603730921424534
1328574560,36316,14681,21635,0.40425707677056943
1328611998,879,513,366,0.5836177474402731
1328720637,37940,27655,10285,0.7289140748550342
1328990667,10307,5418,4889,0.5256621713398661
1329247820,904,255,649,0.28207964601769914
1329251774,2517,1514,1003,0.6015097338100914
1329362159,1309,154,1155,0.11764705882352941
1329446409,1157,278,879,0.24027657735522903
1329549573,2657,1641,1016,0.6176138502070003
1329764092,6631,3867,2764,0.5831699592821595
1329893742,5236,1336,3900,0.25515660809778457
1329902891,420,346,74,0.8238095238095238
1329979693,8775,8490,285,0.9675213675213675
1330008204,8030,7602,428,0.9466998754669987
1330126932,271,248,23,0.915129151291513
1330145427,57824,43204,14620,0.747163807415606
1330270796,877,53,824,0.06043329532497149
1330348533,369,355,14,0.962059620596206
1330445004,8735,5490,3245,0.6285060103033773
1330498777,42121,38615,3506,0.9167636096009116
1330864878,69,2,67,0.028985507246376812
1330876691,11819,9222,2597,0.7802690582959642
1331157251,28130,417,27713,0.014824031283327408
1331224893,355,348,7,0.9802816901408451
1331351406,32877,6892,25985,0.20962983240563313
1331357104,18697,7584,11113,0.4056265711076643
1331566262,3538,1119,2419,0.31628038439796496
1331614340,19573,13990,5583,0.7147601287487866
1331790115,5395,2290,3105,0.42446709916589437
1331847765,9980,3614,6366,0.362124248496994
1332254429,5922,1229,4693,0.20753123944613305
1332299012,565,113,452,0.2
1332339330,6864,2230,4634,0.32488344988344986
1332623839,11687,10776,911,0.9220501411825105
1332878586,41548,22418,19130,0.539568691633773
1333188364,485,7,478,0.01443298969072165
1333240189,8049,2613,5436,0.32463660081997764
1333344669,2272,1201,1071,0.5286091549295775
1333444453,14842,7516,7326,0.506400754615281
1333452332,1505,84,1421,0.05581395348837209
1333983191,2457,1653,804,0.6727716727716728
1334081704,35838,31109,4729,0.8680450918019978
1334096508,361,174,187,0.481994459833795
1334148275,5113,3162,1951,0.6184236260512419
1334238781,3945,3533,412,0.8955640050697085
1334244218,1364,328,1036,0.2404692082111437
1334248512,51613,37353,14260,0.7237130180380912
1334325397,36599,17444,19155,0.4766250444001202
1334330177,6546,4289,2257,0.6552092881148793
1334679294,4129,4027,102,0.9752966820053282
1335037915,2267,1927,340,0.8500220555800617
1335112639,2304,1342,962,0.5824652777777778
1335149085,411,193,218,0.46958637469586373
1335169909,4310,3829,481,0.8883990719257541
1335711511,2591,989,1602,0.38170590505596297
1335722961,3909,3486,423,0.8917881811204912
1335795344,816,19,797,0.023284313725490197
1335829370,13961,560,13401,0.04011173984671585
1336091807,1102,957,145,0.868421052631579
1336272538,6418,3228,3190,0.5029604238080398
1336977992,18208,7907,10301,0.4342596660808436
1337107437,6892,6216,676,0.901915264074289
1337387271,6097,3168,2929,0.5195998031818927
1337629862,10208,9700,508,0.9502351097178683
1338000331,717,484,233,0.6750348675034867
1338209046,496,63,433,0.12701612903225806
1338358512,85558,28973,56585,0.33863577923747634
1338606152,3337,2869,468,0.859754270302667
1338632412,1828,1059,769,0.5793216630196937
1338657997,8753,7040,1713,0.8042956700559808
1338731528,986,556,430,0.563894523326572
1338732850,1083,477,606,0.4404432132963989
1338754846,2150,2115,35,0.9837209302325581
1338886046,20438,11142,9296,0.5451609746550543
1338936926,5795,4064,1731,0.7012942191544435
1339001765,14084,2481,11603,0.17615734166429992
1339037026,157,99,58,0.6305732484076433
1339084413,3249,911,2338,0.2803939673745768
1339278266,33157,16966,16191,0.5116868232952317
1339308760,9810,2613,7197,0.26636085626911316
1339585296,10180,1398,8782,0.13732809430255402
1339589063,36056,30249,5807,0.8389449744841357
1339789386,163280,161526,1754,0.9892577168054875
1339899769,4053,1336,2717,0.3296323710831483
1340070714,50,48,2,0.96
1340137630,1391,96,1295,0.06901509705248023
1340220102,9939,2905,7034,0.2922829258476708
1340621736,298,272,26,0.912751677852349
1340642759,4639,770,3869,0.1659840482862686
1340720316,136,81,55,0.5955882352941176
1341123805,27330,22866,4464,0.8366630076838639
1341441879,20727,3046,17681,0.14695807400974575
1341550127,3455,1273,2182,0.368451519536903
1341563548,7629,5689,1940,0.7457071700091755
1341663349,7343,6914,429,0.9415770121203868
1341893518,7898,408,7490,0.05165864775892631
1342094885,66208,51062,15146,0.7712361043982601
1342211893,37241,6014,31227,0.16148868182916679
1342428549,20454,5207,15247,0.25457123301065804
1342457514,367094,207296,159798,0.5646946013827521
1342460412,33331,18465,14866,0.553988779214545
1342948883,21421,10426,10995,0.4867186405863405
1343144623,1023,571,452,0.5581622678396871
1343402562,3394,617,2777,0.1817913965822039
1343414561,18633,14378,4255,0.7716417109429506
1343532054,2840,1055,1785,0.3714788732394366
1343715577,3471,2105,1366,0.6064534716220109
1343753673,994,733,261,0.7374245472837022
1343767080,61391,46896,14495,0.7638904725448356
1343886165,17218,1749,15469,0.10157974213032872
1344042380,9019,6944,2075,0.7699301474664597
1344048055,11875,9599,2276,0.8083368421052631
1344050581,14531,12699,1832,0.8739247126832289
1344206557,23783,11189,12594,0.47046209477357775
1344400507,16938,11133,5805,0.657279489904357
1344578043,11006,343,10663,0.031164819189532983
1344628315,1664,1208,456,0.7259615384615384
1344694527,38535,18898,19637,0.490411314389516
1345069515,2092,615,1477,0.2939770554493308
1345547413,629,583,46,0.9268680445151033
1345824533,31823,5011,26812,0.15746472676994627
1345932074,3908,1806,2102,0.46212896622313204
1345974452,1492,487,1005,0.32640750670241286
1346128908,5815,3955,1860,0.6801375752364575
1346324728,1907,878,1029,0.4604090194022024
1346364197,6128,3378,2750,0.5512402088772846
1346408280,16315,5725,10590,0.3509040760036776
1346421716,6940,5964,976,0.8593659942363112
1347166458,498,225,273,0.45180722891566266
1347240425,5084,376,4708,0.07395751376868608
1347426516,1563,1528,35,0.9776071657069738
1347456995,142296,52699,89597,0.3703477258672064
1347491611,57978,38527,19451,0.6645106764634862
1347574800,6404,4288,2116,0.6695815115552779
1347690572,1116,559,557,0.5008960573476703
1347784514,28110,24397,3713,0.867911775168979
1347913542,1173,750,423,0.639386189258312
1348143879,15703,10049,5654,0.639941412468955
1348201587,1446,995,451,0.6881051175656985
1348213934,7277,797,6480,0.10952315514635153
1348269013,7527,4047,3480,0.5376644081307294
1348473503,856,538,318,0.6285046728971962
1348553619,88678,43761,44917,0.4934820361307201
1348565264,2526,2143,383,0.8483768804433888
1348638841,21108,455,20653,0.021555808224369907
1348807134,18297,14687,3610,0.8026998961578401
1348909566,4528,3471,1057,0.7665636042402827
1349400181,7355,4586,2769,0.6235214140040789
1349563530,10267,6461,3806,0.6292977500730496
1349693336,10635,289,10346,0.027174424071462155
1349990618,3233,236,2997,0.07299721620785649
1350047438,4646,3890,756,0.8372793801119243
1350084505,130,68,62,0.5230769230769231
1350337408,7114,6567,547,0.92310936182176
1350595010,31349,19512,11837,0.622412198156241
1350898506,13297,10329,2968,0.7767917575392945
1350945653,1138,161,977,0.14147627416520211
1351305550,300,59,241,0.19666666666666666
1351339368,4533,4123,410,0.9095521729538937
1351630231,4066,1888,2178,0.4643384161337924
1351928179,5482,2590,2892,0.47245530828164906
1352010007,1959,1457,502,0.743746809596733
1352032678,8924,6291,2633,0.7049529359031824
1352181814,452,234,218,0.5176991150442478
1352228072,7297,4178,3119,0.5725640674249691
1352686394,167672,136764,30908,0.8156639152631328
1352814258,30759,2089,28670,0.06791508176468676
1352911188,18028,5406,12622,0.29986687375194143
1353443806,7157,4598,2559,0.6424479530529551
1353467165,4551,3317,1234,0.7288508020215337
1353564780,13516,3104,10412,0.22965374371115715
1353723091,6751,332,6419,0.04917789957043401
1353839210,4230,3024,1206,0.7148936170212766
1353868111,6536,2247,4289,0.34378824969400246
1353881073,2538,1544,994,0.6083530338849488
1353910513,149,89,60,0.5973154362416108
1353983636,4550,2965,1585,0.6516483516483517
1354173693,8202,3650,4552,0.4450134113630822
1354198398,7017,3045,3972,0.43394613082513894
1354272408,1448,1275,173,0.880524861878453
1354483169,8019,6633,1386,0.8271604938271605
1354643284,6073,2602,3471,0.42845381195455295
1354656557,144,9,135,0.0625
1354765745,36008,20331,15677,0.5646245278826927
1354783865,3168,1422,1746,0.44886363636363635
1354806864,27106,7407,19699,0.2732605327233823
1354975375,154815,106322,48493,0.6867680780286148
1354980354,3141,1354,1787,0.43107290671760584
1355197184,1066,152,914,0.1425891181988743
1355241541,1595,838,757,0.5253918495297806
1355447047,6085,1202,4883,0.19753492193919475
1355631299,1252,61,1191,0.048722044728434506
1355862145,23375,2961,20414,0.12667379679144386
1355894726,4258,1870,2388,0.439173320807891
1355978227,1524,1358,166,0.8910761154855643
1356071010,4940,2640,2300,0.5344129554655871
1356083721,940,462,478,0.49148936170212765
1356362184,15624,14129,1495,0.9043138760880697
1356413413,2876,54,2822,0.018776077885952713
1356413669,24272,11695,12577,0.4818309162821358
1356439196,4895,1389,3506,0.28375893769152194
1356548200,447,48,399,0.10738255033557047
1357020882,2542,606,1936,0.23839496459480725
1357092496,1373,804,569,0.58557902403496
1357157750,4536,3304,1232,0.7283950617283951
1357187258,2449,1199,1250,0.4895875867701103
1357475834,14313,1910,12403,0.13344511982114163
1357539674,92419,25670,66749,0.2777567383330268
1357814386,3246,2861,385,0.881392483056069
1357958891,13566,10133,3433,0.7469408816158042
1358097009,25427,21619,3808,0.850237936052228
1358555939,6120,1873,4247,0.30604575163398695
1358676777,993,5,988,0.005035246727089627
1358684009,15438,10350,5088,0.6704236300038865
1358821689,4981,3819,1162,0.7667135113431038
1358900628,7531,491,7040,0.06519718496879565
1358935124,4082,2827,1255,0.6925526702596766
1359042362,11219,7648,3571,0.6817006863356806
1359047321,2254,365,1889,0.1619343389529725
1359129426,269,239,30,0.8884758364312267
1359166120,9585,9163,422,0.9559728742827335
1359200271,1167,481,686,0.41216795201371037
1359415006,568,427,141,0.7517605633802817
1359540151,958,96,862,0.10020876826722339
1359545920,1613,1541,72,0.9553626782393057
1359687718,10977,3868,7109,0.3523731438462239
1359741768,3170,2806,364,0.885173501577287
1359752040,11306,5140,6166,0.45462586237396074
1359755639,18662,15026,3636,0.8051655771085628
1359756151,6847,3410,3437,0.4980283335767489
1360071943,1252,263,989,0.21006389776357828
1360467207,5006,4305,701,0.8599680383539753
1360652866,3381,2691,690,0.7959183673469388
1360741997,20134,11886,8248,0.5903446905731599
1360755573,14115,6500,7615,0.46050301098122565
1360762651,187322,181304,6018,0.9678735012438475
1360831968,1483,1325,158,0.8934592043155766
1360890327,12417,4538,7879,0.365466698880567
1360891137,3930,3444,486,0.8763358778625954
1361127898,3746,2729,1017,0.7285104111051789
1361225203,3065,1715,1350,0.5595432300163132
1361305865,80467,2291,78176,0.028471298793294145
1361307156,1321,306,1015,0.23164269492808479
1361413121,5723,310,5413,0.05416739472304735
1361520930,758,621,137,0.8192612137203166
1361914038,16655,9488,7167,0.5696787751425998
1361933389,2692,734,1958,0.2726597325408618
1362035869,4171,2085,2086,0.4998801246703428
1362100779,16923,13329,3594,0.7876263073923063
1362156663,23630,18695,4935,0.7911553110452815
1362354395,3716,2097,1619,0.5643164693218514
1362443117,2314,2005,309,0.8664649956784788
1362701485,79177,64552,14625,0.8152872677671547
1362785878,4779,345,4434,0.07219083490269931
1362872145,270,100,170,0.37037037037037035
1362890584,41892,36820,5072,0.8789267640599637
1362959979,13178,938,12240,0.07117923812414631
1363017481,64652,4952,59700,0.0765946915795335
1363108610,4420,4223,197,0.9554298642533937
1363150911,74070,64661,9409,0.8729715134332389
1363208402,35144,29356,5788,0.8353061689050763
1363372859,6178,4420,1758,0.7154418905794756
1363469829,1892,1575,317,0.8324524312896406
1363894282,14498,9246,5252,0.6377431369844117
1364042779,5925,1571,4354,0.2651476793248945
1364161730,645365,389394,255971,0.6033701858638135
1364207510,24789,21373,3416,0.8621969421921013
1364416179,1400,1220,180,0.8714285714285714
1364443036,6610,4516,2094,0.6832072617246596
1364455041,3533,413,3120,0.11689782054910841
1364655890,1079,827,252,0.7664504170528267
1364757643,5655,4502,1153,0.7961096374889478
1364871396,13643,8094,5549,0.5932712746463388
1364934100,5790,4181,1609,0.7221070811744387
1365043287,13048,5930,7118,0.4544757817290006
1365154744,8054,1731,6323,0.2149242612366526
1365248194,4354,3089,1265,0.7094625631603123
1365363954,2427,1870,557,0.7704985578903997
1365475984,24200,21228,2972,0.877190082644628
1365482804,1222,1048,174,0.8576104746317512
1365860979,197318,148511,48807,0.7526480098115732
1365921811,44991,37710,7281,0.8381676335267053
1366043756,2807,1668,1139,0.5942287139294621
1366246764,7176,4159,3017,0.5795707915273133
1366625964,33053,24821,8232,0.7509454512449703
1366840186,1346,1097,249,0.8150074294205052
1366875167,64757,54017,10740,0.8341492039470636
1366907175,8097,6987,1110,0.8629121896998888
1367064771,282,59,223,0.20921985815602837
1367089949,2942,1845,1097,0.6271244051665533
1367102893,5394,5295,99,0.9816462736373749
1367308579,45962,29271,16691,0.6368521822375005
1367529516,2628,1280,1348,0.487062404870624
1367689937,767,581,186,0.757496740547588
1367825692,1765,1505,260,0.8526912181303116
1367884910,6797,4039,2758,0.5942327497425335
1367889477,17182,10659,6523,0.6203585147247119
1367926850,3487,971,2516,0.27846286205907655
1367959184,13277,9820,3457,0.7396249152670031
1367959313,440,57,383,0.12954545454545455
1368101159,19079,12633,6446,0.662141621678285
1368416182,44866,8378,36488,0.1867338296259974
1368417295,9707,7296,2411,0.7516225404347379
1368439688,210,196,14,0.9333333333333333
1368469858,13810,2322,11488,0.16813902968863143
1368563614,6907,2592,4315,0.37527146373244535
1368716013,18352,14839,3513,0.8085767218831735
1368777391,2147,1022,1125,0.4760130414531905
1368935549,19663,15973,3690,0.8123378935055688
1368991647,451,141,310,0.31263858093126384
1369119894,2183,1570,613,0.7191937700412276
1369146847,10626,10383,243,0.9771315640880859
1369229864,5048,3041,2007,0.6024167987321711
1369256178,843,752,91,0.8920521945432978
1369401564,44915,493,44422,0.0109762885450295
1369473627,7692,609,7083,0.07917316692667707
1369525640,1617,1498,119,0.9264069264069265
1369616013,20225,3338,16887,0.1650432632880099
1369922549,518,390,128,0.752895752895753
1370156500,504,108,396,0.21428571428571427
1370254304,69,67,2,0.9710144927536232
1370315620,1848,898,950,0.48593073593073594
1370585748,5227,4331,896,0.8285823608188253
1370663075,240,12,228,0.05
1370680737,41033,5031,36002,0.12260863207662126
1371124948,1650,829,821,0.5024242424242424
1371316306,8485,7841,644,0.9241013553329405
1371393434,23398,20221,3177,0.8642191640311138
1371433040,3637,1292,2345,0.35523783337915865
1371527142,30369,450,29919,0.014817741776153314
1371990085,2257,2003,254,0.8874612317235268
1372005588,83438,43182,40256,0.5175339773244805
1372231162,1608,50,1558,0.03109452736318408
1372262851,1500,1173,327,0.782
1372343658,38230,31838,6392,0.8328014648182056
1372345628,741,340,401,0.45883940620782726
1372505062,2441,1276,1165,0.5227365833674723
1372544004,319,24,295,0.07523510971786834
1372613890,21396,12610,8786,0.5893624976631145
1372889561,14789,12972,1817,0.8771384136858476
1373136295,5659,1631,4028,0.2882134652765506
1373177898,10594,10268,326,0.9692278648291486
1373262918,276,120,156,0.43478260869565216
1373456265,886,423,463,0.47742663656884876
1373679189,4303,3356,947,0.7799209853590519
1373722588,10501,9026,1475,0.8595371869345777
1373804324,2094,491,1603,0.23447946513849094
1373869296,58270,49264,9006,0.8454436245066071
1374015195,194,126,68,0.6494845360824743
1374021171,33923,1598,32325,0.047106682781593606
1374105841,131,60,71,0.4580152671755725
1374182358,869,325,544,0.3739930955120829
1374403827,94,64,30,0.6808510638297872
1374517886,1445,1066,379,0.7377162629757785
1374598725,730,655,75,0.8972602739726028
1374777971,19844,14667,5177,0.7391150977625479
1374821530,4352,3075,1277,0.7065716911764706
1374886285,64,61,3,0.953125
1375046573,2409,1188,1221,0.4931506849315068
1375411511,1373,1189,184,0.8659868900218499
1375438067,1974,1085,889,0.549645390070922
1375607478,8147,1169,6978,0.14348840063827176
1375736773,2126,1591,535,0.7483537158984007
1375788600,33026,24357,8669,0.7375098407315448
1375887202,19111,15053,4058,0.7876615561718382
1375889788,11385,6293,5092,0.5527448397013615
1375893336,983,806,177,0.8199389623601221
1376456900,33414,31044,2370,0.9290716466151913
1376527483,94246,62616,31630,0.6643889395836428
1376988721,2244,1253,991,0.5583778966131907
1377037756,3098,298,2800,0.0961910910264687
1377131399,37111,31985,5126,0.8618738379456226
1377498795,76741,20834,55907,0.27148460405780483
1377662171,2985,1370,1615,0.45896147403685095
1377968514,19886,3065,16821,0.15412853263602536
1378113154,967,880,87,0.9100310237849017
1378293934,792,94,698,0.11868686868686869
1378387828,1806,503,1303,0.27851605758582504
1378403197,14212,8677,5535,0.6105403884041655
1378440472,1367,19,1348,0.013899049012435992
1378555179,6590,4527,2063,0.6869499241274658
1378627627,484,299,185,0.6177685950413223
1378662340,1726,243,1483,0.14078794901506372
1378993855,8942,1557,7385,0.17412212033102215
1379362615,21557,10978,10579,0.5092545344899568
1379440637,12830,2612,10218,0.20358534684333593
1379472787,9006,2666,6340,0.29602487230735064
1379610772,416,246,170,0.5913461538461539
1379672924,8855,6027,2828,0.6806324110671936
1379832117,8921,5675,3246,0.6361394462504204
1379877746,20587,16542,4045,0.8035167824355176
1379965249,1366,777,589,0.568814055636896
1379976336,1224,989,235,0.8080065359477124
1379996988,6638,5145,1493,0.7750828562820127
1380021391,1050,787,263,0.7495238095238095
1380081473,54308,20433,33875,0.3762429108050379
1380591662,30546,5301,25245,0.17354154390100177
1380595633,5797,554,5243,0.09556667241676729
1380636877,723,721,2,0.9972337482710927
1380653718,21800,9417,12383,0.4319724770642202
1381014281,199,168,31,0.8442211055276382
1381162719,1159,593,566,0.5116479723899914
1381186291,313,155,158,0.4952076677316294
1381444671,155153,109088,46065,0.7030995211178643
1381581906,6465,3792,2673,0.5865429234338747
1381597474,1931,991,940,0.5132055929570171
1381768978,7137,2718,4419,0.38083228247162676
1381789923,17019,2941,14078,0.17280686291791528
1381836775,826,181,645,0.21912832929782083
1382116552,6255,334,5921,0.05339728217426059
1382603341,1786,612,1174,0.3426651735722284
1382991987,59918,53535,6383,0.8934710771387563
1383080348,14785,6861,7924,0.464051403449442
1383293582,12816,9117,3699,0.711376404494382
1383353480,6683,4213,2470,0.6304055065090528
1383548516,5299,4321,978,0.8154368748820532
1383623416,14180,4184,9996,0.29506346967559943
1383869614,25417,13567,11850,0.5337766062084431
1383870370,2422,1628,794,0.6721717588769612
1383897718,873,383,490,0.43871706758304696
1383956225,20423,15249,5174,0.746658179503501
1384204342,1701,195,1506,0.1146384479717813
1384335358,14205,7833,6372,0.5514255543822598
1384598971,23271,12493,10778,0.5368484379700056
1384759714,1272,1219,53,0.9583333333333334
1384792074,974,260,714,0.2669404517453799
1384952540,9757,6611,3146,0.677564825253664
1385193747,458,398,60,0.868995633187773
1385194901,378,328,50,0.8677248677248677
1385347921,1392,336,1056,0.2413793103448276
1385590013,8179,4459,3720,0.5451766719647879
1385610181,4661,3428,1233,0.7354644925981549
1385756933,131,68,63,0.5190839694656488
1385774152,2359,1238,1121,0.5247986434930055
1385781659,5407,4518,889,0.8355835028666543
1385874431,23447,4762,18685,0.203096344948181
1386000370,69,68,1,0.9855072463768116
1386260060,2505,1909,596,0.7620758483033933
1386308697,3064,385,2679,0.12565274151436032
1386428552,917,353,564,0.38495092693565974
1386832075,20925,18474,2451,0.8828673835125448
1387025208,20946,5269,15677,0.2515516088990738
1387235390,31712,13765,17947,0.43406281533804236
1387241221,5998,5604,394,0.9343114371457152
1387298205,1429,556,873,0.38908327501749473
1387557683,2690,1799,891,0.6687732342007435
1387941917,291,260,31,0.8934707903780069
1387948295,5590,3918,1672,0.7008944543828265
1387982292,734,350,384,0.4768392370572207
1388307162,853,389,464,0.45603751465416176
1388344283,981,886,95,0.9031600407747197
1388479242,438,13,425,0.02968036529680365
1388608965,3912,1013,2899,0.2589468302658487
1388742750,15504,14267,1237,0.9202141382868937
1388865398,2565,571,1994,0.2226120857699805
1389109364,1858,994,864,0.534983853606028
1389217595,3957,907,3050,0.22921405104877432
1389296713,9356,6983,2373,0.7463659683625481
1389617341,18394,14181,4213,0.7709579210612156
1389725417,3243,1836,1407,0.5661424606845513
1389801331,2133,948,1185,0.4444444444444444
1389911518,618,539,79,0.872168284789644
1390196815,1306,807,499,0.6179173047473201
1390250156,7454,5166,2288,0.6930507110276362
1390444638,5216,2157,3059,0.4135352760736196
1390822506,1570,767,803,0.48853503184713376
1390853488,2721,1423,1298,0.5229694965086366
1391010640,7004,4677,2327,0.6677612792689891
1391031815,1372,262,1110,0.19096209912536444
1391166244,64433,57874,6559,0.8982043362873062
1391244201,74109,45711,28398,0.6168076751811521
1391429188,1329,19,1310,0.014296463506395787
1391576396,686,323,363,0.4708454810495627
1391733504,176,49,127,0.2784090909090909
1392359517,171,71,100,0.4152046783625731
1392686525,30273,25688,4585,0.8485449080038318
1393045790,13633,714,12919,0.052372918653267805
1393138178,68060,26871,41189,0.3948133999412283
1393190394,15541,14510,1031,0.9336593526800078
1393271424,5840,3131,2709,0.5361301369863014
1393388273,17531,1806,15725,0.10301751183617591
1393505038,19127,335,18792,0.017514508286715115
1393528578,588,247,341,0.4200680272108844
1393557802,867,795,72,0.916955017301038
1393635062,4579,3749,830,0.8187377156584407
1393636417,2106,1798,308,0.8537511870845205
1393656599,823,511,312,0.6208991494532199
1393788436,340,314,26,0.9235294117647059
1394242334,880,339,541,0.38522727272727275
1394249285,2696,536,2160,0.19881305637982197
1394303875,12871,12353,518,0.9597544868308601
1394387102,14757,3404,11353,0.23067019041810666
1394601344,2390,1266,1124,0.5297071129707113
1394604396,30297,18838,11459,0.62177773376902
1394661434,11574,2593,8981,0.22403663383445654
1394777716,2330,963,1367,0.4133047210300429
1394841387,26320,10150,16170,0.38563829787234044
1395317210,9480,619,8861,0.06529535864978903
1395559450,7664,4064,3600,0.5302713987473904
1395748587,2750,1936,814,0.704
1395854920,42012,2202,39810,0.0524135961153956
1396015464,14956,5990,8966,0.4005081572612998
1396341881,24217,16637,7580,0.686996737828798
1396546078,1498,980,518,0.6542056074766355
1396886054,498,278,220,0.5582329317269076
1397005925,1786,1289,497,0.7217245240761478
1397188867,16116,8725,7391,0.5413874410523704
1397248153,3924,2133,1791,0.5435779816513762
1397542821,3644,699,2945,0.19182217343578487
1397713307,20219,6206,14013,0.3069390177555764
1397842532,5944,4346,1598,0.7311574697173621
1397975864,7452,5359,2093,0.7191358024691358
1397980374,76617,55405,21212,0.7231423835441221
1397980825,48903,5406,43497,0.11054536531501134
1397981388,644,520,124,0.8074534161490683
1397990527,1630,1282,348,0.7865030674846626
1398053299,9986,5418,4568,0.5425595834167835
1398153607,1420,1014,406,0.7140845070422536
1398160053,1691,958,733,0.566528681253696
1398177160,618,356,262,0.5760517799352751
1398206821,464,199,265,0.42887931034482757
1398233250,132,130,2,0.9848484848484849
1398286306,5606,4546,1060,0.8109168747770246
1398649994,7953,454,7499,0.057085376587451275
1398837779,5617,3774,1843,0.6718889086701086
1398921555,7240,7146,94,0.9870165745856354
1399081775,5175,3036,2139,0.5866666666666667
1399139748,12274,8586,3688,0.6995274564119277
1399177000,11512,10981,531,0.9538742182070883
1399374664,4453,3952,501,0.8874915787109814
1399507188,1504,608,896,0.40425531914893614
1399694164,7462,3870,3592,0.518627713749665
1399800959,179,170,9,0.9497206703910615
1399876259,19183,11134,8049,0.580409737788667
1399901836,277,23,254,0.08303249097472924
1399940300,41758,25419,16339,0.6087216820728962
1400303777,3282,796,2486,0.2425350396099939
1400321244,1773,1190,583,0.6711787930062042
1400462869,1162,570,592,0.4905335628227194
1400526750,33495,29714,3781,0.8871174802209285
1400637092,154384,90075,64309,0.5834477666079386
1400869827,3995,3755,240,0.9399249061326659
1401086086,5219,2825,2394,0.5412914351408316
1401357107,6532,5450,1082,0.8343539497856706
1401429122,6905,4961,1944,0.7184648805213614
1401510587,37362,32336,5026,0.8654782934532412
1401530462,4979,4557,422,0.9152440249045993
1401639678,1212,0,1212,0.0
1401991513,4094,2250,1844,0.5495847581827064
1402160447,14257,12241,2016,0.8585957775128007
1402317519,3905,1045,2860,0.2676056338028169
1402739442,5801,3327,2474,0.5735218065850716
1402788481,4819,3257,1562,0.6758663623158332
1402904953,23405,21233,2172,0.9071993163853878
1403092625,26792,11927,14865,0.4451702000597193
1403214310,6963,5519,1444,0.7926181243716789
1403338212,57465,38229,19236,0.6652571130253198
1403369123,1432,1146,286,0.8002793296089385
1403538697,3113,2848,265,0.9148731127529715
1403597744,24447,21004,3443,0.859164723687978
1403935983,1928,70,1858,0.03630705394190872
1404082636,12520,9414,3106,0.7519169329073483
1404086628,775,743,32,0.9587096774193549
1404198595,2785,62,2723,0.022262118491921005
1404342180,14909,4040,10869,0.27097726205647593
1404342216,177090,5688,171402,0.03211926139251228
1404502107,4432,1748,2684,0.3944043321299639
1404541069,10544,7866,2678,0.7460166919575114
1404572012,36628,27446,9182,0.74931746205089
1404579277,514,199,315,0.38715953307393
1404664470,5725,2962,2763,0.5173799126637555
1404712688,90074,61547,28527,0.6832937362612963
1404903586,5860,4428,1432,0.7556313993174062
1404962961,32020,26118,5902,0.8156777014366021
1404963236,1597,46,1551,0.028804007514088917
1405106225,3401,1733,1668,0.5095560129373714
1405122205,16631,10057,6574,0.6047140881486381
1405330309,310,210,100,0.6774193548387096
1405512093,38105,26421,11684,0.6933735730219132
1405553162,6118,5202,916,0.8502778685845047
1405570029,46837,18653,28184,0.3982535175182014
1405659952,2227,989,1238,0.44409519533004044
1405831273,175,147,28,0.84
1405898378,11737,10301,1436,0.8776518701542132
1405941160,406,326,80,0.8029556650246306
1406223606,54511,33261,21250,0.6101704243180276
1406255229,3676,3423,253,0.9311751904243744
1406367503,86757,81427,5330,0.9385640351787176
1406524713,84,81,3,0.9642857142857143
1406599970,38765,36735,2030,0.947633174255127
1406600156,177,23,154,0.12994350282485875
1406672085,1258,143,1115,0.1136724960254372
1407011430,306,242,64,0.7908496732026143
1407413476,34555,31511,3044,0.9119085515844306
1407423485,21308,18403,2905,0.8636662286465178
1407735984,1826,1340,486,0.7338444687842278
1407738477,1227,878,349,0.7155664221678891
1408035494,1003,900,103,0.8973080757726819
1408065204,108437,88624,19813,0.8172856128443243
1408152633,620,220,400,0.3548387096774194
1408170667,5605,4793,812,0.8551293487957181
1408544118,2773,563,2210,0.20302921024161558
1408587783,2208,2190,18,0.9918478260869565
1408710238,639,463,176,0.7245696400625978
1408834295,318,202,116,0.6352201257861635
1408923815,16167,6770,9397,0.4187542524896394
1408983959,1873,1727,146,0.9220501868659904
1409283693,2589,37,2552,0.01429123213595983
1409307967,8664,6651,2013,0.7676592797783933
1409322371,473,52,421,0.10993657505285412
1409428304,5524,2324,3200,0.4207096307023896
1409644520,3288,2503,785,0.7612530413625304
1409761930,66700,34447,32253,0.5164467766116941
1409792267,11014,800,10214,0.0726348284002179
1410325771,2917,277,2640,0.09496057593417895
1410443450,150,58,92,0.38666666666666666
1410567056,3647,2690,957,0.7375925418151905
1410791853,8552,3722,4830,0.4352198316183349
1410854086,29186,25941,3245,0.8888165558829576
1411135346,2494,582,1912,0.23336006415396954
1411138073,25808,24898,910,0.9647396156230627
1411154663,91880,40521,51359,0.4410208968219417
1411362525,4586,3362,1224,0.7331007413868295
1411420172,6307,4694,1613,0.7442524179483114
1411641646,21531,17204,4327,0.7990339510473271
1411735934,5385,4919,466,0.9134633240482822
1411802202,1678,1550,128,0.9237187127532777
1411883586,124414,24563,99851,0.19742954972913015
1411910424,11094,8757,2337,0.7893455922120065
1412212186,2452,830,1622,0.33849918433931486
1413275904,116960,72120,44840,0.6166210670314638
1413527860,7608,6967,641,0.9157465825446898
1413672007,10452,3571,6881,0.3416570991197857
1413684585,600,469,131,0.7816666666666666
1413768065,9709,4675,5034,0.4815119991760222
1413845034,2041,954,1087,0.46741793238608526
1413938584,9652,6789,2863,0.703377538334024
1413943317,1274,1146,128,0.8995290423861853
1414201738,20004,18863,1141,0.9429614077184563
1414408897,2357,1676,681,0.711073398387781
1414458248,3605,1587,2018,0.4402219140083218
1414622919,5074,1805,3269,0.35573512022073317
1414700141,105,60,45,0.5714285714285714
1414778824,12414,7683,4731,0.6188980183663606
1414810176,1053,877,176,0.8328584995251662
1414830185,4012,722,3290,0.17996011964107678
1414861095,14213,4512,9701,0.31745585027791456
1414927197,33085,15090,17995,0.45609792957533624
1414927483,7320,5098,2222,0.696448087431694
1415001412,27146,22830,4316,0.8410078832977235
1415129442,71885,1592,70293,0.02214648396744801
1415343907,17468,9085,8383,0.5200938859629036
1415480905,6001,5152,849,0.8585235794034327
1415559341,6660,6103,557,0.9163663663663664
1415612266,16351,7024,9327,0.4295761727111492
1415681277,2127,1760,367,0.8274565115185708
1415938931,45818,39145,6673,0.8543585490418613
1416310268,14547,11411,3136,0.7844229050663367
1416458995,344,25,319,0.07267441860465117
1416601760,8643,6968,1675,0.8062015503875969
1416808726,23594,21190,2404,0.8981096889039586
1416836063,2047,169,1878,0.08255984367366878
1417076698,30216,18513,11703,0.6126886417791898
1417269033,58190,51804,6386,0.8902560577418801
1417316928,77801,16884,60917,0.21701520546008407
1417319519,70900,53136,17764,0.7494499294781383
1417679495,13610,12314,1296,0.9047759000734754
1417754610,44123,41480,2643,0.940099267955488
1417755783,2608,1710,898,0.6556748466257669
1417817111,2161,825,1336,0.3817677001388246
1418067848,9311,3007,6304,0.32295134786811297
1418156090,1687,1452,235,0.8606994665085952
1418259061,41284,2259,39025,0.05471853502567581
1418269692,69,3,66,0.043478260869565216
1418295242,1109,476,633,0.4292155094679892
1418440636,40221,22149,18072,0.5506824793018572
1418626942,14746,11760,2986,0.7975044079750441
1418986176,40768,5723,35045,0.14037970957613816
1419031175,48031,43947,4084,0.9149715808540317
1419099974,4617,4269,348,0.9246263807667316
1419249884,1329,1084,245,0.8156508653122648
1419288140,12159,10226,1933,0.8410231104531622
1419322056,1470,283,1187,0.19251700680272107
1419347893,13198,10174,3024,0.7708743749052887
1419385125,32973,10073,22900,0.3054923725472356
1419432976,43298,21485,21813,0.4962122961799621
1419622843,123213,31768,91445,0.25782993677615185
1419640798,70606,58353,12253,0.8264595076905645
1419663544,4790,365,4425,0.07620041753653445
1419773836,4099,2830,1269,0.6904122956818737
1419820394,75167,68544,6623,0.9118895259887982
1419885710,3846,2012,1834,0.5231409256370255
1419968752,855,825,30,0.9649122807017544
1419981417,1142,1029,113,0.9010507880910683
1420221749,2601,294,2307,0.11303344867358708
1420346524,20273,2750,17523,0.13564839934888767
1420366216,58132,18937,39195,0.32575861831693387
1420404175,1364,1194,170,0.875366568914956
1420470492,28492,93,28399,0.0032640741260704757
1420513187,1157,662,495,0.5721694036300777
1420553252,3754,2626,1128,0.6995205114544486
1420670743,12228,4840,7388,0.39581288845273144
1420849851,26113,21232,4881,0.8130816068624823
1421093032,304,211,93,0.694078947368421
1421233701,3782,1708,2074,0.45161290322580644
1421315432,11770,8212,3558,0.6977060322854716
1421380368,5773,4002,1771,0.6932270916334662
1421494607,53538,33783,19755,0.6310097500840525
1421614581,580,476,104,0.8206896551724138
1421685246,14281,9171,5110,0.6421819200336111
1421708635,2563,2368,195,0.9239172844323059
1422038988,131453,43817,87636,0.33332826181220665
1422106684,469,260,209,0.5543710021321961
1422125135,6951,2778,4173,0.3996547259387139
1422237772,1099,539,560,0.49044585987261147
1422250581,517,23,494,0.04448742746615087
1422340282,2590,2046,544,0.78996138996139
1422547134,3211,653,2558,0.20336343818125194
1422626039,231,117,114,0.5064935064935064
1422650766,1355,668,687,0.4929889298892989
1422655901,20996,13988,7008,0.6662221375500095
1422849342,1078,170,908,0.15769944341372913
1422976059,10775,1317,9458,0.12222737819025523
1422983332,10990,6996,3994,0.6365787079162876
1423076444,2488,1410,1078,0.5667202572347267
1423114229,13345,7267,6078,0.5445485200449607
1423206826,1638,1453,185,0.887057387057387
1423214401,484,213,271,0.44008264462809915
1423219963,5701,4893,808,0.8582704788633573
1423456645,1531,595,936,0.3886348791639451
1423745015,10555,4588,5967,0.4346755092373283
1424132001,1481,748,733,0.5050641458474004
1424237488,63105,12364,50741,0.19592742254971873
1424291950,4641,360,4281,0.07756948933419522
1424302432,40485,3238,37247,0.0799802395949117
1424346030,41632,37773,3859,0.9073068793235972
1424355891,1650,599,1051,0.36303030303030304
1425108523,23497,1399,22098,0.05953951568285313
1425196840,899,621,278,0.6907675194660734
1425508485,3925,1400,2525,0.35668789808917195
1425567895,3335,1962,1373,0.5883058470764617
1425704944,5008,4715,293,0.9414936102236422
1425736772,863,666,197,0.7717265353418308
1426032968,1654,1314,340,0.7944377267230955
1426197158,81671,3011,78660,0.03686743152404158
1426274927,11484,8548,2936,0.744339951236503
1426610842,878,309,569,0.35193621867881547
1426684491,19702,14272,5430,0.7243934625926302
1426695366,8488,5813,2675,0.6848491988689915
1426799697,44707,21132,23575,0.47267765674279194
1426807426,29918,26025,3893,0.8698776656193595
1426807772,3170,2978,192,0.9394321766561514
1426893397,3512,2121,1391,0.6039293849658315
1427006051,1325,683,642,0.5154716981132076
1427316884,194883,114308,80575,0.5865467998747966
1427366318,34392,31706,2686,0.9219004419632473
1427686180,133009,38437,94572,0.2889804449322978
1427851121,54082,32620,21462,0.6031581672275433
1428059907,11494,9151,2343,0.7961545153993388
1428214487,4485,3161,1324,0.70479375696767
1428340599,1587,1181,406,0.7441713925645873
1428341379,28443,14345,14098,0.5043420173680695
1428495312,2121,675,1446,0.31824611032531824
1428550845,21697,19844,1853,0.9145964879937318
1428594784,1656,62,1594,0.03743961352657005
1428676743,575,183,392,0.3182608695652174
1428694116,70946,57323,13623,0.807980717728977
1429044958,23958,17480,6478,0.7296101510977544
1429064926,770,529,241,0.687012987012987
1429089987,775,439,336,0.5664516129032258
1429095003,543,447,96,0.8232044198895028
1429279632,1864,491,1373,0.263412017167382
1429283924,10371,7376,2995,0.7112139620094494
1429662535,323,165,158,0.5108359133126935
1429970792,668,575,93,0.8607784431137725
1430105652,4608,2024,2584,0.4392361111111111
1430294546,2074,1729,345,0.8336547733847638
1430628514,1253,461,792,0.3679169992019154
1430770744,199,77,122,0.3869346733668342
1430813243,6734,5559,1175,0.8255123255123256
1431049698,3994,2845,1149,0.7123184777165749
1431055125,1525,608,917,0.39868852459016396
1431098826,441,216,225,0.4897959183673469
1431172818,1127,170,957,0.15084294587400177
1431175842,1792,1178,614,0.6573660714285714
1431769923,2733,1438,1295,0.526161727039883
1431788338,6680,4062,2618,0.6080838323353294
1431858269,626,215,411,0.34345047923322686
1431913981,116,34,82,0.29310344827586204
1432133348,68199,27008,41191,0.396017536914031
1432299025,1060,247,813,0.2330188679245283
1432356206,14100,13893,207,0.9853191489361702
1432752009,231,1,230,0.004329004329004329
1432763973,1887,1048,839,0.5553789083200847
1432950893,21935,2579,19356,0.11757465238203783
1433020100,18026,4267,13759,0.23671363585931432
1433164113,3607,2013,1594,0.5580815081785417
1433231780,129095,102189,26906,0.7915798443007088
1433485056,34615,13852,20763,0.40017333525928067
1433487545,7902,4190,3712,0.5302455074664641
1433544635,694,494,200,0.7118155619596542
1434046398,752,466,286,0.6196808510638298
1434086660,40870,21350,19520,0.5223880597014925
1434095050,130,117,13,0.9
1434215775,550,33,517,0.06
1434619643,4495,1150,3345,0.25583982202447164
1434952351,352,102,250,0.2897727272727273
1435000280,15936,10113,5823,0.6346009036144579
1435018143,6466,369,6097,0.05706773894215898
1435090968,2592,1082,1510,0.4174382716049383
1435300495,22124,10146,11978,0.45859699873440607
1435646807,60107,43863,16244,0.7297486149699702
1435795644,3544,245,3299,0.06913092550790068
1435947075,11493,9618,1875,0.8368572174367006
1436354653,90339,66078,24261,0.7314448909109023
1436580730,59023,48833,10190,0.827355437710723
1436626673,2476,1806,670,0.7294022617124394
1436896127,5258,3442,1816,0.6546215290985166
1436948320,5759,5750,9,0.9984372286855356
1437102541,31687,10485,21202,0.33089279515258624
1437110742,254,90,164,0.3543307086614173
1437116728,7553,5733,1820,0.7590361445783133
1437271533,3470,1151,2319,0.33170028818443803
1437557425,101,101,0,1.0
1437580836,229960,182223,47737,0.7924117237780484
1437775623,69518,62186,7332,0.8945309128571017
1438270038,500,395,105,0.79
1438462776,32636,14282,18354,0.43761490378722884
1439270782,2882,1257,1625,0.4361554476058293
1439310936,16415,12291,4124,0.74876637222053
1439537000,7204,5553,1651,0.7708217656857301
1439708554,7028,6277,751,0.89314171883893
1439718598,71069,65091,5978,0.9158845628895862
1440257481,5852,4247,1605,0.7257347915242652
1440266236,13715,10839,2876,0.7903025884068539
1440308362,11965,3652,8313,0.30522356874216466
1440455418,810,0,810,0.0
1440457048,3439,203,3236,0.05902878743820878
1440676131,308,199,109,0.6461038961038961
1441242978,6201,1764,4437,0.2844702467343977
1441294681,22448,6143,16305,0.27365466856735565
1441314236,2687,457,2230,0.1700781540751768
1441362131,25887,20461,5426,0.7903967242245142
1441364115,2282,1831,451,0.8023663453111306
1441410644,57669,56647,1022,0.9822781737155144
1441529975,2576,1975,601,0.7666925465838509
1441591543,15580,8614,6966,0.5528883183568678
1441613895,15783,13984,1799,0.8860166001393904
1442142098,9108,5200,3908,0.5709266578831796
1442147098,484,144,340,0.2975206611570248
1442193713,8779,3153,5626,0.3591525230664085
1442569908,1142,889,253,0.7784588441330998
1442576262,72625,7372,65253,0.10150774526678141
1443010294,2949,756,2193,0.25635808748728384
1443014345,1601,1223,378,0.763897564022486
1443328579,6027,4029,1998,0.6684917869586859
1443589832,39928,34688,5240,0.8687637747946303
1443599761,13505,12921,584,0.9567567567567568
1443615245,2018,1888,130,0.9355797819623389
1443760495,143065,111182,31883,0.7771432565617027
1443855706,1068,441,627,0.41292134831460675
1443939698,844,80,764,0.0947867298578199
1443952539,16085,5248,10837,0.3262667081131489
1443959811,117505,62454,55051,0.5315007872005446
1443997617,1298,1034,264,0.7966101694915254
1444054825,24130,21891,2239,0.907210940737671
1444092230,2762,2003,759,0.725199131064446
1444117291,50906,40931,9975,0.8040506030723293
1444342272,2348,2026,322,0.862862010221465
1444582681,59194,46817,12377,0.7909078622833395
1444651579,7387,4262,3125,0.5769595234872072
1444917330,66705,2140,64565,0.0320815531069635
1445320304,2346,370,1976,0.1577152600170503
1445404892,771,564,207,0.7315175097276264
1445486817,5214,204,5010,0.039125431530494824
1445666935,4765,1585,3180,0.33263378803777544
1445785477,19377,1760,17617,0.09082933374619394
1445793352,2693,868,1825,0.32231711845525435
1446282622,1883,694,1189,0.3685608072225173
1446313785,11566,10433,1133,0.9020404634272868
1446336753,2699,1549,1150,0.5739162652834383
1446341366,694,10,684,0.01440922190201729
1446390470,9343,1754,7589,0.18773413250561918
1446544444,652,628,24,0.9631901840490797
1446647867,17706,9004,8702,0.5085281825369931
1446686806,1437,650,787,0.4523312456506611
1446699960,1604,192,1412,0.11970074812967581
1446742906,2084,11,2073,0.00527831094049904
1446822343,19415,13378,6037,0.689054854493948
1446967004,511,254,257,0.49706457925636005
1447008888,31616,26104,5512,0.8256578947368421
1447033469,11834,2349,9485,0.1984958593882035
1447219505,15861,15106,755,0.952398966017275
1447464618,44593,32114,12479,0.7201578723117978
1447563056,35509,4903,30606,0.13807767044974514
1447585678,244,141,103,0.5778688524590164
1447729867,617,403,214,0.653160453808752
1447954994,49821,29952,19869,0.6011922683205877
1447982420,13841,5366,8475,0.3876887508128025
1448178288,8009,5070,2939,0.6330378324385066
1448202098,4418,4033,385,0.9128564961521051
1448213592,10491,3949,6542,0.37641788199409015
1448585418,484,77,407,0.1590909090909091
1448905882,12994,3339,9655,0.25696475296290594
1449312582,1458,282,1176,0.1934156378600823
1449522842,20375,1189,19186,0.0583558282208589
1449766404,7782,1183,6599,0.15201747622719095
1449906146,6166,4567,1599,0.740674667531625
1450268722,88,10,78,0.11363636363636363
1450297091,11927,3200,8727,0.26829881780833403
1450305613,42698,33741,8957,0.7902243664808656
1450342291,56886,36365,20521,0.6392609780965439
1450681920,27354,8389,18965,0.30668275206551143
1450744980,6236,713,5523,0.11433611289288005
1450902552,6878,6397,481,0.9300668799069497
1451052071,138,29,109,0.21014492753623187
1451077550,39621,6244,33377,0.15759319552762424
1451264931,20451,7577,12874,0.37049533030169673
1451298887,133,131,2,0.9849624060150376
1451473673,5430,5087,343,0.9368324125230203
1451536148,1003,755,248,0.752741774675972
1451779866,1588,1270,318,0.7997481108312342
1451859461,1293,993,300,0.7679814385150812
1452039558,9398,4948,4450,0.5264949989359439
1452103533,11966,5382,6584,0.44977436068861776
1452280850,31877,987,30890,0.030962763120745366
1452287396,52,32,20,0.6153846153846154
1452326303,5625,3031,2594,0.5388444444444445
1452365920,1404,21,1383,0.014957264957264958
1452478932,2546,1091,1455,0.42851531814611155
1452614424,17571,15016,2555,0.8545899493483581
1452775986,822,14,808,0.0170316301703163
1453131584,306,255,51,0.8333333333333334
1453276820,6467,3883,2584,0.6004329673728158
1453382632,4618,1808,2810,0.3915114768297964
1453453123,33918,21198,12720,0.6249778878471608
1453468113,14551,7680,6871,0.5277987767163769
1453563350,4566,888,3678,0.19448094612352168
1453804949,211973,171234,40739,0.8078104286866724
1454306937,11341,9182,2159,0.8096287805308174
1454547945,34663,30013,4650,0.8658511957995557
1455108726,21772,4109,17663,0.18872864229285322
1455368534,544,512,32,0.9411764705882353
1455446629,223,18,205,0.08071748878923767
1455451063,358,252,106,0.7039106145251397
1455517898,1122,767,355,0.6836007130124777
1455775270,29199,19802,9397,0.6781739100654132
1455985656,225,163,62,0.7244444444444444
1456080014,7502,7140,362,0.9517462010130632
1456138645,5665,1870,3795,0.3300970873786408
1456222796,7815,352,7463,0.045041586692258474
1456232252,362,243,119,0.6712707182320442
1456273435,1704,752,952,0.4413145539906103
1456379348,5729,3832,1897,0.6688776400768023
1456535261,226264,140687,85577,0.6217825195347029
1456571984,14026,4371,9655,0.3116355340082704
1456805810,9194,773,8421,0.08407657167718077
1456984194,2745,2,2743,0.0007285974499089253
1457044741,14503,10967,3536,0.7561883748190029
1457166030,1548,935,613,0.6040051679586563
1457241348,33924,2245,31679,0.0661773375781158
1457300476,11993,6639,5354,0.5535729175352289
1457374464,5333,4218,1115,0.7909244327770486
1457479149,442,279,163,0.6312217194570136
1457480127,128,121,7,0.9453125
1457792309,3739,2057,1682,0.5501470981545867
1458029068,14321,742,13579,0.051812024299979054
1458091346,698,45,653,0.06446991404011461
1458113717,525,237,288,0.4514285714285714
1458125910,1057,689,368,0.651844843897824
1458227561,36282,2074,34208,0.057163331679620746
1458291692,333,110,223,0.3303303303303303
1458419575,12138,6750,5388,0.5561047948591201
1458646988,42630,34100,8530,0.7999061693642975
1459124322,321,102,219,0.3177570093457944
1459137526,466,248,218,0.5321888412017167
1459279278,12146,10099,2047,0.8314671496789067
1459339076,43535,24824,18711,0.5702078787182726
1459432285,361,168,193,0.46537396121883656
1459575056,864,359,505,0.41550925925925924
1459678750,2290,1269,1021,0.5541484716157206
1459816876,2341,1121,1220,0.47885519008970523
1459845096,1550,1506,44,0.9716129032258064
1459868011,116,79,37,0.6810344827586207
1459934179,8389,2214,6175,0.2639170342114674
1460021495,95,65,30,0.6842105263157895
1460025048,11565,10398,1167,0.8990920881971466
1460321916,38836,24360,14476,0.6272530641672674
1460480415,654,393,261,0.6009174311926605
1460636516,1880,996,884,0.5297872340425532
1460664296,4815,43,4772,0.008930425752855659
1460966550,8795,4937,3858,0.561341671404207
1460989835,6435,1117,5318,0.17358197358197358
1461071622,5770,2972,2798,0.5150779896013865
1461545561,758,656,102,0.8654353562005277
1461592117,2800,1684,1116,0.6014285714285714
1461659835,2458,192,2266,0.07811228641171684
1461785873,24714,15465,9249,0.6257586792910901
1461852830,6896,6594,302,0.9562064965197216
1461916522,45667,25850,19817,0.5660542623776469
1461924889,6779,3741,3038,0.5518513055022864
1462162202,38867,33766,5101,0.8687575578254045
1462245423,3171,3101,70,0.977924944812362
1462290430,1756,1229,527,0.6998861047835991
1462309200,106,91,15,0.8584905660377359
1462633892,7166,5701,1465,0.7955623778956182
1462938303,16522,5994,10528,0.3627890085946011
1463054743,12906,6010,6896,0.46567487990082135
1463115360,4326,3238,1088,0.7484974572353214
1463136995,3825,2982,843,0.779607843137255
1463271827,2298,2027,271,0.88207136640557
1463304913,504,485,19,0.9623015873015873
1463447613,28969,9788,19181,0.337878421761193
1463673707,45533,40553,4980,0.8906287747348077
1463719244,5426,1213,4213,0.22355326207150755
1463728895,2978,2511,467,0.8431833445265279
1463775767,9771,6137,3634,0.6280831030600758
1463818940,6757,5546,1211,0.8207784519757289
1464046306,7461,6429,1032,0.8616807398472055
1464061341,10545,8575,1970,0.8131816026552868
1464136554,25280,14167,11113,0.5604034810126582
1464183613,8786,3800,4986,0.4325062599590257
1464273834,23473,19874,3599,0.8466749030801346
1464281158,947,734,213,0.7750791974656811
1464418608,1147,510,637,0.44463818657367044
1464656565,20661,15225,5436,0.7368956004065631
1464782326,1006,553,453,0.5497017892644135
1464790692,5744,1770,3974,0.3081476323119777
1464811843,4870,610,4260,0.12525667351129363
1464860777,756,295,461,0.39021164021164023
1465440254,4754,1402,3352,0.2949095498527556
1465874611,1812,973,839,0.5369757174392936
1466088624,7868,5489,2379,0.6976359938993391
1466104460,6626,6288,338,0.9489888318744341
1466139401,2000,1747,253,0.8735
1466142147,13565,5223,8342,0.3850350165868043
1466178593,4592,2143,2449,0.46668118466898956
1466210634,1002,449,553,0.4481037924151697
1466287698,583,163,420,0.27958833619210977
1466524640,665,197,468,0.2962406015037594
1466542696,1033,835,198,0.8083252662149081
1466834292,744,582,162,0.782258064516129
1467363878,8761,8207,554,0.936765209450976
1467654031,2892,657,2235,0.22717842323651452
1467654184,6384,3597,2787,0.5634398496240601
1467695974,575,286,289,0.4973913043478261
1467758427,5886,199,5687,0.03380903839619436
1467782359,26085,18022,8063,0.6908951504696186
1467965969,19549,8912,10637,0.455880096168602
1467969870,1192,599,593,0.50251677852349
1468000856,7432,5147,2285,0.692545748116254
1468030528,10666,8012,2654,0.7511719482467655
1468220343,9091,8158,933,0.8973710262897371
1468411244,22837,18514,4323,0.8107019310767614
1468546663,2201,1994,207,0.9059518400726942
1468588587,3938,1633,2305,0.41467750126968006
1468600069,2549,1040,1509,0.40800313848568065
1468735442,7830,5647,2183,0.7212005108556833
1468974408,13621,10431,3190,0.7658028044930622
1469021333,22391,16758,5633,0.7484257067571792
1469115835,16010,12575,3435,0.7854465958775765
1469247977,6099,4585,1514,0.7517625840301689
1469290214,21616,19695,1921,0.9111306439674315
1469356583,6055,1872,4183,0.3091659785301404
1469361903,2178,2116,62,0.9715335169880625
1469397372,16030,11072,4958,0.6907049282595135
1469469782,475,367,108,0.7726315789473684
1469566820,40696,37133,3563,0.9124483978769412
1469975490,5561,2447,3114,0.4400287718036324
1470123548,889,484,405,0.5444319460067492
1470335203,108086,84694,23392,0.7835797420572507
1470335321,107,0,107,0.0
1470683146,3099,1286,1813,0.414972571797354
1470751664,4603,2221,2382,0.4825114056050402
1470880544,116927,89127,27800,0.7622448194172432
1470934560,2443,2120,323,0.8677855096193205
1471166537,2112,1983,129,0.9389204545454546
1471186378,480,479,1,0.9979166666666667
1471188000,81,20,61,0.24691358024691357
1471221267,16868,1966,14902,0.11655205122124733
1471462273,734,5,729,0.006811989100817439
1471525292,37109,28232,8877,0.760785793203805
1471685837,1646,1183,463,0.7187120291616039
1472395077,242,145,97,0.5991735537190083
1472492721,7477,3835,3642,0.5129062458205162
1472808361,521,355,166,0.6813819577735125
1473021655,5169,483,4686,0.0934416715031921
1473394872,549,456,93,0.8306010928961749
1473403192,6341,151,6190,0.0238132786626715
1473517113,989,552,437,0.5581395348837209
1473541309,201,97,104,0.48258706467661694
1473691036,61,9,52,0.14754098360655737
1473825311,15487,14353,1134,0.9267772970878801
1474110195,5413,3134,2279,0.5789765379641604
1474602035,13441,11839,1602,0.8808124395506287
1474615182,1713,1451,262,0.8470519556333918
1474670517,1615,105,1510,0.06501547987616099
1474827918,2938,2738,200,0.9319264805990469
1474854870,1812,1768,44,0.9757174392935982
1475233018,451,250,201,0.5543237250554324
1475513236,6784,6702,82,0.9879127358490566
1475563489,6909,6434,475,0.931249095382834
1475665799,373,41,332,0.10991957104557641
1475683449,3501,510,2991,0.1456726649528706
1475693012,457,48,409,0.1050328227571116
1475754218,38171,37202,969,0.9746142359382778
1475932940,54396,36978,17418,0.6797926318111626
1476012611,1315,447,868,0.33992395437262357
1476044124,1795,1110,685,0.6183844011142061
1476358537,208,126,82,0.6057692307692307
1476401589,135,4,131,0.02962962962962963
1476581701,398,318,80,0.7989949748743719
1476658559,10492,4342,6150,0.4138391155165841
1476812652,14604,2736,11868,0.18734593262119967
1476856018,436,208,228,0.47706422018348627
1476952448,160,105,55,0.65625
1477195088,7289,3793,3496,0.5203731650432158
1477654005,151,17,134,0.11258278145695365
1477811837,87018,51418,35600,0.5908892413063964
1477927507,967,332,635,0.34332988624612204
1477946422,1471,642,829,0.43643779741672334
1478038036,2708,2678,30,0.9889217134416544
1478295473,3637,1785,1852,0.4907891119054166
1478360676,39575,34974,4601,0.8837397346809854
1478377727,18692,5959,12733,0.31879948641129896
1478560988,273,261,12,0.9560439560439561
1478603215,384928,316368,68560,0.8218887688087123
1478752061,16290,7796,8494,0.4785758133824432
1478817287,834,205,629,0.24580335731414868
1478822614,16509,11665,4844,0.7065842873584106
1478893059,22359,4773,17586,0.21347108546893867
1479064935,152387,132653,19734,0.8705007645009089
1479110870,629,315,314,0.5007949125596184
1479163323,64068,21263,42805,0.3318817506399451
1479255085,10613,8186,2427,0.771318194666918
1479300357,6809,4821,1988,0.7080334850932589
1479317318,65029,16922,48107,0.2602223623306525
1479395868,37890,33119,4771,0.8740828714700448
1479496762,17039,10570,6469,0.6203415693409238
1479678895,85740,34544,51196,0.4028924655936552
1479923110,21513,4936,16577,0.22944266257611676
1479942356,2624,2130,494,0.8117378048780488
1480041026,157,72,85,0.4585987261146497
1480565304,4638,3983,655,0.858775334195774
1480606847,6227,4702,1525,0.7550987634494941
1480607256,8976,3056,5920,0.3404634581105169
1480622478,7145,7006,139,0.9805458362491253
1480676228,2170,9,2161,0.004147465437788019
1480864966,1300,1195,105,0.9192307692307692
1480898927,7794,3384,4410,0.4341801385681293
1481067758,217,204,13,0.9400921658986175
1481129350,1497,385,1112,0.2571810287241149
1481171778,312,70,242,0.22435897435897437
1481313276,18047,10074,7973,0.5582091206294675
1481320011,29220,24566,4654,0.84072553045859
1481415806,886,37,849,0.0417607223476298
1481432376,1409,6,1403,0.0042583392476933995
1481507887,109634,69035,40599,0.6296860462995056
1482324763,76,39,37,0.5131578947368421
1482427007,7068,5620,1448,0.7951329937747594
1482968160,8588,6830,1758,0.7952957615277131
1483216718,8424,4265,4159,0.5062915479582146
1483239185,1856,1041,815,0.5608836206896551
1483641080,9207,7605,1602,0.8260019550342131
1483871602,2721,2470,251,0.9077545020213157
1483907906,47550,31079,16471,0.6536067297581493
1483995481,2259,1598,661,0.7073926516157591
1484155452,687,682,5,0.992721979621543
1484632264,110125,109378,747,0.9932167990919409
1485025771,11193,8519,2674,0.7611006879299562
1485443606,7083,4126,2957,0.5825215304249611
1485553397,937,171,766,0.1824973319103522
1485575540,1413,796,617,0.5633404104741684
1485650639,232652,104206,128446,0.4479050255316954
1485819646,2544,684,1860,0.2688679245283019
1485901330,87358,26260,61098,0.30060212001190506
1485913983,346,203,143,0.5867052023121387
1486080658,15411,8225,7186,0.5337096878852767
1486141685,8707,270,8437,0.031009532560009188
1486151887,37102,26759,10343,0.7212279661473775
1486455964,8066,5826,2240,0.7222910984378874
1486518721,13964,13827,137,0.9901890575766256
1486981915,85038,40602,44436,0.47745713680942636
1487287004,6192,1877,4315,0.30313307493540054
1487521699,148752,109067,39685,0.7332136710766914
1487797193,569,58,511,0.10193321616871705
1487838007,2052,1631,421,0.7948343079922028
1487992005,85694,72158,13536,0.8420426167526315
1488005280,14421,11044,3377,0.7658276125095347
1488054147,6777,4329,2448,0.6387782204515272
1488209999,79812,23236,56576,0.2911341652884278
1488300121,13091,10758,2333,0.8217859598197235
1488721322,145,3,142,0.020689655172413793
1488741647,14506,8499,6007,0.58589549152075
1488821226,2549,201,2348,0.07885445272655943
1489321403,1043,646,397,0.6193672099712368
1489488915,541,489,52,0.9038817005545287
1489704457,11483,8794,2689,0.7658277453627101
1489714135,60710,47255,13455,0.778372591006424
1489747361,1929,1435,494,0.7439087610160705
1489890154,40720,35453,5267,0.8706532416502947
1489900933,647,259,388,0.40030911901081917
1489922809,21262,18539,2723,0.871931144765309
1490042665,1148,677,471,0.5897212543554007
1490169257,22956,19179,3777,0.8354678515420805
1490249280,1282,1016,266,0.7925117004680188
1490461830,46367,37028,9339,0.7985852006815192
1490840037,13149,9978,3171,0.7588409765001141
1490850676,2833,2284,549,0.8062124955877162
1491203710,3528,2353,1175,0.6669501133786848
1491231580,47250,38005,9245,0.8043386243386244
1491550805,1446,1011,435,0.6991701244813278
1491999001,37549,20269,17280,0.539801326267011
1492009606,6412,5611,801,0.8750779787897692
1492161024,13132,3317,9815,0.25258909533962837
1492455001,15802,10388,5414,0.657385141121377
1492916402,2170,1218,952,0.5612903225806452
1493044122,7349,2350,4999,0.31977139746904343
1493064098,51965,44516,7449,0.8566535167901472
1493068135,200169,345,199824,0.001723543605653223
1493122667,1163,1108,55,0.9527085124677558
1493255982,8899,8243,656,0.9262838521182155
1493330534,3401,3077,324,0.9047339017935901
1493476359,3244,469,2775,0.14457459926017263
1493654247,702,120,582,0.17094017094017094
1493663793,1680,6,1674,0.0035714285714285713
1493987981,1753,80,1673,0.045636052481460354
1494166827,27682,10423,17259,0.3765262625532837
1494421093,4412,3315,1097,0.7513599274705349
1494466462,754,749,5,0.993368700265252
1494750614,55,29,26,0.5272727272727272
1494993138,19076,2571,16505,0.13477668274271334
1495070741,1555,396,1159,0.2546623794212219
1495095481,4964,4752,212,0.9572925060435133
1495095982,44744,32381,12363,0.7236947970677633
1495236904,2714,1594,1120,0.5873249815770081
1495275257,4931,4611,320,0.9351044412897992
1495318555,232,179,53,0.771551724137931
1495354288,2049,1592,457,0.7769643728648121
1495468162,21287,5579,15708,0.26208484051298914
1495536617,623,6,617,0.009630818619582664
1495797634,1013,565,448,0.5577492596248766
1495826771,200,174,26,0.87
1495891440,3185,2326,859,0.7302982731554161
1496021132,86245,69205,17040,0.8024233288886312
1496273363,35042,32611,2431,0.9306261058158781
1496593550,7188,5385,1803,0.7491652754590985
1496612390,32487,29476,3011,0.9073167728629914
1496801217,15677,3953,11724,0.2521528353639089
1496806177,2742,2133,609,0.7778993435448578
1496818300,1908,900,1008,0.4716981132075472
1496845425,179,79,100,0.441340782122905
1497113166,1477,1054,423,0.7136086662153013
1497326411,25168,20562,4606,0.8169898283534647
1497530566,1596,841,755,0.5269423558897243
1497596394,1739,701,1038,0.4031052328924669
1497605959,16385,11777,4608,0.7187671650900214
1497612887,2328,1572,756,0.6752577319587629
1497672398,17304,10421,6883,0.6022306981044845
1497907123,1038,486,552,0.4682080924855491
1498184348,2718,1691,1027,0.6221486387049301
1498208530,834,557,277,0.6678657074340527
1498293376,9988,3430,6558,0.3434120945134161
1498311237,2753,2045,708,0.7428260079912823
1498545539,3638,3096,542,0.8510170423309511
1498607900,91653,58341,33312,0.6365421753788747
1498653424,25854,23645,2209,0.914558675640133
1498727589,12840,6540,6300,0.5093457943925234
1498787998,637,492,145,0.7723704866562009
1498916392,1567,318,1249,0.20293554562858968
1498916942,13413,10895,2518,0.8122716767315291
1499188491,19411,6582,12829,0.33908608520941735
1499215170,3514,3067,447,0.8727945361411497
1499540819,159,15,144,0.09433962264150944
1499609071,306,251,55,0.8202614379084967
1499651664,3543,2349,1194,0.6629974597798476
1499765413,1784,572,1212,0.32062780269058294
1500040938,206,108,98,0.5242718446601942
1500474035,5999,3052,2947,0.5087514585764294
1504007138,101867,79986,21881,0.785200310208409
1508868805,9652,7662,1990,0.7938251139660174
1509045090,13308,10999,2309,0.8264953411481816
1511136629,102571,75299,27272,0.7341158807070225
1512051177,44389,41869,2520,0.943229178400054
1514704000,14043,10879,3164,0.7746920173752048
1515003962,2226,1837,389,0.8252470799640611
1515049139,132,80,52,0.6060606060606061
1515227707,5436,4168,1268,0.7667402501839587
1516246918,5915,3076,2839,0.5200338123415047
1516293284,5541,4423,1118,0.7982313661793901
1516772908,22040,3563,18477,0.1616606170598911
1517200518,2342,2323,19,0.9918872758326217
1518149721,5300,1554,3746,0.29320754716981134
1519022688,8384,4591,3793,0.5475906488549618
1520379982,1007,920,87,0.913604766633565
1520462900,351,349,2,0.9943019943019943
1521705393,3387,1282,2105,0.3785060525538825
1522046510,20281,20114,167,0.9917656920270204
1523797912,1617,1402,215,0.8670377241805813
1524531854,18895,17668,1227,0.9350621857634295
1527548032,935,473,462,0.5058823529411764
1529387673,22709,2079,20630,0.09154960588313003
1531511020,5174,2503,2671,0.48376497873985314
1532158045,29462,26254,3208,0.8911139773267259
1532437774,6282,5386,896,0.8573702642470551
1534855355,1395,1286,109,0.9218637992831541
1535645774,17443,7118,10325,0.4080720059622771
1535994365,12107,7952,4155,0.6568101098538036
1536197146,9988,6133,3855,0.6140368442130557
1536581236,997,814,183,0.8164493480441324
1537745143,142,5,137,0.035211267605633804
1537965293,8672,7235,1437,0.8342942804428044
1538746010,324,125,199,0.38580246913580246
1538928996,3808,3203,605,0.8411239495798319
1539849619,200,184,16,0.92
1540105977,7472,6917,555,0.9257226980728052
1541543072,88845,24833,64012,0.2795092576959874
1541614655,1798,1629,169,0.9060066740823137
1541935041,15382,35,15347,0.002275386815758679
1542014954,2492,2492,0,1.0
1542499563,32706,17112,15594,0.5232067510548524
1542629620,7018,6709,309,0.9559703619264748
1542733510,1971,1786,185,0.9061390157280568
1543264550,1167,1014,153,0.8688946015424165
1544344210,408,352,56,0.8627450980392157
1546197499,1175,1021,154,0.8689361702127659
1546420209,6836,6125,711,0.8959918080748976
1547364116,1521,974,547,0.6403681788297173
1547705878,2176,691,1485,0.31755514705882354
1548265392,218,199,19,0.9128440366972477
1549783982,2535,2195,340,0.8658777120315582
1550066550,587,261,326,0.444633730834753
1553093302,15290,13556,1734,0.886592544146501
1555068002,2717,1761,956,0.6481413323518587
1555746538,8671,1027,7644,0.1184407796101949
1556130959,2072,1965,107,0.9483590733590733
1556954871,25002,14209,10793,0.5683145348372131
1558277788,6791,5652,1139,0.8322780150198793
1558475195,915,471,444,0.5147540983606558
1558929124,381,325,56,0.8530183727034121
1559045839,3625,1238,2387,0.34151724137931033
1559429435,4141,2998,1143,0.7239797150446752
1559525187,2525,1621,904,0.641980198019802
1559808338,4215,3969,246,0.9416370106761566
1562090260,9800,6939,2861,0.7080612244897959
1562358955,642,518,124,0.8068535825545171
1562741432,348,307,41,0.882183908045977
1563429757,13325,10171,3154,0.7633020637898686
1565738950,731,531,200,0.7264021887824897
1567256039,388,128,260,0.32989690721649484
1568299437,819702,507529,312173,0.6191628177069227
1569196129,118,112,6,0.9491525423728814
1569281778,577,447,130,0.7746967071057193
1570578315,1529,1427,102,0.9332897318508829
1570785910,7219,171,7048,0.023687491342291176
1571752736,14043,10987,3056,0.7823826817631561
1573747011,456,323,133,0.7083333333333334
1576901472,869,680,189,0.7825086306098964
1577915602,108,107,1,0.9907407407407407
1578676172,8427,8406,21,0.9975080099679601
1579971834,1586,1064,522,0.6708701134930644
1581294490,29900,23865,6035,0.7981605351170569
1581680283,3670,2123,1547,0.5784741144414169
1582057915,581,499,82,0.8588640275387264
1583892642,14862,14078,784,0.9472480150719957
1584040137,5716,5341,375,0.9343946815955213
1584435838,6641,2487,4154,0.37449179340460775
1584437600,110749,84124,26625,0.7595915087269411
1585211002,34316,25839,8477,0.752972374402611
1586823404,51334,23594,27740,0.4596174075661355
1589085724,6279,2521,3758,0.4014970536709667
1589363413,4484,3708,776,0.8269402319357716
1591197627,70984,30311,40673,0.42701172095120027
1592308283,118587,20417,98170,0.172168956125039
1592537641,733,201,532,0.2742155525238745
1597379203,182,164,18,0.9010989010989011
1599096866,6681,6051,630,0.9057027391109116
1599762615,786,540,246,0.6870229007633588
1603229799,20334,2019,18315,0.09929182649749188
1604325995,11218,6215,5003,0.5540203244785167
1605111323,137,78,59,0.5693430656934306
1606310405,370,347,23,0.9378378378378378
1610133347,1140,774,366,0.6789473684210526
1612942762,296,177,119,0.597972972972973
1613807751,4130,3282,848,0.7946731234866828
1614454414,71991,63099,8892,0.8764845605700713
1616982609,24957,13667,11290,0.5476219096846576
1618441335,456,451,5,0.9890350877192983
1618458375,1130,571,559,0.5053097345132743
1618490690,24916,19853,5063,0.7967972387221063
1619224968,2025,2024,1,0.9995061728395062
1626891991,86492,76684,9808,0.8866022291078943
1627504118,38384,32105,6279,0.8364162150896207
1628430056,1936,1687,249,0.8713842975206612
1630846719,12663,9390,3273,0.7415304430229803
1634081525,435,179,256,0.4114942528735632
1635801923,1554,653,901,0.4202059202059202
1642737506,1548,1336,212,0.8630490956072352
1643150684,21330,19004,2326,0.8909517112048757
1643155909,126,117,9,0.9285714285714286
1644112369,6564,3439,3125,0.5239183424741012
1645943207,1746,639,1107,0.36597938144329895
1649419776,1901,1338,563,0.7038400841662283
1649461467,196,186,10,0.9489795918367347
1651473247,512,476,36,0.9296875
1652565388,59468,50763,8705,0.8536187529427591
1652697485,3331,2939,392,0.8823176223356349
1658077441,71237,50658,20579,0.7111192217527409
1664084313,6050,4485,1565,0.7413223140495868
1665225484,1745,1037,708,0.594269340974212
1666206036,1048,1008,40,0.9618320610687023
1674326779,106,83,23,0.7830188679245284
1674527194,2404,1454,950,0.6048252911813644
1675827569,34339,19181,15158,0.5585777104749702
1676452098,6432,2578,3854,0.4008084577114428
1676676750,205,89,116,0.43414634146341463
1677808875,3022,467,2555,0.15453342157511582
1677933335,616,419,197,0.6801948051948052
1681539189,21439,1214,20225,0.05662577545594477
1681693213,907,325,582,0.35832414553472985
1683530044,10085,9616,469,0.953495290034705
1687072719,33075,32136,939,0.971609977324263
1687160019,729,365,364,0.5006858710562414
1688888932,1345,1237,108,0.9197026022304833
1692538789,35888,33501,2387,0.9334875167186804
1693088905,11440,6640,4800,0.5804195804195804
1696028397,12876,7638,5238,0.5931966449207828
1697854815,317,250,67,0.7886435331230284
1699380489,126,92,34,0.7301587301587301
1700324956,5662,3407,2255,0.6017308371600141
1701029712,8171,762,7409,0.09325663933423081
1705991854,269,202,67,0.7509293680297398
1706769109,10703,9252,1451,0.8644305334952816
1715258620,29348,7078,22270,0.2411748671118986
1719093942,1101,9,1092,0.008174386920980926
1719767502,119,117,2,0.9831932773109243
1720227561,107889,87044,20845,0.806792166022486
1723335056,1544,1527,17,0.9889896373056994
1730514183,4051,3840,211,0.9479140952851148
1731534148,2366,419,1947,0.17709213863060017
1732668640,17904,15731,2173,0.8786304736371761
1735073146,121,39,82,0.32231404958677684
1746566520,705,536,169,0.7602836879432624
1746608515,28625,25251,3374,0.8821310043668122
1747837903,76233,56248,19985,0.7378431912688731
1748178076,8301,7165,1136,0.8631490181905794
1750940510,18486,17394,1092,0.9409282700421941
1753205724,1138,595,543,0.5228471001757469
1755385282,1598,1545,53,0.9668335419274092
1756389318,1847,1256,591,0.6800216567406605
1761523256,77748,71601,6147,0.9209368729742244
1763299159,990,750,240,0.7575757575757576
1763602936,1627,128,1499,0.07867240319606637
1765645882,9121,4414,4707,0.483938164674926
1765825744,1014,1,1013,0.0009861932938856016
1767818116,10487,9216,1271,0.8788023266901879
1769085915,1859,1331,528,0.7159763313609467
1769678089,349,295,54,0.8452722063037249
1778293208,31769,23680,8089,0.7453807170512134
1778660986,28789,20247,8542,0.703289450831915
1779896196,39080,38215,865,0.9778659160696008
1780534507,554,417,137,0.7527075812274369
1780763160,3809,2691,1118,0.7064846416382252
1781994381,12710,10719,1991,0.843351691581432
1783254726,1044,516,528,0.4942528735632184
1783604340,79,79,0,1.0
1783657847,3941,1386,2555,0.35168738898756663
1783996031,92114,84821,7293,0.920826367327442
1785072339,1172,830,342,0.7081911262798635
1785348100,2073,2037,36,0.9826338639652678
1787169227,814,648,166,0.7960687960687961
1787326876,70,50,20,0.7142857142857143
1788761034,289,283,6,0.9792387543252595
1790950810,1071,700,371,0.6535947712418301
1796837746,659,650,9,0.9863429438543247
1803860794,840,548,292,0.6523809523809524
1817069759,2084,358,1726,0.17178502879078694
1834092388,739,429,310,0.5805142083897158
1835616727,1307,126,1181,0.09640397857689365
1844042951,454,341,113,0.751101321585903
1844849032,217,127,90,0.5852534562211982
1846264600,10427,9957,470,0.9549247146830344
1847057746,326,166,160,0.50920245398773
1850597477,958,201,757,0.20981210855949894
1864252366,1870,849,1021,0.4540106951871658
1869389697,2789,1569,1220,0.562567228397275
1876400895,9754,6193,3561,0.6349190075866311
1877153947,2735,439,2296,0.16051188299817185
1880344168,2237,2148,89,0.9602145730889584
1881853939,217,199,18,0.9170506912442397
1886932247,15825,12595,3230,0.7958925750394945
1893003453,5604,4108,1496,0.7330478229835832
1915109557,19553,18191,1362,0.9303431698460595
1920884197,6462,4536,1926,0.7019498607242339
1933031590,174,14,160,0.08045977011494253
1941055939,8032,4430,3602,0.5515438247011952
1951441020,8523,3959,4564,0.4645078024169893
1973715270,1222,659,563,0.5392798690671031
1979404873,146,39,107,0.2671232876712329
1984820851,2285,1085,1200,0.474835886214442
1986323502,839,725,114,0.8641239570917759
1987884903,3379,3199,180,0.9467298017164841
1991362158,19651,19533,118,0.9939952165284209
2024437966,247,95,152,0.38461538461538464
2047561996,18025,14839,3186,0.823245492371706
2049921474,6072,1930,4142,0.3178524374176548
2056434975,223,221,2,0.9910313901345291
2073194061,2068,1593,475,0.7703094777562862
2075837098,4330,2695,1635,0.6224018475750578
2086900468,2856,1185,1671,0.41491596638655465
2095436941,933,394,539,0.42229367631296894
2122444162,247,226,21,0.9149797570850202
2123793644,1205,1127,78,0.9352697095435685
2134420339,7319,2041,5278,0.27886323268206037
2154173789,607,599,8,0.9868204283360791
2156398839,6651,3860,2791,0.5803638550593896
2178142102,6071,5878,193,0.9682095206720475
2202863806,14423,6927,7496,0.4802745614643278
2208369146,140,81,59,0.5785714285714286
2222387004,6098,4779,1319,0.7836995736306986
2247571137,3261,2786,475,0.8543391597669426
2282451544,2394,736,1658,0.30743525480367584
2408738478,4636,3925,711,0.846635030198447
2412551415,111202,52484,58718,0.47196992859840653
2435176512,97,70,27,0.7216494845360825
2468200609,226,210,16,0.9292035398230089
2483373024,1473,798,675,0.5417515274949084
2510888328,801,520,281,0.6491885143570537
2556575277,1960,1953,7,0.9964285714285714
2609522784,2929,2489,440,0.8497780812564015
2656415893,1651,1273,378,0.7710478497880072
3112062916,2949,1717,1232,0.5822312648355374
